Order_ID,Order_Date,Product,Category,Region,State,Customer_Segment,Quantity,Unit_Price,Sales,Discount,Profit
ORD10001,2023-04-08,Backpack,Accessories,East,Odisha,Small Business,1,1519.05,1215.24,0.2,221.07
ORD10002,2025-02-03,Notebook,Office Supplies,West,Gujarat,Consumer,1,374.62,318.43,0.15,65.12
ORD10003,2024-03-17,Backpack,Accessories,East,Odisha,Consumer,1,1661.92,1412.63,0.15,260.28
ORD10004,2024-08-30,Smartphone,Electronics,West,Rajasthan,Small Business,2,27653.85,49776.94,0.1,6357.41
ORD10005,2024-02-03,Office Chair,Furniture,South,Telangana,Consumer,4,9956.32,31860.23,0.2,4916.55
ORD10006,2025-01-18,Tablet,Electronics,South,Telangana,Consumer,3,23781.22,67776.48,0.05,8413.28
ORD10007,2024-09-10,Notebook,Office Supplies,West,Gujarat,Small Business,4,365.21,1241.71,0.15,257.01
ORD10008,2025-02-06,Tablet,Electronics,South,Karnataka,Corporate,2,24429.3,48858.61,0.0,6889.73
ORD10009,2025-05-23,Backpack,Accessories,West,Gujarat,Corporate,2,1732.27,3118.08,0.1,579.57
ORD10010,2025-05-05,Headphones,Electronics,North,Punjab,Consumer,4,3028.8,10903.67,0.1,1476.81
ORD10011,2024-09-11,Desk,Furniture,North,Punjab,Consumer,4,11556.14,46224.57,0.0,8187.78
ORD10012,2023-02-03,Mouse,Electronics,West,Maharashtra,Consumer,2,935.8,1778.01,0.05,261.11
ORD10013,2023-05-19,Desk,Furniture,East,Bihar,Corporate,3,12438.5,37315.51,0.0,6513.58
ORD10014,2024-03-21,Smartphone,Electronics,North,Haryana,Consumer,4,26948.54,97014.74,0.1,13602.55
ORD10015,2024-06-29,Notebook,Office Supplies,South,Tamil Nadu,Consumer,2,347.77,660.76,0.05,127.39
ORD10016,2023-11-27,Keyboard,Electronics,North,Punjab,Small Business,5,1669.61,7930.65,0.05,1237.09
ORD10017,2023-10-16,Backpack,Accessories,South,Karnataka,Consumer,4,1663.2,5654.87,0.15,1117.43
ORD10018,2023-10-26,Notebook,Office Supplies,North,Haryana,Corporate,2,333.36,566.72,0.15,115.94
ORD10019,2024-06-24,Notebook,Office Supplies,East,Odisha,Corporate,1,343.3,343.3,0.0,76.45
ORD10020,2024-10-02,Backpack,Accessories,North,Delhi,Consumer,3,1851.39,5554.17,0.0,1011.79
ORD10021,2025-05-19,Headphones,Electronics,South,Karnataka,Corporate,3,3677.84,11033.53,0.0,1301.27
ORD10022,2024-01-16,Office Chair,Furniture,South,Tamil Nadu,Consumer,4,9857.78,37459.55,0.05,6807.01
ORD10023,2023-06-26,Desk,Furniture,East,Odisha,Consumer,5,11601.26,55105.97,0.05,9554.72
ORD10024,2023-12-30,Keyboard,Electronics,West,Maharashtra,Consumer,5,1650.87,8254.33,0.0,1095.39
ORD10025,2023-05-11,Monitor,Electronics,North,Punjab,Corporate,5,16179.29,68761.97,0.15,7682.49
ORD10026,2025-04-22,Headphones,Electronics,North,Delhi,Consumer,3,3270.01,8338.53,0.15,966.9
ORD10027,2023-08-11,Mouse,Electronics,East,West Bengal,Corporate,5,852.86,4264.28,0.0,567.9
ORD10028,2023-10-08,Monitor,Electronics,South,Karnataka,Small Business,5,16894.91,71803.37,0.15,9170.76
ORD10029,2023-05-08,Desk,Furniture,South,Telangana,Corporate,2,13062.04,26124.07,0.0,5304.14
ORD10030,2024-12-26,Keyboard,Electronics,South,Telangana,Consumer,5,2037.73,8660.37,0.15,1098.2
ORD10031,2025-03-29,Headphones,Electronics,South,Tamil Nadu,Small Business,1,3249.48,2924.53,0.1,371.65
ORD10032,2023-08-04,Office Chair,Furniture,East,Odisha,Consumer,1,9457.09,9457.09,0.0,1793.62
ORD10033,2025-11-28,Smartphone,Electronics,South,Tamil Nadu,Corporate,4,26032.94,88511.99,0.15,12678.33
ORD10034,2024-09-28,Smartphone,Electronics,East,Bihar,Consumer,1,29094.27,27639.56,0.05,3636.95
ORD10035,2023-05-25,Office Chair,Furniture,East,Odisha,Small Business,3,8026.76,24080.28,0.0,4422.04
ORD10036,2023-11-10,Smartphone,Electronics,East,Bihar,Consumer,1,28511.23,22808.99,0.2,3516.07
ORD10037,2023-07-18,Mouse,Electronics,East,Bihar,Consumer,4,922.72,3690.89,0.0,476.36
ORD10038,2025-05-10,Monitor,Electronics,West,Gujarat,Corporate,2,13725.1,23332.67,0.15,3795.42
ORD10039,2023-11-14,Keyboard,Electronics,North,Punjab,Consumer,1,1546.89,1469.54,0.05,247.53
ORD10040,2024-12-15,Monitor,Electronics,North,Haryana,Small Business,4,18486.08,73944.32,0.0,9943.76
ORD10041,2024-01-28,Smartphone,Electronics,North,Haryana,Consumer,5,29741.24,148706.18,0.0,19979.81
ORD10042,2023-06-07,Desk,Furniture,North,Punjab,Consumer,1,11744.27,11744.27,0.0,2016.14
ORD10043,2024-04-15,Printer,Office Supplies,East,Bihar,Consumer,5,14059.53,59753.02,0.15,11513.01
ORD10044,2023-12-15,Desk,Furniture,North,Punjab,Consumer,1,14009.44,12608.5,0.1,2229.03
ORD10045,2023-11-06,Laptop,Electronics,North,Punjab,Corporate,5,56955.15,284775.77,0.0,41919.61
ORD10046,2023-04-22,Notebook,Office Supplies,North,Haryana,Small Business,5,318.91,1355.36,0.15,281.18
ORD10047,2024-11-19,Printer,Office Supplies,East,Bihar,Consumer,5,14170.87,60226.2,0.15,9937.33
ORD10048,2024-08-10,Backpack,Accessories,South,Karnataka,Consumer,4,1746.44,6636.49,0.05,1326.77
ORD10049,2024-10-24,Headphones,Electronics,South,Tamil Nadu,Consumer,4,3482.83,12538.19,0.1,1604.68
ORD10050,2023-12-25,Backpack,Accessories,West,Rajasthan,Consumer,5,1969.55,8862.96,0.1,1915.81
ORD10051,2024-06-20,Printer,Office Supplies,North,Haryana,Corporate,4,13218.89,47587.99,0.1,9104.79
ORD10052,2024-11-24,Printer,Office Supplies,East,Odisha,Consumer,5,15311.8,76558.98,0.0,18933.78
ORD10053,2024-09-28,Smartphone,Electronics,East,Bihar,Consumer,5,26839.05,120775.74,0.1,17218.15
ORD10054,2025-11-16,Mouse,Electronics,West,Rajasthan,Consumer,5,812.41,4062.04,0.0,587.7
ORD10055,2023-05-22,Desk,Furniture,North,Punjab,Consumer,4,12069.15,43448.95,0.1,8483.11
ORD10056,2024-07-26,Headphones,Electronics,East,West Bengal,Consumer,5,3057.15,15285.77,0.0,2224.47
ORD10057,2025-03-09,Office Chair,Furniture,West,Rajasthan,Corporate,4,8658.36,31170.09,0.1,5456.48
ORD10058,2024-01-01,Backpack,Accessories,South,Tamil Nadu,Consumer,2,1855.21,3153.85,0.15,533.39
ORD10059,2025-03-19,Keyboard,Electronics,North,Haryana,Corporate,5,1829.13,8688.38,0.05,1187.45
ORD10060,2025-10-23,Printer,Office Supplies,West,Maharashtra,Small Business,4,14620.61,49710.08,0.15,9963.02
ORD10061,2023-05-15,Smartphone,Electronics,South,Tamil Nadu,Corporate,3,30933.39,78880.15,0.15,8734.03
ORD10062,2023-01-14,Mouse,Electronics,South,Telangana,Consumer,3,937.74,2531.9,0.1,283.09
ORD10063,2024-03-04,Mouse,Electronics,North,Haryana,Consumer,4,950.54,3041.73,0.2,353.04
ORD10064,2025-07-06,Smartphone,Electronics,East,Odisha,Small Business,1,29187.34,29187.34,0.0,4007.59
ORD10065,2025-07-25,Backpack,Accessories,West,Maharashtra,Small Business,2,1761.72,3523.44,0.0,748.53
ORD10066,2024-12-20,Backpack,Accessories,East,Bihar,Consumer,5,1463.96,7319.8,0.0,1546.24
ORD10067,2025-11-27,Mouse,Electronics,North,Haryana,Corporate,5,895.02,4475.11,0.0,619.93
ORD10068,2025-07-07,Desk,Furniture,East,Odisha,Small Business,4,11429.38,41145.75,0.1,6487.78
ORD10069,2023-01-18,Monitor,Electronics,North,Haryana,Small Business,4,15471.39,55697.01,0.1,7804.29
ORD10070,2024-11-01,Headphones,Electronics,West,Gujarat,Consumer,4,3330.6,13322.4,0.0,1651.36
ORD10071,2024-10-10,Office Chair,Furniture,East,Bihar,Corporate,5,8746.11,37170.95,0.15,5997.84
ORD10072,2024-09-19,Office Chair,Furniture,East,Odisha,Corporate,4,9257.92,37031.69,0.0,6592.86
ORD10073,2025-01-27,Keyboard,Electronics,West,Gujarat,Consumer,5,1823.07,8659.57,0.05,1072.19
ORD10074,2023-05-27,Backpack,Accessories,East,Odisha,Consumer,4,1679.99,6719.98,0.0,1135.04
ORD10075,2024-10-21,Monitor,Electronics,West,Maharashtra,Consumer,3,16327.19,44083.42,0.1,6093.02
ORD10076,2024-06-03,Printer,Office Supplies,East,Odisha,Corporate,4,14693.47,52896.5,0.1,11899.48
ORD10077,2023-08-04,Office Chair,Furniture,East,Odisha,Consumer,5,9474.59,40266.99,0.15,7055.25
ORD10078,2024-07-15,Tablet,Electronics,East,Bihar,Corporate,3,24826.18,63306.76,0.15,8830.27
ORD10079,2025-08-09,Tablet,Electronics,West,Maharashtra,Consumer,3,23407.35,66710.94,0.05,7273.42
ORD10080,2024-01-02,Tablet,Electronics,North,Punjab,Small Business,5,26618.62,133093.08,0.0,17196.66
ORD10081,2025-01-02,Smartphone,Electronics,East,Odisha,Small Business,1,28974.14,27525.43,0.05,3949.24
ORD10082,2025-12-27,Smartphone,Electronics,East,Bihar,Corporate,2,27807.13,55614.27,0.0,8073.51
ORD10083,2024-05-26,Smartphone,Electronics,East,West Bengal,Small Business,5,25826.87,109764.18,0.15,16413.78
ORD10084,2025-12-20,Printer,Office Supplies,North,Punjab,Consumer,3,15629.65,42200.06,0.1,8983.27
ORD10085,2024-06-09,Office Chair,Furniture,West,Maharashtra,Consumer,2,8807.59,17615.17,0.0,3339.17
ORD10086,2025-09-21,Headphones,Electronics,South,Karnataka,Consumer,3,3279.76,9839.28,0.0,1255.56
ORD10087,2025-07-25,Printer,Office Supplies,East,Odisha,Corporate,4,14227.79,54065.62,0.05,12170.32
ORD10088,2025-04-16,Tablet,Electronics,South,Karnataka,Consumer,5,24569.12,104418.77,0.15,13385.82
ORD10089,2024-04-17,Tablet,Electronics,South,Tamil Nadu,Small Business,2,22293.51,42357.67,0.05,5994.22
ORD10090,2024-01-09,Printer,Office Supplies,East,Odisha,Consumer,1,14828.14,14828.14,0.0,3116.97
ORD10091,2025-01-27,Office Chair,Furniture,South,Telangana,Corporate,3,8678.18,23431.1,0.1,4073.44
ORD10092,2023-01-09,Notebook,Office Supplies,West,Rajasthan,Consumer,4,342.93,1165.96,0.15,195.12
ORD10093,2023-11-09,Mouse,Electronics,East,Bihar,Small Business,1,1043.81,991.62,0.05,122.9
ORD10094,2023-05-06,Mouse,Electronics,East,Odisha,Small Business,5,917.93,4130.69,0.1,447.04
ORD10095,2023-11-23,Laptop,Electronics,East,Bihar,Consumer,5,53005.3,212021.22,0.2,28353.84
ORD10096,2025-12-16,Laptop,Electronics,West,Gujarat,Corporate,1,49351.68,41948.93,0.15,5912.45
ORD10097,2023-09-19,Laptop,Electronics,North,Punjab,Consumer,2,52978.75,95361.75,0.1,13321.54
ORD10098,2023-04-30,Laptop,Electronics,West,Rajasthan,Small Business,4,53005.24,212020.96,0.0,34298.14
ORD10099,2023-09-14,Tablet,Electronics,South,Telangana,Corporate,2,24904.58,47318.71,0.05,6166.83
ORD10100,2025-01-12,Printer,Office Supplies,East,West Bengal,Small Business,2,15804.25,26867.22,0.15,5304.15
ORD10101,2025-02-16,Printer,Office Supplies,South,Tamil Nadu,Consumer,3,12753.01,38259.02,0.0,8717.99
ORD10102,2025-08-29,Office Chair,Furniture,East,Odisha,Small Business,5,8616.93,40930.43,0.05,7096.11
ORD10103,2023-05-11,Desk,Furniture,North,Haryana,Corporate,4,12157.82,41336.57,0.15,8028.28
ORD10104,2024-10-14,Keyboard,Electronics,North,Delhi,Consumer,2,1884.57,3769.13,0.0,478.55
ORD10105,2025-11-21,Printer,Office Supplies,West,Gujarat,Consumer,5,13980.33,62911.48,0.1,12825.44
ORD10106,2025-11-17,Keyboard,Electronics,West,Gujarat,Consumer,2,1869.42,3364.95,0.1,318.08
ORD10107,2023-08-25,Printer,Office Supplies,East,Odisha,Consumer,5,14936.1,74680.52,0.0,19098.73
ORD10108,2023-09-22,Laptop,Electronics,East,West Bengal,Corporate,4,55397.79,210511.59,0.05,32687.37
ORD10109,2024-10-07,Notebook,Office Supplies,South,Karnataka,Small Business,2,336.59,605.85,0.1,140.24
ORD10110,2025-05-13,Office Chair,Furniture,East,West Bengal,Corporate,5,8332.88,41664.41,0.0,6092.31
ORD10111,2025-03-21,Smartphone,Electronics,South,Telangana,Consumer,3,25950.05,70065.14,0.1,10488.36
ORD10112,2023-03-13,Laptop,Electronics,North,Haryana,Consumer,1,56364.56,50728.11,0.1,6053.96
ORD10113,2025-12-06,Monitor,Electronics,South,Tamil Nadu,Consumer,1,15842.0,13465.7,0.15,1741.37
ORD10114,2023-01-02,Smartphone,Electronics,East,West Bengal,Consumer,3,29536.08,79747.41,0.1,9383.54
ORD10115,2024-08-03,Monitor,Electronics,North,Delhi,Consumer,5,13892.54,69462.68,0.0,10019.21
ORD10116,2024-06-09,Headphones,Electronics,West,Gujarat,Consumer,1,3625.39,3625.39,0.0,537.4
ORD10117,2023-12-16,Smartphone,Electronics,North,Haryana,Consumer,5,29807.7,149038.49,0.0,15841.45
ORD10118,2023-07-26,Office Chair,Furniture,North,Delhi,Corporate,3,7235.31,21705.94,0.0,4210.14
ORD10119,2024-08-07,Printer,Office Supplies,South,Telangana,Corporate,5,14012.83,59554.51,0.15,11212.56
ORD10120,2025-07-26,Mouse,Electronics,East,Bihar,Consumer,5,833.7,3960.07,0.05,578.54
ORD10121,2023-05-04,Printer,Office Supplies,South,Telangana,Consumer,4,14713.34,58853.34,0.0,11373.16
ORD10122,2023-12-15,Keyboard,Electronics,North,Haryana,Corporate,1,2042.18,1837.96,0.1,281.92
ORD10123,2023-05-17,Tablet,Electronics,North,Punjab,Consumer,4,21900.53,87602.14,0.0,12343.65
ORD10124,2023-06-07,Smartphone,Electronics,West,Maharashtra,Consumer,1,32026.54,28823.88,0.1,3838.53
ORD10125,2024-09-19,Tablet,Electronics,North,Haryana,Corporate,1,23709.98,23709.98,0.0,2874.72
ORD10126,2024-11-12,Smartphone,Electronics,South,Tamil Nadu,Small Business,4,27725.19,99810.67,0.1,14860.65
ORD10127,2025-07-17,Tablet,Electronics,West,Maharashtra,Corporate,1,24661.64,22195.48,0.1,3380.59
ORD10128,2024-08-29,Backpack,Accessories,East,West Bengal,Small Business,4,1754.05,6314.58,0.1,1180.63
ORD10129,2023-02-08,Backpack,Accessories,South,Tamil Nadu,Consumer,5,1844.85,8763.03,0.05,1740.88
ORD10130,2023-04-14,Office Chair,Furniture,North,Punjab,Consumer,5,9477.69,40280.18,0.15,6898.9
ORD10131,2023-09-25,Headphones,Electronics,South,Tamil Nadu,Corporate,4,3508.66,12631.16,0.1,1909.99
ORD10132,2025-08-20,Printer,Office Supplies,East,Odisha,Corporate,4,12736.89,43305.41,0.15,8323.59
ORD10133,2025-08-01,Backpack,Accessories,East,West Bengal,Consumer,3,1751.62,4203.9,0.2,758.95
ORD10134,2025-03-25,Backpack,Accessories,East,Bihar,Consumer,5,1852.63,8336.83,0.1,1690.45
ORD10135,2024-02-26,Keyboard,Electronics,North,Punjab,Small Business,3,1930.84,5502.89,0.05,774.14
ORD10136,2024-05-27,Backpack,Accessories,North,Delhi,Corporate,1,1521.08,1216.86,0.2,201.11
ORD10137,2023-08-06,Smartphone,Electronics,South,Karnataka,Small Business,2,29861.51,59723.02,0.0,7996.66
ORD10138,2023-11-01,Laptop,Electronics,South,Tamil Nadu,Consumer,2,47807.17,76491.46,0.2,9710.21
ORD10139,2025-01-08,Office Chair,Furniture,West,Maharashtra,Consumer,1,8429.67,7165.22,0.15,1217.25
ORD10140,2023-11-20,Smartphone,Electronics,West,Gujarat,Small Business,5,25550.95,127754.77,0.0,20271.39
ORD10141,2023-09-01,Desk,Furniture,South,Telangana,Small Business,4,11464.58,45858.32,0.0,8281.04
ORD10142,2024-11-06,Office Chair,Furniture,North,Delhi,Corporate,5,7913.62,37589.71,0.05,5731.13
ORD10143,2025-07-04,Keyboard,Electronics,North,Haryana,Corporate,1,1710.4,1710.4,0.0,233.67
ORD10144,2023-08-15,Notebook,Office Supplies,North,Punjab,Small Business,2,328.95,625.01,0.05,139.27
ORD10145,2023-07-23,Headphones,Electronics,West,Rajasthan,Small Business,3,3230.38,8722.03,0.1,1338.41
ORD10146,2025-08-16,Monitor,Electronics,North,Delhi,Small Business,1,15143.07,13628.76,0.1,1778.66
ORD10147,2023-11-06,Office Chair,Furniture,South,Tamil Nadu,Corporate,5,8551.49,42757.43,0.0,7983.87
ORD10148,2024-04-21,Smartphone,Electronics,South,Karnataka,Consumer,5,29320.59,146602.93,0.0,20331.16
ORD10149,2025-08-16,Laptop,Electronics,South,Telangana,Small Business,1,54041.59,51339.51,0.05,7230.68
ORD10150,2023-12-19,Desk,Furniture,East,Odisha,Small Business,1,12367.57,11130.81,0.1,1615.62
ORD10151,2025-07-08,Smartphone,Electronics,West,Rajasthan,Consumer,3,31070.01,83889.03,0.1,13979.59
ORD10152,2023-02-24,Laptop,Electronics,West,Gujarat,Consumer,4,52545.07,199671.28,0.05,26926.49
ORD10153,2025-04-06,Laptop,Electronics,East,Bihar,Consumer,5,55845.33,279226.64,0.0,37907.27
ORD10154,2023-03-10,Backpack,Accessories,East,Odisha,Small Business,2,1656.04,2980.87,0.1,615.76
ORD10155,2023-11-28,Printer,Office Supplies,East,Odisha,Consumer,4,12285.6,49142.4,0.0,11353.55
ORD10156,2025-11-07,Mouse,Electronics,West,Gujarat,Consumer,1,923.83,831.45,0.1,118.12
ORD10157,2024-05-11,Desk,Furniture,West,Gujarat,Consumer,2,13722.6,24700.67,0.1,4183.16
ORD10158,2025-11-04,Tablet,Electronics,East,West Bengal,Corporate,4,24251.07,92154.06,0.05,12497.08
ORD10159,2024-03-17,Keyboard,Electronics,East,Odisha,Consumer,2,1848.99,3328.18,0.1,423.94
ORD10160,2023-05-18,Notebook,Office Supplies,East,West Bengal,Consumer,1,390.38,351.35,0.1,64.71
ORD10161,2025-04-03,Headphones,Electronics,West,Rajasthan,Consumer,5,3405.69,16177.01,0.05,2290.63
ORD10162,2023-10-29,Tablet,Electronics,West,Rajasthan,Corporate,2,19952.73,31924.37,0.2,2978.44
ORD10163,2025-03-28,Monitor,Electronics,South,Tamil Nadu,Consumer,4,15243.33,54875.99,0.1,7697.86
ORD10164,2025-12-05,Desk,Furniture,South,Karnataka,Corporate,5,11464.54,48724.29,0.15,8607.68
ORD10165,2023-12-26,Monitor,Electronics,West,Gujarat,Consumer,3,14085.21,42255.64,0.0,5575.0
ORD10166,2024-11-23,Mouse,Electronics,West,Maharashtra,Small Business,5,810.59,3647.67,0.1,491.14
ORD10167,2023-04-26,Office Chair,Furniture,East,Odisha,Consumer,4,8779.6,33362.47,0.05,6077.67
ORD10168,2024-12-07,Keyboard,Electronics,South,Telangana,Small Business,2,1963.04,3926.08,0.0,546.1
ORD10169,2023-02-12,Keyboard,Electronics,South,Karnataka,Small Business,2,1771.65,3543.3,0.0,483.87
ORD10170,2023-06-01,Office Chair,Furniture,West,Maharashtra,Consumer,1,9396.93,8457.24,0.1,1371.77
ORD10171,2023-11-14,Mouse,Electronics,East,West Bengal,Consumer,3,904.46,2306.37,0.15,284.55
ORD10172,2025-05-16,Office Chair,Furniture,North,Haryana,Consumer,5,8311.84,37403.3,0.1,6400.74
ORD10173,2023-11-20,Notebook,Office Supplies,West,Gujarat,Small Business,1,348.12,348.12,0.0,79.17
ORD10174,2025-12-31,Smartphone,Electronics,West,Maharashtra,Consumer,2,29375.58,58751.16,0.0,8683.12
ORD10175,2025-04-16,Keyboard,Electronics,South,Karnataka,Small Business,5,1987.71,9441.64,0.05,1499.44
ORD10176,2025-06-19,Notebook,Office Supplies,West,Maharashtra,Small Business,3,352.86,899.79,0.15,198.41
ORD10177,2023-12-24,Smartphone,Electronics,South,Tamil Nadu,Consumer,3,28006.96,79819.84,0.05,10613.05
ORD10178,2023-02-27,Smartphone,Electronics,North,Punjab,Small Business,4,27779.48,111117.92,0.0,12060.54
ORD10179,2023-10-22,Backpack,Accessories,East,Odisha,Small Business,1,1776.25,1598.62,0.1,305.22
ORD10180,2023-04-12,Monitor,Electronics,West,Maharashtra,Corporate,3,17062.55,48628.28,0.05,5177.78
ORD10181,2024-11-16,Headphones,Electronics,East,Bihar,Consumer,4,3392.41,13569.64,0.0,2109.44
ORD10182,2023-04-05,Laptop,Electronics,South,Karnataka,Consumer,5,49664.23,235905.1,0.05,32592.46
ORD10183,2023-07-21,Tablet,Electronics,West,Rajasthan,Small Business,3,21720.82,58646.23,0.1,7575.97
ORD10184,2023-07-30,Monitor,Electronics,East,West Bengal,Corporate,3,17948.91,48462.05,0.1,6146.14
ORD10185,2024-08-04,Laptop,Electronics,West,Gujarat,Consumer,4,47848.94,172256.17,0.1,18775.39
ORD10186,2023-10-13,Keyboard,Electronics,East,West Bengal,Consumer,2,1860.12,3534.22,0.05,527.73
ORD10187,2024-12-01,Notebook,Office Supplies,West,Maharashtra,Consumer,1,341.15,307.03,0.1,66.99
ORD10188,2023-08-21,Tablet,Electronics,West,Maharashtra,Consumer,3,23507.22,70521.67,0.0,11918.65
ORD10189,2024-06-03,Printer,Office Supplies,South,Telangana,Corporate,1,12814.73,12814.73,0.0,2725.78
ORD10190,2023-08-23,Desk,Furniture,North,Delhi,Small Business,1,11352.76,10785.12,0.05,1750.5
ORD10191,2024-07-29,Keyboard,Electronics,South,Telangana,Corporate,3,1773.22,4521.72,0.15,405.71
ORD10192,2023-08-14,Backpack,Accessories,North,Delhi,Corporate,1,1627.87,1383.69,0.15,255.06
ORD10193,2023-04-24,Backpack,Accessories,East,Odisha,Small Business,3,1875.45,5345.03,0.05,996.05
ORD10194,2023-02-18,Smartphone,Electronics,East,Bihar,Consumer,5,25485.0,121053.74,0.05,16680.91
ORD10195,2025-06-01,Keyboard,Electronics,West,Gujarat,Consumer,4,1889.02,7556.08,0.0,1202.59
ORD10196,2023-12-18,Laptop,Electronics,East,Odisha,Consumer,2,56346.67,101424.01,0.1,12862.37
ORD10197,2025-05-29,Mouse,Electronics,East,Odisha,Consumer,2,1009.21,1917.5,0.05,270.42
ORD10198,2024-05-09,Keyboard,Electronics,East,Odisha,Consumer,2,1794.45,3588.9,0.0,476.49
ORD10199,2024-07-02,Notebook,Office Supplies,West,Gujarat,Consumer,4,348.61,1324.73,0.05,267.54
ORD10200,2024-09-08,Mouse,Electronics,West,Maharashtra,Corporate,3,1010.66,2577.19,0.15,319.25
ORD10201,2023-04-24,Mouse,Electronics,West,Gujarat,Consumer,4,1016.65,3659.92,0.1,474.8
ORD10202,2023-02-12,Keyboard,Electronics,East,West Bengal,Consumer,5,1914.6,9573.0,0.0,1376.18
ORD10203,2025-10-23,Monitor,Electronics,West,Rajasthan,Consumer,5,15203.65,76018.24,0.0,10192.63
ORD10204,2024-09-11,Smartphone,Electronics,South,Telangana,Small Business,3,24470.61,62400.06,0.15,6997.42
ORD10205,2025-10-17,Printer,Office Supplies,West,Rajasthan,Consumer,1,14687.98,13953.58,0.05,2940.49
ORD10206,2023-04-21,Printer,Office Supplies,West,Rajasthan,Consumer,4,10888.65,41376.86,0.05,8142.96
ORD10207,2025-08-23,Backpack,Accessories,North,Haryana,Consumer,4,2064.42,8257.67,0.0,1698.11
ORD10208,2023-11-29,Desk,Furniture,South,Tamil Nadu,Consumer,4,11461.68,43554.37,0.05,6622.74
ORD10209,2023-05-30,Laptop,Electronics,East,Odisha,Corporate,5,51484.95,257424.77,0.0,28787.86
ORD10210,2023-08-23,Headphones,Electronics,North,Punjab,Consumer,5,3615.35,14461.41,0.2,1923.78
ORD10211,2024-09-30,Printer,Office Supplies,West,Rajasthan,Corporate,2,14479.13,28958.26,0.0,6142.03
ORD10212,2024-04-15,Keyboard,Electronics,West,Gujarat,Consumer,5,1694.55,8049.12,0.05,1085.53
ORD10213,2024-03-02,Laptop,Electronics,South,Karnataka,Small Business,5,55002.96,233762.58,0.15,31906.88
ORD10214,2023-05-09,Notebook,Office Supplies,East,West Bengal,Corporate,5,342.89,1628.72,0.05,371.75
ORD10215,2023-07-08,Mouse,Electronics,South,Telangana,Consumer,3,818.86,2456.57,0.0,389.82
ORD10216,2023-11-10,Smartphone,Electronics,East,Odisha,Small Business,5,28906.88,122854.22,0.15,15864.85
ORD10217,2025-10-08,Backpack,Accessories,South,Tamil Nadu,Corporate,5,2012.2,9054.9,0.1,1331.02
ORD10218,2025-09-12,Office Chair,Furniture,South,Karnataka,Consumer,2,8564.04,17128.09,0.0,2803.89
ORD10219,2024-09-14,Backpack,Accessories,East,Odisha,Small Business,5,1721.87,8609.36,0.0,1480.22
ORD10220,2024-11-01,Monitor,Electronics,West,Rajasthan,Corporate,2,15690.66,25105.05,0.2,3608.55
ORD10221,2024-09-09,Laptop,Electronics,South,Telangana,Consumer,1,54889.83,46656.36,0.15,6498.12
ORD10222,2023-08-02,Printer,Office Supplies,East,Bihar,Small Business,2,16497.3,28045.41,0.15,6237.69
ORD10223,2023-05-20,Keyboard,Electronics,North,Delhi,Consumer,3,1939.84,5528.56,0.05,736.63
ORD10224,2024-04-24,Smartphone,Electronics,East,Odisha,Consumer,1,28406.14,25565.53,0.1,3716.37
ORD10225,2025-06-04,Headphones,Electronics,West,Rajasthan,Consumer,4,3239.88,12959.53,0.0,1496.41
ORD10226,2025-10-23,Desk,Furniture,East,West Bengal,Consumer,3,9162.61,26113.43,0.05,5021.94
ORD10227,2025-10-07,Office Chair,Furniture,West,Maharashtra,Corporate,2,8402.06,16804.12,0.0,3610.98
ORD10228,2023-09-07,Laptop,Electronics,South,Tamil Nadu,Consumer,5,50645.73,215244.36,0.15,27534.41
ORD10229,2025-03-30,Backpack,Accessories,West,Gujarat,Corporate,1,1813.07,1722.41,0.05,345.1
ORD10230,2025-07-27,Backpack,Accessories,East,Bihar,Consumer,5,1866.2,7931.34,0.15,1472.09
ORD10231,2023-02-20,Notebook,Office Supplies,South,Tamil Nadu,Consumer,3,353.07,1059.2,0.0,232.81
ORD10232,2025-03-27,Smartphone,Electronics,East,West Bengal,Consumer,5,32695.04,130780.15,0.2,15711.91
ORD10233,2023-11-06,Headphones,Electronics,South,Telangana,Corporate,1,3592.38,3233.15,0.1,390.75
ORD10234,2025-08-25,Backpack,Accessories,South,Karnataka,Consumer,3,1825.74,5203.36,0.05,1012.88
ORD10235,2025-02-13,Desk,Furniture,West,Rajasthan,Consumer,3,12309.89,33236.69,0.1,6038.43
ORD10236,2024-06-11,Headphones,Electronics,South,Tamil Nadu,Consumer,5,3871.04,19355.21,0.0,2648.26
ORD10237,2024-01-12,Keyboard,Electronics,East,West Bengal,Corporate,1,1819.06,1819.06,0.0,269.62
ORD10238,2023-12-10,Notebook,Office Supplies,South,Karnataka,Consumer,2,355.89,605.01,0.15,135.03
ORD10239,2024-11-19,Printer,Office Supplies,North,Haryana,Small Business,3,13737.78,35031.34,0.15,6905.83
ORD10240,2024-11-03,Keyboard,Electronics,South,Karnataka,Consumer,1,1492.6,1417.97,0.05,205.37
ORD10241,2024-05-09,Desk,Furniture,West,Gujarat,Small Business,5,11078.95,49855.27,0.1,7263.4
ORD10242,2023-04-30,Backpack,Accessories,West,Rajasthan,Small Business,5,1920.95,9124.51,0.05,1764.91
ORD10243,2025-06-20,Printer,Office Supplies,East,Bihar,Consumer,5,14617.33,73086.67,0.0,14361.1
ORD10244,2024-09-02,Notebook,Office Supplies,North,Punjab,Consumer,5,311.47,1401.63,0.1,277.62
ORD10245,2025-03-21,Headphones,Electronics,North,Haryana,Consumer,5,3539.18,15926.3,0.1,1844.23
ORD10246,2025-09-27,Office Chair,Furniture,North,Haryana,Small Business,2,8610.2,16359.38,0.05,2481.61
ORD10247,2025-02-05,Monitor,Electronics,West,Rajasthan,Corporate,3,13255.68,39767.04,0.0,5584.94
ORD10248,2024-02-19,Desk,Furniture,East,Odisha,Consumer,5,13142.04,59139.17,0.1,10600.88
ORD10249,2025-04-21,Smartphone,Electronics,North,Punjab,Corporate,1,30111.8,30111.8,0.0,4009.9
ORD10250,2024-02-12,Office Chair,Furniture,South,Karnataka,Corporate,5,8003.89,32015.55,0.2,5403.84
ORD10251,2024-12-16,Keyboard,Electronics,North,Haryana,Consumer,5,1792.09,8960.45,0.0,1424.43
ORD10252,2025-03-10,Smartphone,Electronics,North,Delhi,Consumer,1,29138.1,26224.29,0.1,3402.2
ORD10253,2024-08-13,Backpack,Accessories,East,West Bengal,Consumer,1,1811.32,1539.62,0.15,297.12
ORD10254,2023-10-07,Mouse,Electronics,North,Punjab,Consumer,5,845.27,4226.33,0.0,594.64
ORD10255,2024-04-20,Backpack,Accessories,North,Delhi,Small Business,4,1462.42,5849.68,0.0,1202.85
ORD10256,2025-07-21,Tablet,Electronics,West,Gujarat,Corporate,2,24280.2,48560.4,0.0,7004.65
ORD10257,2023-06-24,Mouse,Electronics,North,Haryana,Consumer,1,885.33,796.79,0.1,111.99
ORD10258,2025-08-18,Smartphone,Electronics,East,Odisha,Consumer,2,24657.68,44383.83,0.1,5823.71
ORD10259,2024-07-07,Desk,Furniture,West,Gujarat,Corporate,5,13221.97,59498.85,0.1,9830.14
ORD10260,2025-09-27,Monitor,Electronics,East,Bihar,Corporate,1,12888.22,11599.4,0.1,1565.1
ORD10261,2023-06-21,Mouse,Electronics,South,Tamil Nadu,Corporate,4,985.78,3943.12,0.0,565.28
ORD10262,2024-06-03,Printer,Office Supplies,West,Maharashtra,Corporate,2,13899.96,22239.94,0.2,4448.58
ORD10263,2025-05-04,Monitor,Electronics,North,Haryana,Consumer,2,15437.43,26243.63,0.15,3288.09
ORD10264,2024-10-26,Office Chair,Furniture,North,Haryana,Corporate,4,9335.33,37341.3,0.0,7080.03
ORD10265,2025-06-15,Tablet,Electronics,West,Maharashtra,Consumer,3,22973.16,62027.54,0.1,8105.22
ORD10266,2025-11-01,Desk,Furniture,West,Maharashtra,Small Business,4,10800.9,38883.25,0.1,6377.38
ORD10267,2025-05-25,Headphones,Electronics,West,Maharashtra,Consumer,2,3361.85,6051.33,0.1,593.75
ORD10268,2025-11-16,Mouse,Electronics,East,West Bengal,Consumer,3,918.71,2756.12,0.0,379.08
ORD10269,2025-07-06,Backpack,Accessories,North,Punjab,Corporate,1,1654.17,1406.05,0.15,247.81
ORD10270,2023-06-04,Backpack,Accessories,South,Karnataka,Consumer,1,1950.81,1950.81,0.0,370.77
ORD10271,2023-03-09,Mouse,Electronics,North,Delhi,Consumer,3,861.89,2327.11,0.1,310.82
ORD10272,2025-06-25,Keyboard,Electronics,West,Maharashtra,Corporate,4,1592.36,6050.95,0.05,908.97
ORD10273,2023-07-03,Office Chair,Furniture,North,Delhi,Corporate,4,8235.73,32942.92,0.0,6180.05
ORD10274,2023-10-13,Notebook,Office Supplies,South,Karnataka,Small Business,4,333.84,1201.84,0.1,242.32
ORD10275,2025-04-04,Headphones,Electronics,South,Karnataka,Small Business,1,3341.62,3174.54,0.05,463.27
ORD10276,2023-11-20,Monitor,Electronics,East,Odisha,Corporate,4,15084.5,54304.21,0.1,6589.05
ORD10277,2024-09-05,Notebook,Office Supplies,East,West Bengal,Consumer,1,315.93,315.93,0.0,65.16
ORD10278,2024-03-24,Backpack,Accessories,East,Bihar,Small Business,2,1735.0,3123.0,0.1,532.69
ORD10279,2024-08-15,Office Chair,Furniture,North,Punjab,Small Business,5,8643.25,38894.64,0.1,7504.15
ORD10280,2024-06-23,Smartphone,Electronics,North,Punjab,Consumer,3,25797.15,73521.87,0.05,11373.34
ORD10281,2025-11-27,Mouse,Electronics,East,Odisha,Consumer,3,780.6,2341.8,0.0,337.47
ORD10282,2023-08-26,Keyboard,Electronics,West,Gujarat,Consumer,4,1752.87,7011.47,0.0,922.34
ORD10283,2025-11-25,Headphones,Electronics,South,Tamil Nadu,Consumer,2,3385.3,6093.54,0.1,634.86
ORD10284,2024-12-04,Headphones,Electronics,West,Rajasthan,Corporate,3,3769.01,9045.61,0.2,871.93
ORD10285,2025-03-06,Monitor,Electronics,South,Telangana,Consumer,4,15797.22,50551.12,0.2,6736.43
ORD10286,2024-09-30,Keyboard,Electronics,East,Bihar,Small Business,5,1975.93,8891.68,0.1,1065.27
ORD10287,2023-09-04,Monitor,Electronics,West,Gujarat,Small Business,3,14728.25,39766.29,0.1,5323.16
ORD10288,2025-12-15,Laptop,Electronics,South,Tamil Nadu,Corporate,3,52365.93,141388.0,0.1,18255.94
ORD10289,2025-01-13,Notebook,Office Supplies,West,Gujarat,Consumer,3,374.61,955.26,0.15,175.62
ORD10290,2023-05-20,Laptop,Electronics,North,Delhi,Corporate,4,50400.27,191521.03,0.05,24299.59
ORD10291,2023-10-07,Printer,Office Supplies,West,Maharashtra,Consumer,1,13225.03,13225.03,0.0,3116.56
ORD10292,2023-03-02,Smartphone,Electronics,North,Punjab,Consumer,4,25570.47,102281.89,0.0,15890.67
ORD10293,2024-11-17,Tablet,Electronics,North,Delhi,Consumer,3,23288.11,69864.32,0.0,10694.76
ORD10294,2025-09-17,Backpack,Accessories,East,West Bengal,Corporate,4,1646.72,6257.52,0.05,1288.72
ORD10295,2025-10-06,Office Chair,Furniture,West,Gujarat,Consumer,4,9467.03,34081.32,0.1,5879.77
ORD10296,2023-02-20,Monitor,Electronics,South,Tamil Nadu,Corporate,4,15239.56,51814.51,0.15,7131.9
ORD10297,2023-02-20,Smartphone,Electronics,West,Gujarat,Corporate,4,27403.23,109612.93,0.0,12795.63
ORD10298,2023-09-27,Smartphone,Electronics,South,Telangana,Small Business,1,26757.76,26757.76,0.0,3988.08
ORD10299,2024-08-06,Laptop,Electronics,South,Karnataka,Small Business,3,52612.86,126270.87,0.2,16734.91
ORD10300,2023-01-14,Headphones,Electronics,West,Maharashtra,Consumer,3,2683.2,7244.63,0.1,632.35
ORD10301,2024-06-11,Office Chair,Furniture,East,Odisha,Consumer,4,7756.26,27922.53,0.1,3969.95
ORD10302,2025-03-21,Desk,Furniture,South,Karnataka,Consumer,3,11440.21,30888.57,0.1,5683.29
ORD10303,2025-11-29,Headphones,Electronics,South,Telangana,Consumer,3,3862.18,11586.55,0.0,1900.93
ORD10304,2025-10-30,Printer,Office Supplies,South,Telangana,Consumer,5,13102.19,55684.29,0.15,11410.96
ORD10305,2023-04-15,Notebook,Office Supplies,East,Bihar,Consumer,3,328.94,937.48,0.05,188.84
ORD10306,2023-04-07,Keyboard,Electronics,South,Karnataka,Consumer,4,1544.2,5250.28,0.15,696.87
ORD10307,2023-12-14,Tablet,Electronics,North,Punjab,Small Business,2,22874.78,38887.13,0.15,4662.28
ORD10308,2024-12-14,Monitor,Electronics,North,Delhi,Corporate,1,15582.11,14803.01,0.05,2000.93
ORD10309,2023-08-19,Office Chair,Furniture,East,Odisha,Corporate,2,8571.19,15428.14,0.1,2328.02
ORD10310,2023-11-03,Monitor,Electronics,East,Bihar,Consumer,1,16890.1,16045.59,0.05,2231.29
ORD10311,2025-04-18,Backpack,Accessories,North,Punjab,Corporate,2,1758.26,3164.86,0.1,564.9
ORD10312,2024-10-12,Tablet,Electronics,South,Karnataka,Corporate,1,25047.02,25047.02,0.0,3869.2
ORD10313,2023-09-28,Backpack,Accessories,West,Maharashtra,Corporate,3,1723.56,4136.55,0.2,716.54
ORD10314,2024-11-24,Keyboard,Electronics,South,Karnataka,Consumer,3,1597.71,3834.5,0.2,477.73
ORD10315,2023-03-27,Office Chair,Furniture,North,Haryana,Consumer,1,9708.48,9223.06,0.05,1617.24
ORD10316,2024-06-09,Notebook,Office Supplies,West,Rajasthan,Corporate,2,331.51,629.87,0.05,139.61
ORD10317,2025-03-11,Desk,Furniture,West,Rajasthan,Consumer,5,10719.86,50919.36,0.05,9368.01
ORD10318,2024-07-06,Keyboard,Electronics,West,Rajasthan,Corporate,2,1988.39,3976.78,0.0,596.09
ORD10319,2023-08-07,Laptop,Electronics,South,Tamil Nadu,Consumer,4,56145.67,202124.41,0.1,27775.71
ORD10320,2025-01-15,Desk,Furniture,South,Tamil Nadu,Corporate,2,11267.1,21407.49,0.05,3437.72
ORD10321,2023-03-03,Desk,Furniture,South,Telangana,Small Business,3,12736.19,36298.15,0.05,7001.34
ORD10322,2024-01-11,Mouse,Electronics,North,Haryana,Consumer,4,941.98,3202.74,0.15,327.79
ORD10323,2023-06-15,Notebook,Office Supplies,South,Karnataka,Small Business,3,357.64,965.63,0.1,197.34
ORD10324,2024-01-10,Backpack,Accessories,North,Punjab,Consumer,4,1876.42,7130.4,0.05,1353.83
ORD10325,2025-11-01,Smartphone,Electronics,West,Maharashtra,Consumer,5,26715.03,133575.17,0.0,18631.45
ORD10326,2023-02-05,Office Chair,Furniture,South,Karnataka,Consumer,2,8776.94,17553.88,0.0,2855.93
ORD10327,2023-11-16,Backpack,Accessories,East,Bihar,Small Business,1,1732.61,1645.98,0.05,332.52
ORD10328,2024-07-06,Laptop,Electronics,West,Rajasthan,Small Business,5,55406.06,249327.26,0.1,36095.19
ORD10329,2025-04-17,Monitor,Electronics,North,Haryana,Consumer,5,15307.99,76539.95,0.0,9896.06
ORD10330,2025-12-25,Smartphone,Electronics,North,Haryana,Corporate,4,31137.98,105869.12,0.15,12442.55
ORD10331,2025-04-04,Monitor,Electronics,West,Gujarat,Consumer,4,15238.29,57905.52,0.05,7678.96
ORD10332,2024-05-06,Laptop,Electronics,West,Maharashtra,Small Business,2,55213.77,104906.15,0.05,14389.27
ORD10333,2023-02-26,Office Chair,Furniture,South,Telangana,Corporate,1,10000.44,9000.39,0.1,1596.08
ORD10334,2023-06-16,Office Chair,Furniture,West,Rajasthan,Small Business,2,8242.93,13188.69,0.2,1978.54
ORD10335,2023-07-01,Smartphone,Electronics,West,Gujarat,Consumer,2,30820.42,58558.79,0.05,7701.5
ORD10336,2025-06-15,Mouse,Electronics,North,Punjab,Corporate,3,850.01,2295.04,0.1,337.48
ORD10337,2023-01-14,Laptop,Electronics,East,Odisha,Consumer,1,48477.54,41205.91,0.15,5474.8
ORD10338,2024-12-27,Monitor,Electronics,North,Delhi,Corporate,2,15812.98,30044.67,0.05,3866.06
ORD10339,2025-02-20,Smartphone,Electronics,East,Bihar,Consumer,2,29418.86,50012.07,0.15,7412.2
ORD10340,2025-08-14,Tablet,Electronics,North,Punjab,Small Business,5,22816.94,108380.48,0.05,13042.1
ORD10341,2025-03-19,Keyboard,Electronics,South,Telangana,Small Business,5,1869.27,9346.34,0.0,1393.03
ORD10342,2023-10-05,Smartphone,Electronics,East,West Bengal,Corporate,2,23828.03,40507.66,0.15,4188.19
ORD10343,2024-03-16,Tablet,Electronics,South,Telangana,Consumer,5,25054.05,119006.72,0.05,14582.36
ORD10344,2024-02-08,Office Chair,Furniture,South,Tamil Nadu,Consumer,2,7237.71,13751.65,0.05,2416.32
ORD10345,2023-12-28,Keyboard,Electronics,North,Punjab,Corporate,5,1813.08,8158.84,0.1,1217.4
ORD10346,2025-04-25,Monitor,Electronics,East,West Bengal,Corporate,5,15733.01,74731.82,0.05,11086.91
ORD10347,2024-08-13,Mouse,Electronics,West,Gujarat,Consumer,3,901.0,2432.7,0.1,319.97
ORD10348,2024-09-07,Laptop,Electronics,East,Bihar,Corporate,5,48803.64,219616.38,0.1,26593.2
ORD10349,2024-07-29,Tablet,Electronics,North,Delhi,Corporate,4,28196.86,101508.69,0.1,14239.26
ORD10350,2023-08-26,Laptop,Electronics,North,Haryana,Corporate,2,48158.32,96316.65,0.0,13427.84
ORD10351,2025-02-18,Backpack,Accessories,North,Delhi,Consumer,1,1683.94,1515.54,0.1,309.38
ORD10352,2025-12-01,Printer,Office Supplies,South,Karnataka,Corporate,1,13166.02,13166.02,0.0,3126.73
ORD10353,2025-12-19,Mouse,Electronics,South,Karnataka,Consumer,2,974.43,1851.42,0.05,261.94
ORD10354,2024-06-16,Desk,Furniture,South,Telangana,Small Business,3,9717.8,29153.4,0.0,5308.05
ORD10355,2023-01-04,Headphones,Electronics,West,Gujarat,Consumer,2,3440.0,6536.01,0.05,847.51
ORD10356,2023-07-11,Tablet,Electronics,North,Haryana,Consumer,1,25744.12,24456.91,0.05,2214.41
ORD10357,2023-12-30,Headphones,Electronics,North,Delhi,Corporate,3,3845.87,10960.73,0.05,1677.8
ORD10358,2024-06-29,Monitor,Electronics,North,Haryana,Corporate,3,15836.99,45135.41,0.05,6818.39
ORD10359,2024-12-17,Laptop,Electronics,South,Telangana,Consumer,3,50225.32,135608.37,0.1,19923.06
ORD10360,2025-03-08,Mouse,Electronics,West,Rajasthan,Consumer,5,877.96,4389.8,0.0,555.97
ORD10361,2025-03-16,Headphones,Electronics,South,Tamil Nadu,Consumer,2,4041.91,7275.43,0.1,1108.52
ORD10362,2025-05-21,Keyboard,Electronics,North,Punjab,Consumer,5,1997.1,8487.7,0.15,1162.32
ORD10363,2025-10-03,Notebook,Office Supplies,West,Maharashtra,Consumer,1,342.43,325.31,0.05,75.92
ORD10364,2024-02-06,Notebook,Office Supplies,South,Karnataka,Consumer,2,364.47,619.6,0.15,139.75
ORD10365,2024-09-21,Smartphone,Electronics,South,Karnataka,Small Business,1,28584.09,28584.09,0.0,3791.02
ORD10366,2023-09-18,Monitor,Electronics,West,Maharashtra,Consumer,5,16259.4,81296.99,0.0,13185.72
ORD10367,2024-01-12,Backpack,Accessories,West,Gujarat,Consumer,2,1660.35,3154.66,0.05,582.42
ORD10368,2024-10-14,Desk,Furniture,North,Punjab,Corporate,3,12596.74,34011.19,0.1,5916.7
ORD10369,2024-03-03,Backpack,Accessories,North,Delhi,Corporate,4,1974.13,6712.06,0.15,1399.8
ORD10370,2023-11-22,Tablet,Electronics,West,Gujarat,Corporate,3,28861.26,86583.77,0.0,13575.55
ORD10371,2025-12-06,Desk,Furniture,North,Delhi,Small Business,4,11771.1,42375.96,0.1,8258.81
ORD10372,2023-05-16,Smartphone,Electronics,West,Rajasthan,Consumer,4,26434.19,95163.09,0.1,12532.92
ORD10373,2023-03-06,Backpack,Accessories,West,Rajasthan,Corporate,3,1898.5,4556.4,0.2,710.2
ORD10374,2023-12-20,Headphones,Electronics,East,Odisha,Corporate,3,2950.96,8852.89,0.0,1018.98
ORD10375,2025-01-27,Desk,Furniture,South,Tamil Nadu,Corporate,1,11824.03,10641.63,0.1,1913.69
ORD10376,2023-02-23,Keyboard,Electronics,East,Odisha,Corporate,4,1699.55,6118.39,0.1,866.61
ORD10377,2023-01-28,Printer,Office Supplies,West,Maharashtra,Consumer,5,11343.14,51044.13,0.1,9978.34
ORD10378,2024-08-01,Keyboard,Electronics,East,West Bengal,Corporate,2,1959.84,3527.7,0.1,429.76
ORD10379,2023-11-21,Keyboard,Electronics,East,Odisha,Small Business,1,1759.57,1671.6,0.05,217.25
ORD10380,2025-03-03,Backpack,Accessories,North,Punjab,Consumer,1,1716.93,1545.24,0.1,335.83
ORD10381,2025-11-01,Smartphone,Electronics,North,Punjab,Small Business,5,27456.53,116690.27,0.15,13390.61
ORD10382,2024-02-25,Headphones,Electronics,South,Telangana,Small Business,1,3519.63,3167.67,0.1,375.13
ORD10383,2024-12-05,Headphones,Electronics,East,Bihar,Consumer,1,3371.74,2697.39,0.2,373.01
ORD10384,2023-02-07,Notebook,Office Supplies,South,Karnataka,Small Business,1,326.83,294.14,0.1,61.87
ORD10385,2025-08-23,Office Chair,Furniture,East,Odisha,Consumer,2,7643.6,12994.12,0.15,2133.39
ORD10386,2023-04-17,Laptop,Electronics,North,Haryana,Consumer,3,50167.49,135452.22,0.1,19360.08
ORD10387,2025-04-25,Printer,Office Supplies,South,Karnataka,Consumer,5,14654.27,62280.64,0.15,12708.19
ORD10388,2025-09-28,Desk,Furniture,East,Odisha,Corporate,4,11731.13,37539.63,0.2,5585.2
ORD10389,2023-07-11,Backpack,Accessories,North,Punjab,Consumer,5,1815.42,8623.26,0.05,1859.74
ORD10390,2024-07-12,Backpack,Accessories,North,Delhi,Consumer,3,1917.41,5752.22,0.0,1216.53
ORD10391,2025-10-24,Monitor,Electronics,East,Odisha,Consumer,1,12368.95,11750.5,0.05,1821.07
ORD10392,2024-12-06,Mouse,Electronics,North,Delhi,Consumer,2,934.88,1682.79,0.1,247.02
ORD10393,2023-05-07,Notebook,Office Supplies,North,Punjab,Corporate,2,333.16,666.32,0.0,148.75
ORD10394,2024-03-10,Laptop,Electronics,West,Gujarat,Corporate,1,52045.69,44238.84,0.15,6097.38
ORD10395,2023-06-23,Printer,Office Supplies,South,Karnataka,Small Business,5,14608.72,73043.61,0.0,14096.89
ORD10396,2023-05-15,Keyboard,Electronics,North,Haryana,Consumer,1,1746.52,1659.19,0.05,212.99
ORD10397,2023-08-08,Office Chair,Furniture,North,Punjab,Corporate,4,8381.02,33524.09,0.0,5596.87
ORD10398,2025-09-05,Notebook,Office Supplies,West,Gujarat,Consumer,1,367.67,294.14,0.2,60.04
ORD10399,2025-07-05,Notebook,Office Supplies,East,Odisha,Corporate,3,341.27,921.42,0.1,168.6
ORD10400,2023-02-04,Backpack,Accessories,East,West Bengal,Small Business,2,1737.56,3301.36,0.05,663.03
ORD10401,2023-04-05,Monitor,Electronics,North,Punjab,Consumer,2,16788.15,28539.85,0.15,3715.63
ORD10402,2025-08-01,Tablet,Electronics,West,Gujarat,Small Business,2,22192.25,42165.27,0.05,6033.54
ORD10403,2024-01-14,Keyboard,Electronics,North,Delhi,Consumer,5,2012.17,8551.73,0.15,1098.06
ORD10404,2023-04-01,Notebook,Office Supplies,East,West Bengal,Consumer,3,385.46,982.91,0.15,185.41
ORD10405,2025-02-20,Notebook,Office Supplies,West,Rajasthan,Corporate,2,377.84,642.33,0.15,144.3
ORD10406,2025-08-03,Mouse,Electronics,West,Maharashtra,Small Business,4,1055.42,4010.61,0.05,590.34
ORD10407,2024-03-07,Notebook,Office Supplies,North,Punjab,Small Business,2,296.41,592.83,0.0,125.59
ORD10408,2024-03-08,Monitor,Electronics,West,Rajasthan,Consumer,2,16414.75,31188.02,0.05,3792.69
ORD10409,2024-03-04,Tablet,Electronics,East,West Bengal,Corporate,2,25581.54,48604.93,0.05,6348.61
ORD10410,2024-05-27,Office Chair,Furniture,South,Telangana,Corporate,3,9132.66,23288.28,0.15,4456.46
ORD10411,2023-03-14,Keyboard,Electronics,East,Bihar,Small Business,2,1720.51,3268.97,0.05,512.56
ORD10412,2023-06-18,Keyboard,Electronics,North,Haryana,Consumer,4,1812.98,6164.14,0.15,793.11
ORD10413,2023-03-08,Tablet,Electronics,North,Haryana,Small Business,1,26318.26,26318.26,0.0,3600.09
ORD10414,2023-07-01,Mouse,Electronics,West,Rajasthan,Corporate,4,893.67,3038.48,0.15,349.87
ORD10415,2023-01-24,Office Chair,Furniture,East,Bihar,Consumer,2,8698.02,13916.83,0.2,2033.79
ORD10416,2023-07-06,Monitor,Electronics,North,Haryana,Small Business,1,14007.83,12607.05,0.1,1565.94
ORD10417,2024-03-18,Laptop,Electronics,South,Tamil Nadu,Corporate,5,47805.44,227075.82,0.05,29812.62
ORD10418,2025-06-03,Monitor,Electronics,East,Bihar,Consumer,4,14520.54,49369.84,0.15,6378.66
ORD10419,2025-02-14,Monitor,Electronics,North,Punjab,Consumer,3,15582.24,46746.71,0.0,6800.82
ORD10420,2023-10-26,Monitor,Electronics,East,West Bengal,Consumer,3,15544.79,46634.38,0.0,6373.8
ORD10421,2025-08-01,Keyboard,Electronics,South,Karnataka,Consumer,4,1547.07,6188.27,0.0,985.81
ORD10422,2023-07-24,Laptop,Electronics,East,Odisha,Consumer,5,51736.59,232814.65,0.1,35850.44
ORD10423,2024-07-11,Notebook,Office Supplies,East,Bihar,Corporate,3,325.86,977.59,0.0,198.76
ORD10424,2024-12-16,Laptop,Electronics,North,Punjab,Consumer,5,51266.95,217884.55,0.15,18863.84
ORD10425,2023-11-08,Smartphone,Electronics,South,Karnataka,Small Business,1,27832.52,26440.89,0.05,3553.1
ORD10426,2023-02-23,Desk,Furniture,East,West Bengal,Consumer,2,12997.79,25995.59,0.0,4747.72
ORD10427,2023-08-30,Keyboard,Electronics,South,Telangana,Corporate,2,1746.62,2969.25,0.15,376.97
ORD10428,2025-01-22,Desk,Furniture,West,Rajasthan,Corporate,1,10750.14,9137.62,0.15,1458.04
ORD10429,2024-08-01,Printer,Office Supplies,West,Gujarat,Corporate,4,16753.23,63662.28,0.05,12841.06
ORD10430,2025-04-24,Office Chair,Furniture,East,Odisha,Consumer,1,9193.27,8273.94,0.1,1544.67
ORD10431,2025-09-17,Smartphone,Electronics,North,Delhi,Small Business,2,28876.95,57753.9,0.0,6682.93
ORD10432,2025-01-30,Desk,Furniture,South,Karnataka,Consumer,3,12613.21,35947.65,0.05,6713.3
ORD10433,2024-10-30,Laptop,Electronics,West,Rajasthan,Small Business,5,55698.77,278493.85,0.0,36089.84
ORD10434,2025-03-21,Desk,Furniture,East,West Bengal,Consumer,2,12739.1,21656.47,0.15,3793.14
ORD10435,2024-01-23,Printer,Office Supplies,West,Gujarat,Consumer,3,14622.62,39481.08,0.1,8527.22
ORD10436,2024-02-12,Desk,Furniture,South,Karnataka,Consumer,2,12481.04,24962.08,0.0,4637.24
ORD10437,2023-03-24,Backpack,Accessories,East,Odisha,Consumer,2,1735.27,3297.02,0.05,637.55
ORD10438,2024-04-17,Monitor,Electronics,West,Gujarat,Consumer,4,15810.73,60080.77,0.05,7968.94
ORD10439,2023-08-24,Monitor,Electronics,East,West Bengal,Consumer,5,16049.13,72221.1,0.1,8678.6
ORD10440,2023-05-16,Headphones,Electronics,North,Haryana,Consumer,4,3577.93,14311.73,0.0,1881.33
ORD10441,2025-08-23,Headphones,Electronics,North,Delhi,Consumer,2,3502.02,7004.04,0.0,826.92
ORD10442,2024-08-02,Monitor,Electronics,East,West Bengal,Corporate,2,13151.12,26302.24,0.0,3949.01
ORD10443,2024-03-12,Smartphone,Electronics,East,West Bengal,Consumer,5,32310.87,145398.92,0.1,24777.27
ORD10444,2025-12-11,Notebook,Office Supplies,North,Punjab,Consumer,5,322.12,1530.07,0.05,325.73
ORD10445,2024-04-24,Mouse,Electronics,South,Telangana,Small Business,3,887.91,2130.99,0.2,287.06
ORD10446,2024-02-20,Keyboard,Electronics,West,Gujarat,Corporate,3,1718.25,4639.27,0.1,671.73
ORD10447,2023-05-10,Office Chair,Furniture,South,Telangana,Consumer,2,8665.51,15597.92,0.1,3035.83
ORD10448,2025-07-25,Desk,Furniture,North,Haryana,Corporate,1,11145.8,10031.22,0.1,1810.57
ORD10449,2024-03-27,Printer,Office Supplies,South,Tamil Nadu,Corporate,3,14571.36,39342.66,0.1,8260.73
ORD10450,2024-10-13,Mouse,Electronics,East,Bihar,Consumer,3,822.7,2468.1,0.0,349.86
ORD10451,2023-06-20,Mouse,Electronics,West,Maharashtra,Small Business,5,928.54,4410.57,0.05,661.18
ORD10452,2023-07-04,Desk,Furniture,West,Maharashtra,Small Business,5,12291.33,55310.98,0.1,9575.7
ORD10453,2024-05-28,Tablet,Electronics,West,Gujarat,Consumer,4,23819.49,95277.96,0.0,12426.78
ORD10454,2023-06-22,Smartphone,Electronics,West,Gujarat,Consumer,5,30192.6,143414.87,0.05,17720.05
ORD10455,2024-01-06,Monitor,Electronics,West,Maharashtra,Corporate,5,14355.48,64599.68,0.1,8631.66
ORD10456,2023-07-20,Monitor,Electronics,West,Rajasthan,Small Business,3,15652.65,42262.16,0.1,6817.68
ORD10457,2024-11-01,Tablet,Electronics,North,Punjab,Consumer,4,27025.77,108103.07,0.0,13480.84
ORD10458,2023-04-20,Office Chair,Furniture,North,Haryana,Consumer,3,7634.39,20612.86,0.1,3315.71
ORD10459,2023-06-03,Monitor,Electronics,West,Gujarat,Corporate,1,14626.03,14626.03,0.0,2238.44
ORD10460,2024-06-02,Backpack,Accessories,North,Punjab,Corporate,5,1405.51,6324.78,0.1,1336.58
ORD10461,2024-03-10,Backpack,Accessories,East,Odisha,Consumer,2,1803.52,3426.69,0.05,661.41
ORD10462,2023-03-29,Office Chair,Furniture,West,Gujarat,Consumer,4,8993.7,30578.58,0.15,4554.83
ORD10463,2024-09-30,Monitor,Electronics,South,Telangana,Consumer,2,12446.2,22403.15,0.1,3158.14
ORD10464,2025-03-24,Keyboard,Electronics,North,Punjab,Small Business,2,1617.25,3072.78,0.05,433.47
ORD10465,2024-02-19,Laptop,Electronics,South,Telangana,Consumer,1,49164.48,44248.04,0.1,5863.43
ORD10466,2025-12-15,Monitor,Electronics,North,Punjab,Consumer,4,14299.16,51476.99,0.1,7091.98
ORD10467,2024-03-02,Notebook,Office Supplies,North,Haryana,Consumer,2,332.92,665.83,0.0,145.59
ORD10468,2024-12-05,Office Chair,Furniture,North,Haryana,Corporate,4,7601.47,28885.6,0.05,5685.68
ORD10469,2023-08-05,Smartphone,Electronics,West,Maharashtra,Consumer,2,29435.23,58870.47,0.0,8189.73
ORD10470,2024-10-17,Monitor,Electronics,South,Telangana,Consumer,3,13547.94,36579.43,0.1,5314.69
ORD10471,2023-12-14,Laptop,Electronics,East,Bihar,Small Business,3,45561.02,116180.59,0.15,14239.35
ORD10472,2025-03-04,Laptop,Electronics,East,West Bengal,Consumer,4,55076.87,220307.46,0.0,29675.71
ORD10473,2023-11-28,Backpack,Accessories,West,Rajasthan,Consumer,5,1709.14,7691.14,0.1,1505.0
ORD10474,2023-08-13,Keyboard,Electronics,West,Maharashtra,Small Business,5,1623.54,7711.83,0.05,1099.16
ORD10475,2023-10-18,Smartphone,Electronics,South,Tamil Nadu,Consumer,1,29648.04,29648.04,0.0,3776.74
ORD10476,2023-07-06,Notebook,Office Supplies,West,Maharashtra,Corporate,4,315.57,1136.07,0.1,256.04
ORD10477,2023-01-26,Mouse,Electronics,South,Telangana,Consumer,2,894.82,1700.15,0.05,229.04
ORD10478,2025-02-18,Smartphone,Electronics,North,Haryana,Consumer,4,27163.33,108653.31,0.0,16063.59
ORD10479,2025-05-29,Monitor,Electronics,West,Gujarat,Consumer,4,13915.76,55663.03,0.0,7416.12
ORD10480,2023-07-31,Notebook,Office Supplies,West,Maharashtra,Small Business,3,331.19,993.56,0.0,236.15
ORD10481,2024-07-08,Backpack,Accessories,East,Bihar,Consumer,1,1800.6,1710.57,0.05,344.73
ORD10482,2025-05-01,Office Chair,Furniture,West,Maharashtra,Small Business,1,8641.27,7777.14,0.1,1419.8
ORD10483,2023-06-12,Tablet,Electronics,South,Telangana,Consumer,1,21583.09,21583.09,0.0,2870.63
ORD10484,2024-10-17,Office Chair,Furniture,South,Telangana,Consumer,1,8179.84,7770.85,0.05,1228.37
ORD10485,2023-05-12,Mouse,Electronics,West,Maharashtra,Corporate,1,852.12,852.12,0.0,109.27
ORD10486,2024-10-20,Desk,Furniture,North,Haryana,Small Business,4,11369.77,40931.18,0.1,7362.28
ORD10487,2024-06-07,Notebook,Office Supplies,South,Telangana,Small Business,4,348.02,1252.87,0.1,276.1
ORD10488,2024-02-04,Backpack,Accessories,South,Karnataka,Consumer,3,1833.86,5501.57,0.0,1233.67
ORD10489,2023-06-10,Tablet,Electronics,North,Delhi,Consumer,2,23705.8,42670.43,0.1,4875.9
ORD10490,2023-08-02,Headphones,Electronics,East,Bihar,Corporate,2,3652.91,7305.82,0.0,1083.81
ORD10491,2024-08-11,Backpack,Accessories,South,Karnataka,Small Business,4,1896.25,7205.76,0.05,1410.73
ORD10492,2024-12-12,Headphones,Electronics,North,Delhi,Consumer,1,3854.42,3468.98,0.1,489.34
ORD10493,2025-12-04,Printer,Office Supplies,East,West Bengal,Corporate,2,13745.17,26115.82,0.05,5446.02
ORD10494,2024-01-24,Tablet,Electronics,South,Tamil Nadu,Corporate,5,27411.3,137056.51,0.0,19743.99
ORD10495,2025-12-11,Notebook,Office Supplies,South,Telangana,Corporate,2,328.26,656.52,0.0,141.84
ORD10496,2024-06-13,Keyboard,Electronics,North,Punjab,Consumer,1,1878.72,1784.78,0.05,261.74
ORD10497,2025-02-25,Monitor,Electronics,East,Bihar,Corporate,4,13898.75,55595.0,0.0,8670.77
ORD10498,2025-10-04,Monitor,Electronics,South,Telangana,Small Business,5,15932.17,63728.68,0.2,8854.86
ORD10499,2024-03-29,Monitor,Electronics,West,Gujarat,Consumer,2,13202.35,25084.47,0.05,3636.59
ORD10500,2025-05-31,Headphones,Electronics,North,Delhi,Corporate,1,3297.49,3132.62,0.05,363.6
ORD10501,2023-03-11,Headphones,Electronics,South,Telangana,Corporate,2,3467.58,5548.12,0.2,590.73
ORD10502,2025-11-08,Headphones,Electronics,East,Bihar,Corporate,4,3339.37,12689.62,0.05,1673.85
ORD10503,2023-06-05,Monitor,Electronics,West,Maharashtra,Corporate,3,15384.54,46153.62,0.0,6081.88
ORD10504,2023-02-06,Tablet,Electronics,East,West Bengal,Consumer,4,22031.66,83720.29,0.05,12013.44
ORD10505,2024-11-10,Notebook,Office Supplies,East,Odisha,Consumer,2,389.96,701.92,0.1,129.21
ORD10506,2024-06-17,Tablet,Electronics,South,Telangana,Small Business,1,22244.01,21131.81,0.05,3079.62
ORD10507,2025-10-07,Laptop,Electronics,North,Delhi,Corporate,2,55618.21,94550.95,0.15,13018.43
ORD10508,2023-03-20,Backpack,Accessories,East,Odisha,Consumer,2,1634.17,3268.34,0.0,611.86
ORD10509,2025-05-17,Monitor,Electronics,South,Telangana,Consumer,4,13987.43,50354.74,0.1,7356.08
ORD10510,2025-02-14,Mouse,Electronics,South,Telangana,Corporate,5,798.83,3395.02,0.15,420.79
ORD10511,2025-01-29,Laptop,Electronics,North,Delhi,Consumer,1,50596.29,43006.85,0.15,4864.82
ORD10512,2024-01-21,Tablet,Electronics,East,West Bengal,Small Business,2,24758.67,49517.35,0.0,6903.51
ORD10513,2024-05-09,Notebook,Office Supplies,West,Rajasthan,Corporate,5,345.03,1725.15,0.0,329.93
ORD10514,2025-04-28,Tablet,Electronics,North,Delhi,Consumer,2,22528.67,40551.61,0.1,6453.96
ORD10515,2024-09-10,Notebook,Office Supplies,North,Haryana,Consumer,1,378.25,340.43,0.1,76.63
ORD10516,2024-01-15,Notebook,Office Supplies,South,Tamil Nadu,Corporate,4,357.77,1359.51,0.05,302.91
ORD10517,2024-08-01,Laptop,Electronics,West,Rajasthan,Consumer,2,50163.85,100327.7,0.0,14873.96
ORD10518,2024-07-09,Desk,Furniture,South,Telangana,Consumer,5,14964.97,63601.13,0.15,11051.95
ORD10519,2024-07-21,Headphones,Electronics,East,Bihar,Corporate,5,3681.33,17486.33,0.05,2423.14
ORD10520,2025-11-01,Keyboard,Electronics,East,West Bengal,Consumer,5,1703.52,7239.96,0.15,1021.62
ORD10521,2025-03-10,Smartphone,Electronics,North,Haryana,Corporate,5,30038.63,135173.82,0.1,19164.77
ORD10522,2023-03-17,Laptop,Electronics,West,Rajasthan,Corporate,5,52079.0,234355.52,0.1,24540.87
ORD10523,2025-05-14,Printer,Office Supplies,West,Maharashtra,Corporate,3,14546.55,43639.65,0.0,8535.02
ORD10524,2023-03-01,Laptop,Electronics,West,Rajasthan,Small Business,1,55253.65,52490.97,0.05,6982.06
ORD10525,2023-05-01,Keyboard,Electronics,South,Telangana,Corporate,4,1809.35,6151.8,0.15,872.85
ORD10526,2023-04-05,Notebook,Office Supplies,East,West Bengal,Small Business,3,332.6,898.02,0.1,173.95
ORD10527,2024-04-30,Monitor,Electronics,South,Telangana,Corporate,2,13886.01,27772.02,0.0,3354.09
ORD10528,2023-10-17,Smartphone,Electronics,West,Maharashtra,Corporate,2,28279.32,53730.71,0.05,6096.07
ORD10529,2023-02-10,Notebook,Office Supplies,West,Gujarat,Consumer,1,367.51,330.76,0.1,64.34
ORD10530,2023-02-08,Headphones,Electronics,West,Maharashtra,Corporate,1,4025.95,3623.35,0.1,477.91
ORD10531,2024-02-28,Monitor,Electronics,East,Bihar,Corporate,1,14387.0,13667.65,0.05,1511.65
ORD10532,2024-11-10,Backpack,Accessories,South,Tamil Nadu,Corporate,3,1886.56,5093.7,0.1,947.92
ORD10533,2025-06-03,Backpack,Accessories,South,Karnataka,Small Business,2,1697.32,3055.18,0.1,511.02
ORD10534,2024-09-10,Tablet,Electronics,East,Odisha,Corporate,4,23295.96,83865.46,0.1,11774.84
ORD10535,2024-11-07,Office Chair,Furniture,South,Tamil Nadu,Consumer,5,7124.74,35623.68,0.0,6220.93
ORD10536,2025-07-27,Headphones,Electronics,East,Bihar,Consumer,4,3764.44,14304.86,0.05,2216.19
ORD10537,2024-02-27,Laptop,Electronics,East,Odisha,Corporate,1,63708.1,54151.89,0.15,7322.01
ORD10538,2024-09-13,Office Chair,Furniture,South,Tamil Nadu,Corporate,5,7408.56,29634.25,0.2,4649.21
ORD10539,2025-09-04,Backpack,Accessories,West,Gujarat,Consumer,1,1814.42,1632.98,0.1,357.42
ORD10540,2024-08-18,Tablet,Electronics,North,Punjab,Corporate,2,23282.99,46565.98,0.0,6289.49
ORD10541,2024-02-19,Tablet,Electronics,West,Gujarat,Consumer,5,20963.88,104819.42,0.0,17726.33
ORD10542,2023-01-19,Monitor,Electronics,West,Gujarat,Corporate,2,15283.59,29038.82,0.05,3864.59
ORD10543,2025-03-13,Desk,Furniture,East,Bihar,Consumer,1,10674.08,10140.38,0.05,2093.57
ORD10544,2023-12-28,Smartphone,Electronics,North,Delhi,Small Business,5,30097.54,142963.3,0.05,18864.29
ORD10545,2023-11-04,Monitor,Electronics,North,Haryana,Consumer,3,12435.0,33574.5,0.1,5038.5
ORD10546,2025-10-11,Printer,Office Supplies,East,West Bengal,Consumer,5,15091.72,64139.82,0.15,13893.66
ORD10547,2023-01-18,Office Chair,Furniture,East,Bihar,Consumer,1,8338.66,7921.73,0.05,1276.75
ORD10548,2025-04-15,Monitor,Electronics,South,Tamil Nadu,Small Business,2,14949.84,26909.72,0.1,4014.65
ORD10549,2023-02-19,Backpack,Accessories,East,Bihar,Consumer,3,1891.56,4823.48,0.15,904.03
ORD10550,2025-03-02,Smartphone,Electronics,South,Karnataka,Consumer,4,29222.77,111046.52,0.05,16008.54
ORD10551,2024-05-29,Smartphone,Electronics,South,Telangana,Small Business,3,27712.48,66509.95,0.2,8076.49
ORD10552,2025-08-10,Notebook,Office Supplies,South,Telangana,Corporate,1,368.39,313.13,0.15,63.91
ORD10553,2024-07-02,Smartphone,Electronics,North,Delhi,Consumer,2,28861.78,54837.38,0.05,6218.27
ORD10554,2023-09-05,Laptop,Electronics,West,Rajasthan,Corporate,4,57437.12,229748.47,0.0,33788.82
ORD10555,2023-11-08,Mouse,Electronics,East,Odisha,Consumer,4,841.38,3028.97,0.1,418.85
ORD10556,2024-05-09,Backpack,Accessories,West,Maharashtra,Corporate,4,1706.54,6826.14,0.0,1472.63
ORD10557,2024-07-20,Printer,Office Supplies,West,Gujarat,Corporate,2,15157.87,30315.73,0.0,7090.94
ORD10558,2023-03-09,Desk,Furniture,East,Odisha,Consumer,2,12557.95,25115.9,0.0,4791.26
ORD10559,2025-01-06,Backpack,Accessories,South,Tamil Nadu,Consumer,2,2041.43,3878.72,0.05,687.09
ORD10560,2023-09-28,Tablet,Electronics,South,Tamil Nadu,Consumer,2,25507.11,51014.22,0.0,7086.58
ORD10561,2024-08-10,Laptop,Electronics,North,Delhi,Small Business,3,54319.52,162958.55,0.0,24390.86
ORD10562,2025-09-02,Keyboard,Electronics,North,Punjab,Consumer,1,1844.5,1752.27,0.05,212.28
ORD10563,2025-03-21,Monitor,Electronics,North,Punjab,Corporate,4,16616.79,59820.44,0.1,8358.24
ORD10564,2025-08-20,Tablet,Electronics,North,Delhi,Consumer,4,22903.42,87032.99,0.05,13702.59
ORD10565,2025-04-14,Smartphone,Electronics,East,Odisha,Small Business,4,28157.1,112628.41,0.0,12984.18
ORD10566,2024-11-05,Printer,Office Supplies,North,Haryana,Corporate,3,14722.53,41959.2,0.05,8635.56
ORD10567,2024-06-13,Laptop,Electronics,North,Punjab,Small Business,1,55584.92,50026.42,0.1,6127.23
ORD10568,2023-09-25,Laptop,Electronics,North,Punjab,Corporate,2,49389.28,88900.7,0.1,13226.75
ORD10569,2023-07-21,Backpack,Accessories,West,Rajasthan,Corporate,5,1976.68,8895.06,0.1,1787.04
ORD10570,2025-07-22,Backpack,Accessories,West,Gujarat,Corporate,3,1775.31,4527.04,0.15,819.6
ORD10571,2025-03-02,Backpack,Accessories,West,Rajasthan,Small Business,4,2039.73,7343.02,0.1,1323.86
ORD10572,2023-09-30,Headphones,Electronics,West,Gujarat,Corporate,3,3389.95,8135.87,0.2,1031.42
ORD10573,2024-06-04,Notebook,Office Supplies,West,Rajasthan,Consumer,4,367.45,1249.34,0.15,249.88
ORD10574,2023-08-20,Laptop,Electronics,North,Delhi,Consumer,4,52061.93,197835.32,0.05,25730.05
ORD10575,2025-07-29,Smartphone,Electronics,East,Odisha,Consumer,1,25534.73,24258.0,0.05,3361.02
ORD10576,2025-04-03,Monitor,Electronics,South,Telangana,Consumer,5,12680.89,60234.24,0.05,10005.08
ORD10577,2023-12-10,Headphones,Electronics,West,Maharashtra,Corporate,5,3322.69,14952.1,0.1,2019.31
ORD10578,2024-07-15,Printer,Office Supplies,West,Gujarat,Corporate,5,12641.75,56887.9,0.1,14130.8
ORD10579,2024-07-01,Notebook,Office Supplies,East,West Bengal,Corporate,1,312.98,266.03,0.15,50.99
ORD10580,2025-11-20,Office Chair,Furniture,North,Punjab,Small Business,3,7665.8,22997.39,0.0,3831.99
ORD10581,2024-11-11,Notebook,Office Supplies,North,Delhi,Consumer,1,345.0,310.5,0.1,64.23
ORD10582,2023-01-26,Desk,Furniture,East,Odisha,Consumer,4,11858.81,47435.24,0.0,7982.08
ORD10583,2023-03-26,Monitor,Electronics,East,West Bengal,Consumer,1,15337.03,13803.32,0.1,1980.03
ORD10584,2023-06-22,Monitor,Electronics,West,Rajasthan,Consumer,3,16664.39,49993.17,0.0,7473.26
ORD10585,2023-12-06,Keyboard,Electronics,West,Gujarat,Consumer,1,2209.72,1988.75,0.1,266.62
ORD10586,2025-01-21,Smartphone,Electronics,East,Odisha,Corporate,1,26492.54,25167.92,0.05,2836.11
ORD10587,2025-05-30,Mouse,Electronics,East,Odisha,Consumer,3,873.6,2489.76,0.05,373.46
ORD10588,2024-11-11,Laptop,Electronics,South,Karnataka,Consumer,4,49371.65,187612.26,0.05,27741.6
ORD10589,2025-08-02,Printer,Office Supplies,East,Odisha,Corporate,1,13777.31,12399.58,0.1,2665.36
ORD10590,2025-11-17,Desk,Furniture,North,Delhi,Consumer,2,12290.93,23352.76,0.05,4075.62
ORD10591,2024-05-01,Printer,Office Supplies,South,Telangana,Small Business,1,14840.47,14840.47,0.0,2965.74
ORD10592,2024-04-24,Backpack,Accessories,North,Haryana,Consumer,4,1665.17,6327.64,0.05,1277.54
ORD10593,2023-01-06,Monitor,Electronics,North,Punjab,Consumer,1,13865.69,13865.69,0.0,2320.75
ORD10594,2024-02-11,Desk,Furniture,West,Gujarat,Consumer,3,13709.98,41129.93,0.0,7109.17
ORD10595,2024-01-27,Notebook,Office Supplies,East,Bihar,Corporate,5,345.21,1380.82,0.2,251.54
ORD10596,2024-05-23,Backpack,Accessories,West,Gujarat,Consumer,2,1692.18,3045.92,0.1,592.48
ORD10597,2025-07-09,Mouse,Electronics,West,Gujarat,Consumer,1,892.88,892.88,0.0,128.59
ORD10598,2024-03-14,Notebook,Office Supplies,West,Rajasthan,Corporate,4,382.16,1299.36,0.15,263.2
ORD10599,2024-08-01,Desk,Furniture,East,Bihar,Corporate,1,13182.7,12523.57,0.05,2158.3
ORD10600,2024-06-04,Headphones,Electronics,South,Tamil Nadu,Corporate,3,3564.68,10159.35,0.05,1215.28
ORD10601,2025-08-05,Tablet,Electronics,North,Punjab,Small Business,1,26747.71,24072.94,0.1,3410.47
ORD10602,2023-08-16,Smartphone,Electronics,North,Delhi,Corporate,5,24902.67,112062.0,0.1,15401.86
ORD10603,2024-10-26,Office Chair,Furniture,North,Delhi,Consumer,2,10362.86,20725.73,0.0,3478.54
ORD10604,2024-12-12,Mouse,Electronics,North,Haryana,Corporate,1,874.92,743.68,0.15,75.42
ORD10605,2025-03-25,Smartphone,Electronics,West,Rajasthan,Consumer,1,25279.14,21487.27,0.15,2401.07
ORD10606,2024-04-11,Smartphone,Electronics,North,Delhi,Small Business,3,28934.91,86804.73,0.0,12562.87
ORD10607,2024-01-07,Monitor,Electronics,East,West Bengal,Corporate,5,13545.71,67728.54,0.0,9890.14
ORD10608,2023-10-28,Headphones,Electronics,South,Telangana,Small Business,1,3582.99,3224.69,0.1,496.92
ORD10609,2024-09-25,Laptop,Electronics,East,West Bengal,Consumer,4,47918.68,172507.24,0.1,22265.24
ORD10610,2023-06-02,Printer,Office Supplies,South,Telangana,Consumer,3,11379.48,34138.45,0.0,7831.78
ORD10611,2023-05-28,Office Chair,Furniture,North,Haryana,Small Business,5,8718.31,43591.56,0.0,8279.69
ORD10612,2025-12-09,Laptop,Electronics,North,Delhi,Consumer,1,62176.68,59067.85,0.05,7134.36
ORD10613,2024-12-08,Notebook,Office Supplies,South,Tamil Nadu,Small Business,3,336.68,1010.04,0.0,188.32
ORD10614,2023-09-22,Backpack,Accessories,North,Punjab,Corporate,1,1831.88,1831.88,0.0,375.25
ORD10615,2024-08-26,Laptop,Electronics,South,Tamil Nadu,Corporate,4,55695.57,222782.27,0.0,26438.37
ORD10616,2023-10-02,Tablet,Electronics,North,Haryana,Consumer,1,25450.08,22905.08,0.1,3424.03
ORD10617,2024-04-22,Printer,Office Supplies,East,Odisha,Consumer,4,14076.27,53489.84,0.05,11565.99
ORD10618,2025-09-19,Headphones,Electronics,East,Bihar,Consumer,1,3696.85,3142.32,0.15,404.55
ORD10619,2023-02-15,Backpack,Accessories,West,Gujarat,Corporate,4,1695.31,6442.19,0.05,1249.83
ORD10620,2023-05-29,Printer,Office Supplies,North,Punjab,Consumer,2,11756.85,19986.64,0.15,4362.06
ORD10621,2023-07-16,Desk,Furniture,South,Tamil Nadu,Small Business,2,12496.31,19994.1,0.2,3167.22
ORD10622,2025-07-20,Office Chair,Furniture,West,Gujarat,Corporate,5,8079.72,36358.75,0.1,5364.53
ORD10623,2023-05-29,Backpack,Accessories,East,West Bengal,Corporate,5,1842.64,8752.53,0.05,1673.42
ORD10624,2025-09-24,Printer,Office Supplies,South,Karnataka,Consumer,1,13713.68,12342.32,0.1,2326.33
ORD10625,2023-03-06,Smartphone,Electronics,West,Gujarat,Consumer,2,30680.45,58292.85,0.05,8204.81
ORD10626,2023-10-28,Tablet,Electronics,West,Maharashtra,Corporate,3,25155.64,75466.92,0.0,11710.57
ORD10627,2025-03-28,Backpack,Accessories,East,Bihar,Consumer,1,1928.91,1736.02,0.1,388.14
ORD10628,2023-08-29,Keyboard,Electronics,East,Odisha,Consumer,5,1867.64,8404.36,0.1,1264.81
ORD10629,2023-12-10,Tablet,Electronics,East,West Bengal,Corporate,1,24328.23,21895.41,0.1,3407.6
ORD10630,2025-03-08,Printer,Office Supplies,West,Rajasthan,Corporate,4,14218.83,54031.54,0.05,10490.28
ORD10631,2024-01-24,Tablet,Electronics,West,Maharashtra,Consumer,4,25218.64,85743.39,0.15,11356.36
ORD10632,2025-11-08,Office Chair,Furniture,West,Gujarat,Corporate,1,8904.57,8014.11,0.1,1389.85
ORD10633,2024-11-30,Notebook,Office Supplies,West,Gujarat,Consumer,1,352.58,352.58,0.0,77.4
ORD10634,2024-07-13,Laptop,Electronics,West,Rajasthan,Corporate,4,51312.49,184724.95,0.1,24077.94
ORD10635,2023-02-27,Keyboard,Electronics,East,Odisha,Consumer,1,1722.01,1635.91,0.05,232.52
ORD10636,2023-02-04,Mouse,Electronics,North,Punjab,Consumer,3,951.37,2568.7,0.1,337.84
ORD10637,2024-03-26,Tablet,Electronics,North,Delhi,Consumer,2,24348.35,46261.86,0.05,5742.87
ORD10638,2023-08-16,Monitor,Electronics,South,Telangana,Consumer,4,14736.49,55998.65,0.05,7509.17
ORD10639,2024-12-01,Office Chair,Furniture,West,Rajasthan,Corporate,2,8172.98,14711.36,0.1,2403.11
ORD10640,2025-12-27,Keyboard,Electronics,East,Odisha,Corporate,5,1746.63,7859.84,0.1,1043.03
ORD10641,2025-08-23,Notebook,Office Supplies,South,Tamil Nadu,Small Business,5,413.74,2068.72,0.0,431.37
ORD10642,2025-06-03,Mouse,Electronics,South,Telangana,Corporate,1,939.62,798.68,0.15,108.66
ORD10643,2025-12-23,Desk,Furniture,West,Maharashtra,Small Business,4,13776.4,55105.58,0.0,10560.23
ORD10644,2023-07-11,Tablet,Electronics,North,Delhi,Corporate,4,24057.28,96229.12,0.0,14278.26
ORD10645,2024-08-12,Office Chair,Furniture,East,West Bengal,Corporate,2,9266.32,18532.64,0.0,3139.51
ORD10646,2024-01-26,Smartphone,Electronics,North,Delhi,Consumer,4,25760.03,92736.12,0.1,13372.8
ORD10647,2023-12-03,Laptop,Electronics,East,Odisha,Consumer,5,47934.66,215705.95,0.1,26208.75
ORD10648,2023-08-28,Mouse,Electronics,East,Odisha,Small Business,2,856.14,1541.06,0.1,209.62
ORD10649,2025-02-14,Laptop,Electronics,East,West Bengal,Consumer,5,51121.78,230048.01,0.1,29282.96
ORD10650,2025-08-09,Mouse,Electronics,West,Maharashtra,Corporate,3,1043.6,2974.26,0.05,328.66
ORD10651,2023-12-08,Laptop,Electronics,West,Maharashtra,Small Business,2,49149.39,98298.78,0.0,14294.41
ORD10652,2024-01-08,Laptop,Electronics,West,Rajasthan,Consumer,1,46460.36,37168.29,0.2,4980.51
ORD10653,2024-09-27,Mouse,Electronics,East,Bihar,Consumer,3,826.25,2230.88,0.1,313.56
ORD10654,2025-06-14,Office Chair,Furniture,West,Gujarat,Corporate,4,7992.59,27174.8,0.15,4316.36
ORD10655,2025-08-19,Laptop,Electronics,East,Odisha,Small Business,5,57010.75,285053.76,0.0,33848.67
ORD10656,2023-11-13,Smartphone,Electronics,East,Bihar,Small Business,1,28894.94,24560.7,0.15,2912.56
ORD10657,2024-09-26,Mouse,Electronics,West,Gujarat,Consumer,2,827.76,1489.97,0.1,179.32
ORD10658,2023-03-13,Keyboard,Electronics,South,Telangana,Corporate,3,1845.83,4983.75,0.1,514.14
ORD10659,2023-10-02,Notebook,Office Supplies,North,Haryana,Consumer,4,350.25,1260.89,0.1,284.75
ORD10660,2023-01-14,Backpack,Accessories,West,Maharashtra,Corporate,4,1879.76,7143.08,0.05,1380.03
ORD10661,2024-05-02,Printer,Office Supplies,South,Karnataka,Corporate,1,13567.18,11532.1,0.15,2440.63
ORD10662,2025-07-24,Laptop,Electronics,East,Bihar,Consumer,1,53742.2,53742.2,0.0,9095.98
ORD10663,2024-02-18,Tablet,Electronics,North,Haryana,Consumer,4,22154.89,84188.57,0.05,13044.17
ORD10664,2025-10-26,Notebook,Office Supplies,North,Delhi,Consumer,1,347.8,295.63,0.15,60.3
ORD10665,2023-01-20,Smartphone,Electronics,East,Odisha,Consumer,3,26315.44,71051.68,0.1,9421.15
ORD10666,2025-03-11,Notebook,Office Supplies,East,Odisha,Consumer,5,391.04,1759.67,0.1,356.33
ORD10667,2024-06-23,Tablet,Electronics,North,Haryana,Small Business,3,20664.15,55793.2,0.1,8685.16
ORD10668,2023-12-11,Backpack,Accessories,East,Bihar,Small Business,4,1732.78,6584.57,0.05,1217.7
ORD10669,2024-04-26,Smartphone,Electronics,East,Odisha,Consumer,5,27587.59,137937.94,0.0,17071.12
ORD10670,2023-05-11,Headphones,Electronics,North,Punjab,Consumer,4,3391.67,13566.68,0.0,1850.6
ORD10671,2025-04-30,Monitor,Electronics,South,Telangana,Consumer,1,15957.43,15159.56,0.05,1975.97
ORD10672,2025-07-11,Backpack,Accessories,East,West Bengal,Consumer,3,1781.22,4809.3,0.1,881.89
ORD10673,2023-02-23,Keyboard,Electronics,East,Odisha,Consumer,3,1864.96,5035.38,0.1,619.89
ORD10674,2025-04-09,Backpack,Accessories,East,Odisha,Consumer,1,1957.84,1762.06,0.1,319.07
ORD10675,2024-06-04,Keyboard,Electronics,South,Karnataka,Consumer,3,1848.42,4990.73,0.1,688.19
ORD10676,2024-02-11,Printer,Office Supplies,South,Karnataka,Corporate,4,14275.46,57101.84,0.0,12517.34
ORD10677,2023-11-12,Monitor,Electronics,East,West Bengal,Corporate,2,14140.97,26867.85,0.05,3064.68
ORD10678,2023-09-08,Desk,Furniture,North,Delhi,Consumer,2,13003.26,22105.55,0.15,3869.05
ORD10679,2023-04-20,Keyboard,Electronics,East,Odisha,Corporate,5,1947.1,9248.74,0.05,1143.84
ORD10680,2025-06-27,Office Chair,Furniture,North,Delhi,Small Business,2,8330.09,16660.17,0.0,3279.17
ORD10681,2025-01-20,Keyboard,Electronics,South,Tamil Nadu,Corporate,4,1671.3,5348.16,0.2,706.53
ORD10682,2023-01-23,Tablet,Electronics,East,West Bengal,Consumer,3,24170.76,65261.04,0.1,7674.15
ORD10683,2025-02-11,Backpack,Accessories,East,Odisha,Consumer,2,2081.48,4162.95,0.0,853.76
ORD10684,2023-12-25,Printer,Office Supplies,North,Punjab,Small Business,4,15084.99,51288.96,0.15,10299.47
ORD10685,2023-01-22,Printer,Office Supplies,North,Delhi,Consumer,1,12727.34,12727.34,0.0,2967.19
ORD10686,2024-12-18,Office Chair,Furniture,West,Gujarat,Corporate,3,8178.74,24536.22,0.0,5132.28
ORD10687,2024-11-06,Monitor,Electronics,South,Karnataka,Consumer,4,14543.48,52356.53,0.1,7443.27
ORD10688,2023-11-13,Headphones,Electronics,West,Rajasthan,Consumer,1,3858.66,3665.73,0.05,449.61
ORD10689,2023-08-29,Tablet,Electronics,North,Haryana,Consumer,4,22052.99,83801.35,0.05,11377.94
ORD10690,2024-05-13,Office Chair,Furniture,South,Karnataka,Consumer,3,8444.02,24065.45,0.05,4030.99
ORD10691,2025-05-02,Desk,Furniture,West,Rajasthan,Consumer,3,11870.25,33830.22,0.05,5555.58
ORD10692,2023-05-06,Printer,Office Supplies,West,Rajasthan,Consumer,2,14348.78,25827.8,0.1,5924.19
ORD10693,2024-03-26,Notebook,Office Supplies,North,Punjab,Corporate,5,321.89,1448.51,0.1,306.45
ORD10694,2025-01-16,Printer,Office Supplies,South,Tamil Nadu,Consumer,4,13940.46,55761.86,0.0,12709.94
ORD10695,2024-04-04,Tablet,Electronics,East,West Bengal,Consumer,5,23188.0,92752.02,0.2,9742.21
ORD10696,2023-02-23,Smartphone,Electronics,South,Tamil Nadu,Small Business,2,27916.76,50250.17,0.1,6759.63
ORD10697,2023-08-29,Laptop,Electronics,South,Karnataka,Consumer,3,52028.02,140475.64,0.1,18163.04
ORD10698,2025-01-10,Desk,Furniture,East,Odisha,Corporate,1,14370.43,14370.43,0.0,2528.95
ORD10699,2025-08-18,Backpack,Accessories,North,Delhi,Corporate,5,1956.43,8803.94,0.1,1802.98
ORD10700,2025-04-07,Desk,Furniture,South,Telangana,Consumer,5,14329.6,60900.8,0.15,10412.15
ORD10701,2023-12-04,Backpack,Accessories,West,Maharashtra,Consumer,3,1873.81,5059.3,0.1,922.06
ORD10702,2023-03-24,Notebook,Office Supplies,West,Rajasthan,Corporate,4,348.83,1186.01,0.15,245.43
ORD10703,2023-07-22,Tablet,Electronics,West,Maharashtra,Consumer,5,24821.06,124105.31,0.0,20650.28
ORD10704,2025-03-10,Tablet,Electronics,South,Telangana,Consumer,1,24621.05,22158.95,0.1,2788.08
ORD10705,2024-12-06,Mouse,Electronics,South,Tamil Nadu,Corporate,4,978.16,3912.66,0.0,594.54
ORD10706,2023-12-19,Smartphone,Electronics,West,Maharashtra,Consumer,5,25741.97,122274.37,0.05,17801.05
ORD10707,2024-08-27,Monitor,Electronics,East,West Bengal,Corporate,3,15109.55,45328.66,0.0,6896.16
ORD10708,2024-05-04,Backpack,Accessories,East,Bihar,Consumer,5,1647.9,8239.5,0.0,1630.86
ORD10709,2024-02-05,Monitor,Electronics,North,Punjab,Consumer,3,15226.45,45679.36,0.0,7375.94
ORD10710,2023-10-25,Laptop,Electronics,East,West Bengal,Consumer,1,45764.6,45764.6,0.0,6658.52
ORD10711,2024-04-20,Laptop,Electronics,South,Telangana,Small Business,4,56400.59,214322.25,0.05,23298.55
ORD10712,2025-10-03,Headphones,Electronics,West,Gujarat,Consumer,5,2745.68,11669.14,0.15,1535.07
ORD10713,2023-05-02,Smartphone,Electronics,West,Gujarat,Consumer,2,28802.71,54725.15,0.05,8802.75
ORD10714,2025-01-21,Office Chair,Furniture,East,West Bengal,Small Business,3,7645.25,19495.39,0.15,3156.29
ORD10715,2025-01-20,Smartphone,Electronics,South,Telangana,Consumer,5,29122.71,145613.53,0.0,13673.77
ORD10716,2023-11-05,Keyboard,Electronics,North,Haryana,Small Business,1,1670.65,1670.65,0.0,231.32
ORD10717,2024-01-08,Notebook,Office Supplies,West,Rajasthan,Consumer,1,362.25,307.92,0.15,64.34
ORD10718,2023-11-09,Laptop,Electronics,South,Karnataka,Corporate,2,55165.53,104814.51,0.05,15566.81
ORD10719,2024-04-04,Keyboard,Electronics,North,Punjab,Corporate,5,1872.85,8896.03,0.05,986.57
ORD10720,2025-04-30,Tablet,Electronics,South,Telangana,Consumer,1,26968.12,25619.72,0.05,3384.61
ORD10721,2023-03-22,Keyboard,Electronics,South,Karnataka,Consumer,2,1748.21,3146.78,0.1,474.24
ORD10722,2024-11-01,Tablet,Electronics,South,Tamil Nadu,Corporate,3,23896.18,68104.1,0.05,9178.04
ORD10723,2025-03-28,Monitor,Electronics,West,Gujarat,Consumer,4,14481.47,55029.57,0.05,9154.98
ORD10724,2024-01-04,Backpack,Accessories,South,Telangana,Small Business,2,2038.88,4077.76,0.0,754.22
ORD10725,2024-02-21,Notebook,Office Supplies,West,Rajasthan,Consumer,2,351.89,703.78,0.0,174.25
ORD10726,2023-05-24,Office Chair,Furniture,West,Gujarat,Consumer,2,8025.19,15247.86,0.05,2273.48
ORD10727,2024-03-09,Tablet,Electronics,West,Maharashtra,Consumer,2,21697.15,41224.58,0.05,4981.63
ORD10728,2024-08-03,Headphones,Electronics,East,Odisha,Small Business,3,3328.21,8486.93,0.15,1096.64
ORD10729,2025-08-03,Desk,Furniture,South,Karnataka,Corporate,1,12163.22,10946.9,0.1,1716.81
ORD10730,2024-04-25,Notebook,Office Supplies,North,Punjab,Corporate,4,354.07,1416.3,0.0,293.15
ORD10731,2025-11-06,Laptop,Electronics,West,Maharashtra,Consumer,3,50508.19,136372.12,0.1,16716.51
ORD10732,2023-03-31,Printer,Office Supplies,West,Rajasthan,Corporate,5,14890.67,63285.36,0.15,12131.48
ORD10733,2025-02-18,Notebook,Office Supplies,South,Telangana,Corporate,3,354.24,1009.59,0.05,236.56
ORD10734,2024-06-22,Desk,Furniture,South,Telangana,Consumer,1,10948.42,9306.16,0.15,1563.56
ORD10735,2024-09-13,Office Chair,Furniture,North,Delhi,Consumer,2,7627.46,13729.43,0.1,2307.57
ORD10736,2024-05-22,Notebook,Office Supplies,East,Odisha,Corporate,3,357.43,965.06,0.1,199.95
ORD10737,2024-02-29,Mouse,Electronics,East,Odisha,Consumer,2,900.58,1621.04,0.1,203.69
ORD10738,2023-09-17,Keyboard,Electronics,East,Odisha,Corporate,2,1882.85,3577.42,0.05,469.61
ORD10739,2025-07-07,Headphones,Electronics,West,Gujarat,Corporate,4,3810.64,14480.43,0.05,1849.83
ORD10740,2025-09-23,Printer,Office Supplies,East,West Bengal,Small Business,2,14321.87,28643.73,0.0,5121.95
ORD10741,2025-06-20,Smartphone,Electronics,North,Haryana,Consumer,4,30530.04,116014.15,0.05,13995.39
ORD10742,2023-10-29,Printer,Office Supplies,North,Delhi,Consumer,4,13673.21,54692.85,0.0,10194.17
ORD10743,2023-03-23,Backpack,Accessories,South,Telangana,Consumer,1,1917.11,1725.4,0.1,320.82
ORD10744,2025-11-06,Desk,Furniture,South,Karnataka,Small Business,3,11819.52,31912.71,0.1,5817.63
ORD10745,2025-09-24,Smartphone,Electronics,East,West Bengal,Consumer,2,28560.72,54265.38,0.05,6243.64
ORD10746,2024-04-30,Desk,Furniture,East,West Bengal,Corporate,3,12820.21,38460.63,0.0,6607.73
ORD10747,2023-12-19,Keyboard,Electronics,West,Gujarat,Consumer,5,1973.62,9374.68,0.05,1140.54
ORD10748,2024-10-16,Smartphone,Electronics,West,Rajasthan,Corporate,1,28448.01,22758.41,0.2,3495.22
ORD10749,2025-12-22,Monitor,Electronics,South,Tamil Nadu,Consumer,4,13979.97,55919.88,0.0,7768.86
ORD10750,2025-01-28,Printer,Office Supplies,West,Rajasthan,Consumer,4,13047.77,52191.07,0.0,11535.25
ORD10751,2023-06-05,Notebook,Office Supplies,West,Gujarat,Small Business,3,366.22,1098.66,0.0,190.44
ORD10752,2023-05-14,Headphones,Electronics,South,Telangana,Small Business,2,3253.4,5530.78,0.15,786.44
ORD10753,2024-10-04,Mouse,Electronics,North,Punjab,Consumer,4,939.07,3192.85,0.15,460.12
ORD10754,2023-06-26,Headphones,Electronics,South,Karnataka,Consumer,2,3330.7,6328.33,0.05,857.57
ORD10755,2025-08-05,Printer,Office Supplies,East,Bihar,Consumer,3,14195.8,40458.02,0.05,9819.69
ORD10756,2024-11-22,Mouse,Electronics,East,Odisha,Small Business,1,866.09,779.48,0.1,120.86
ORD10757,2025-10-20,Desk,Furniture,East,Bihar,Corporate,3,11764.27,31763.53,0.1,4531.14
ORD10758,2025-05-08,Monitor,Electronics,East,Odisha,Small Business,2,14026.08,28052.16,0.0,3618.39
ORD10759,2024-07-24,Headphones,Electronics,North,Punjab,Corporate,2,3552.49,6749.73,0.05,765.82
ORD10760,2023-06-23,Headphones,Electronics,North,Punjab,Consumer,1,3752.66,3752.66,0.0,483.86
ORD10761,2024-09-20,Printer,Office Supplies,West,Maharashtra,Consumer,4,12026.56,45700.93,0.05,10633.52
ORD10762,2025-08-14,Desk,Furniture,North,Haryana,Small Business,5,11785.64,58928.21,0.0,11133.26
ORD10763,2025-05-26,Smartphone,Electronics,North,Delhi,Consumer,4,25985.25,88349.86,0.15,14295.19
ORD10764,2024-11-24,Office Chair,Furniture,North,Punjab,Corporate,5,7580.78,34113.5,0.1,5300.66
ORD10765,2025-10-01,Headphones,Electronics,West,Gujarat,Consumer,3,3192.3,8619.21,0.1,1181.52
ORD10766,2024-11-05,Printer,Office Supplies,North,Haryana,Consumer,1,13609.37,12248.44,0.1,2852.55
ORD10767,2025-06-10,Keyboard,Electronics,North,Delhi,Corporate,1,1641.29,1641.29,0.0,208.74
ORD10768,2023-08-12,Tablet,Electronics,East,Bihar,Corporate,3,24591.7,62708.83,0.15,6162.17
ORD10769,2024-08-09,Tablet,Electronics,South,Tamil Nadu,Corporate,2,26381.95,50125.7,0.05,6118.79
ORD10770,2024-10-29,Desk,Furniture,North,Delhi,Small Business,1,12480.45,11232.4,0.1,1737.38
ORD10771,2023-09-17,Headphones,Electronics,South,Karnataka,Consumer,3,3578.74,10736.21,0.0,1448.72
ORD10772,2025-08-27,Headphones,Electronics,South,Tamil Nadu,Consumer,2,3103.75,6207.51,0.0,980.41
ORD10773,2025-11-25,Smartphone,Electronics,East,Bihar,Consumer,5,25958.66,129793.31,0.0,19215.19
ORD10774,2024-04-07,Desk,Furniture,South,Telangana,Corporate,3,10395.78,31187.35,0.0,5167.63
ORD10775,2025-03-05,Smartphone,Electronics,West,Maharashtra,Consumer,2,27638.85,49749.92,0.1,7650.34
ORD10776,2025-10-07,Keyboard,Electronics,South,Telangana,Consumer,3,1962.72,5593.74,0.05,757.05
ORD10777,2024-10-16,Mouse,Electronics,East,West Bengal,Consumer,3,747.0,2016.9,0.1,240.9
ORD10778,2023-06-13,Keyboard,Electronics,East,Odisha,Consumer,3,1729.71,4929.68,0.05,682.21
ORD10779,2025-12-17,Keyboard,Electronics,East,Bihar,Consumer,5,1774.35,8428.18,0.05,1275.49
ORD10780,2024-03-27,Smartphone,Electronics,West,Maharashtra,Corporate,3,28331.92,72246.4,0.15,10576.98
ORD10781,2023-09-11,Desk,Furniture,West,Maharashtra,Consumer,5,13824.52,65666.46,0.05,11937.67
ORD10782,2024-11-04,Backpack,Accessories,South,Tamil Nadu,Small Business,3,1919.12,5181.64,0.1,979.39
ORD10783,2024-01-08,Mouse,Electronics,North,Delhi,Small Business,1,875.29,875.29,0.0,123.19
ORD10784,2024-10-21,Notebook,Office Supplies,East,Odisha,Consumer,2,330.49,594.89,0.1,126.43
ORD10785,2024-12-07,Office Chair,Furniture,North,Delhi,Small Business,3,8705.39,26116.16,0.0,4203.02
ORD10786,2025-12-06,Monitor,Electronics,South,Tamil Nadu,Corporate,5,15421.88,77109.42,0.0,9715.09
ORD10787,2024-01-09,Tablet,Electronics,East,Odisha,Corporate,3,26099.59,74383.82,0.05,8989.27
ORD10788,2023-12-16,Laptop,Electronics,West,Rajasthan,Small Business,3,51292.3,138489.22,0.1,14500.57
ORD10789,2025-12-12,Office Chair,Furniture,East,West Bengal,Consumer,2,9189.45,16541.01,0.1,3005.43
ORD10790,2023-01-05,Laptop,Electronics,South,Karnataka,Small Business,5,52023.01,247109.3,0.05,35124.39
ORD10791,2023-12-04,Notebook,Office Supplies,East,Odisha,Corporate,2,321.74,579.13,0.1,121.01
ORD10792,2023-05-17,Notebook,Office Supplies,West,Rajasthan,Consumer,1,380.66,380.66,0.0,83.92
ORD10793,2023-01-19,Desk,Furniture,West,Gujarat,Corporate,3,12033.03,32489.18,0.1,5946.4
ORD10794,2024-02-26,Smartphone,Electronics,West,Maharashtra,Corporate,1,28802.15,25921.94,0.1,3794.03
ORD10795,2023-08-16,Notebook,Office Supplies,East,West Bengal,Corporate,1,403.59,383.41,0.05,89.37
ORD10796,2025-08-22,Notebook,Office Supplies,West,Maharashtra,Consumer,3,373.74,1121.22,0.0,230.12
ORD10797,2024-02-11,Headphones,Electronics,East,West Bengal,Consumer,2,3865.32,7730.65,0.0,997.18
ORD10798,2025-10-16,Tablet,Electronics,North,Delhi,Small Business,5,24921.22,118375.8,0.05,16156.22
ORD10799,2024-10-29,Laptop,Electronics,South,Telangana,Consumer,3,48060.22,144180.66,0.0,18286.96
ORD10800,2023-04-23,Office Chair,Furniture,South,Karnataka,Consumer,3,8524.86,25574.58,0.0,4944.86
ORD10801,2025-12-04,Backpack,Accessories,North,Haryana,Consumer,2,1766.16,3179.1,0.1,641.96
ORD10802,2024-03-19,Keyboard,Electronics,North,Haryana,Corporate,3,1771.22,5047.98,0.05,738.57
ORD10803,2025-09-16,Monitor,Electronics,West,Gujarat,Corporate,1,14387.45,14387.45,0.0,2117.8
ORD10804,2024-07-12,Smartphone,Electronics,South,Tamil Nadu,Consumer,1,25902.02,23311.82,0.1,3105.04
ORD10805,2025-12-28,Printer,Office Supplies,South,Tamil Nadu,Consumer,3,14516.71,39195.12,0.1,8467.44
ORD10806,2023-08-01,Tablet,Electronics,West,Rajasthan,Consumer,2,26071.66,44321.82,0.15,5814.6
ORD10807,2023-06-03,Office Chair,Furniture,South,Karnataka,Small Business,3,9606.52,27378.57,0.05,4824.09
ORD10808,2025-06-23,Mouse,Electronics,East,Bihar,Consumer,4,853.4,2730.87,0.2,318.52
ORD10809,2025-11-28,Mouse,Electronics,North,Punjab,Consumer,4,912.73,3285.82,0.1,402.58
ORD10810,2023-05-04,Desk,Furniture,East,Bihar,Consumer,2,14142.51,25456.53,0.1,4317.92
ORD10811,2025-12-19,Printer,Office Supplies,South,Karnataka,Consumer,2,16369.51,29465.11,0.1,5388.82
ORD10812,2023-10-15,Backpack,Accessories,East,Odisha,Consumer,2,1791.31,2866.1,0.2,532.46
ORD10813,2025-11-20,Headphones,Electronics,West,Maharashtra,Consumer,5,3710.77,16698.47,0.1,1959.2
ORD10814,2023-10-03,Smartphone,Electronics,South,Tamil Nadu,Small Business,1,29277.25,27813.39,0.05,4187.43
ORD10815,2025-05-20,Printer,Office Supplies,West,Rajasthan,Consumer,2,14282.63,25708.73,0.1,5012.28
ORD10816,2023-06-09,Backpack,Accessories,South,Telangana,Corporate,2,1588.37,3176.74,0.0,616.58
ORD10817,2024-03-19,Keyboard,Electronics,South,Karnataka,Corporate,4,1737.07,6600.86,0.05,830.32
ORD10818,2024-12-30,Notebook,Office Supplies,North,Punjab,Corporate,5,366.84,1834.22,0.0,349.13
ORD10819,2025-04-03,Notebook,Office Supplies,North,Punjab,Consumer,3,351.37,948.7,0.1,203.5
ORD10820,2025-09-27,Backpack,Accessories,West,Maharashtra,Corporate,5,1722.01,8179.56,0.05,1518.2
ORD10821,2024-03-31,Printer,Office Supplies,North,Delhi,Consumer,4,13792.12,44134.77,0.2,8276.09
ORD10822,2025-09-13,Keyboard,Electronics,West,Maharashtra,Consumer,5,1820.24,7280.95,0.2,892.22
ORD10823,2024-10-10,Printer,Office Supplies,North,Punjab,Corporate,2,15597.49,31194.97,0.0,7554.64
ORD10824,2023-10-08,Headphones,Electronics,North,Haryana,Corporate,4,3152.41,12609.63,0.0,1810.58
ORD10825,2024-12-26,Smartphone,Electronics,North,Delhi,Consumer,2,25794.38,49009.32,0.05,5581.83
ORD10826,2025-10-16,Laptop,Electronics,South,Telangana,Consumer,3,55629.59,158544.34,0.05,20168.46
ORD10827,2023-04-16,Laptop,Electronics,East,Bihar,Consumer,4,50041.16,180148.19,0.1,29297.53
ORD10828,2024-02-26,Desk,Furniture,South,Telangana,Consumer,1,12871.93,12228.33,0.05,2215.65
ORD10829,2025-01-23,Monitor,Electronics,East,West Bengal,Corporate,2,15576.37,24922.19,0.2,3266.9
ORD10830,2024-05-28,Laptop,Electronics,South,Karnataka,Consumer,2,48920.23,97840.46,0.0,14606.94
ORD10831,2023-05-26,Printer,Office Supplies,West,Rajasthan,Small Business,4,15334.54,58271.24,0.05,14075.94
ORD10832,2025-10-13,Backpack,Accessories,East,West Bengal,Corporate,3,1902.68,4851.84,0.15,822.36
ORD10833,2023-02-20,Mouse,Electronics,West,Maharashtra,Consumer,2,954.65,1718.37,0.1,178.76
ORD10834,2025-06-08,Office Chair,Furniture,South,Telangana,Consumer,5,8054.67,38259.69,0.05,6727.03
ORD10835,2023-02-12,Desk,Furniture,East,Bihar,Consumer,5,12536.45,62682.23,0.0,11657.94
ORD10836,2025-10-18,Office Chair,Furniture,North,Delhi,Corporate,1,7779.1,7779.1,0.0,1504.37
ORD10837,2023-11-20,Laptop,Electronics,South,Karnataka,Corporate,3,52504.36,157513.08,0.0,21861.87
ORD10838,2023-06-04,Printer,Office Supplies,North,Punjab,Consumer,5,14564.71,72823.56,0.0,15404.22
ORD10839,2023-04-17,Office Chair,Furniture,East,Odisha,Small Business,4,8496.72,32287.52,0.05,4728.83
ORD10840,2023-01-29,Laptop,Electronics,West,Maharashtra,Small Business,5,49913.23,237087.82,0.05,39203.52
ORD10841,2024-07-03,Monitor,Electronics,West,Gujarat,Consumer,5,17177.61,81593.65,0.05,13318.4
ORD10842,2023-12-21,Monitor,Electronics,South,Telangana,Consumer,1,14251.15,12826.04,0.1,1878.51
ORD10843,2024-05-26,Printer,Office Supplies,South,Karnataka,Consumer,1,13719.12,12347.21,0.1,2807.48
ORD10844,2023-07-04,Office Chair,Furniture,North,Punjab,Consumer,3,9538.72,28616.17,0.0,4613.56
ORD10845,2024-11-11,Headphones,Electronics,South,Telangana,Consumer,4,3101.67,12406.69,0.0,1617.99
ORD10846,2024-09-16,Office Chair,Furniture,East,West Bengal,Small Business,2,8797.46,17594.93,0.0,3321.46
ORD10847,2025-08-26,Backpack,Accessories,East,Odisha,Small Business,5,1905.34,8097.67,0.15,1498.67
ORD10848,2024-07-22,Office Chair,Furniture,South,Telangana,Consumer,4,8520.91,27266.92,0.2,4623.99
ORD10849,2023-01-17,Printer,Office Supplies,South,Tamil Nadu,Corporate,3,15524.21,41915.37,0.1,9145.31
ORD10850,2023-11-14,Smartphone,Electronics,South,Karnataka,Consumer,2,30112.22,60224.44,0.0,8270.31
ORD10851,2023-11-08,Tablet,Electronics,West,Maharashtra,Consumer,2,24189.92,41122.86,0.15,6736.41
ORD10852,2025-01-04,Printer,Office Supplies,North,Delhi,Small Business,1,15141.07,13626.96,0.1,2710.13
ORD10853,2025-03-17,Headphones,Electronics,East,Bihar,Consumer,5,3498.39,14868.14,0.15,2087.74
ORD10854,2023-01-21,Laptop,Electronics,North,Delhi,Corporate,5,45334.54,204005.42,0.1,31098.44
ORD10855,2024-08-19,Keyboard,Electronics,East,West Bengal,Corporate,4,1651.74,5946.25,0.1,841.7
ORD10856,2025-02-24,Desk,Furniture,South,Karnataka,Consumer,4,12863.26,46307.74,0.1,7806.7
ORD10857,2025-09-27,Desk,Furniture,North,Punjab,Small Business,1,12774.51,12135.78,0.05,2197.51
ORD10858,2024-03-29,Keyboard,Electronics,North,Delhi,Small Business,5,1868.21,8406.94,0.1,1152.07
ORD10859,2024-06-05,Printer,Office Supplies,East,Odisha,Corporate,4,12896.07,49005.05,0.05,10119.98
ORD10860,2023-02-21,Office Chair,Furniture,East,Bihar,Consumer,2,9041.19,16274.15,0.1,2611.05
ORD10861,2024-11-24,Office Chair,Furniture,South,Telangana,Corporate,1,8358.95,7523.05,0.1,1374.89
ORD10862,2024-11-04,Printer,Office Supplies,West,Maharashtra,Consumer,1,14810.05,14810.05,0.0,3148.69
ORD10863,2023-06-15,Laptop,Electronics,West,Maharashtra,Corporate,3,48067.21,144201.62,0.0,17537.81
ORD10864,2023-10-15,Headphones,Electronics,South,Telangana,Corporate,4,3503.46,12612.46,0.1,1924.23
ORD10865,2025-04-23,Desk,Furniture,West,Maharashtra,Consumer,2,12071.98,22936.77,0.05,4304.81
ORD10866,2023-07-20,Headphones,Electronics,South,Tamil Nadu,Consumer,2,3274.3,5893.74,0.1,769.69
ORD10867,2025-05-08,Notebook,Office Supplies,East,Odisha,Consumer,2,348.95,697.9,0.0,159.93
ORD10868,2024-08-02,Mouse,Electronics,South,Tamil Nadu,Corporate,5,816.87,3675.91,0.1,367.04
ORD10869,2025-01-20,Keyboard,Electronics,East,Odisha,Corporate,4,1886.74,6792.26,0.1,896.73
ORD10870,2025-09-17,Keyboard,Electronics,South,Karnataka,Consumer,5,1848.6,8318.7,0.1,1196.06
ORD10871,2025-06-30,Laptop,Electronics,West,Maharashtra,Consumer,5,52682.85,237072.84,0.1,33286.41
ORD10872,2025-04-23,Headphones,Electronics,East,Odisha,Corporate,5,3615.32,18076.6,0.0,2652.04
ORD10873,2025-01-01,Tablet,Electronics,East,West Bengal,Small Business,1,21671.25,19504.12,0.1,2651.37
ORD10874,2023-04-17,Smartphone,Electronics,South,Karnataka,Small Business,5,29391.48,132261.67,0.1,17426.95
ORD10875,2025-09-01,Desk,Furniture,South,Karnataka,Corporate,4,12372.0,42064.79,0.15,7951.58
ORD10876,2023-04-25,Smartphone,Electronics,North,Haryana,Corporate,1,26735.94,26735.94,0.0,3667.88
ORD10877,2025-12-28,Backpack,Accessories,West,Rajasthan,Corporate,5,1856.61,8818.91,0.05,1762.06
ORD10878,2023-12-20,Printer,Office Supplies,West,Maharashtra,Small Business,4,13626.9,43606.08,0.2,9511.91
ORD10879,2025-11-21,Notebook,Office Supplies,North,Haryana,Consumer,2,343.95,619.1,0.1,131.52
ORD10880,2025-02-27,Keyboard,Electronics,East,Odisha,Consumer,1,1701.64,1361.31,0.2,187.27
ORD10881,2023-09-11,Laptop,Electronics,West,Gujarat,Corporate,2,53966.36,97139.45,0.1,13196.04
ORD10882,2025-04-05,Notebook,Office Supplies,South,Tamil Nadu,Consumer,2,384.41,653.49,0.15,89.96
ORD10883,2025-01-20,Keyboard,Electronics,West,Gujarat,Corporate,4,1400.84,4762.85,0.15,616.17
ORD10884,2024-01-21,Tablet,Electronics,North,Haryana,Consumer,3,24698.66,66686.39,0.1,8457.49
ORD10885,2024-02-02,Notebook,Office Supplies,West,Maharashtra,Small Business,5,294.34,1250.94,0.15,238.69
ORD10886,2025-12-25,Smartphone,Electronics,East,Bihar,Small Business,5,24796.23,117782.11,0.05,17139.25
ORD10887,2023-05-08,Notebook,Office Supplies,South,Telangana,Consumer,5,350.21,1575.93,0.1,338.33
ORD10888,2025-04-26,Desk,Furniture,East,Odisha,Consumer,2,12961.95,23331.51,0.1,4100.84
ORD10889,2024-11-05,Desk,Furniture,South,Karnataka,Corporate,4,12370.7,44534.52,0.1,7412.37
ORD10890,2025-06-29,Backpack,Accessories,North,Punjab,Corporate,4,1855.14,6678.49,0.1,1354.03
ORD10891,2024-04-04,Headphones,Electronics,South,Tamil Nadu,Consumer,3,3221.77,8698.77,0.1,1356.92
ORD10892,2025-02-01,Office Chair,Furniture,South,Tamil Nadu,Corporate,1,9731.66,8758.5,0.1,1462.36
ORD10893,2024-03-03,Notebook,Office Supplies,West,Maharashtra,Consumer,2,338.88,677.77,0.0,130.33
ORD10894,2024-12-17,Tablet,Electronics,East,Bihar,Consumer,3,24038.99,68511.13,0.05,9584.92
ORD10895,2024-12-06,Desk,Furniture,North,Punjab,Small Business,4,12832.49,51329.98,0.0,9534.17
ORD10896,2025-10-28,Notebook,Office Supplies,West,Rajasthan,Consumer,5,349.78,1748.89,0.0,411.94
ORD10897,2025-07-11,Desk,Furniture,East,Odisha,Corporate,5,15052.67,75263.35,0.0,13767.87
ORD10898,2023-10-04,Notebook,Office Supplies,East,Bihar,Consumer,4,312.61,1125.39,0.1,235.75
ORD10899,2023-08-25,Headphones,Electronics,East,Odisha,Consumer,3,3626.63,10879.89,0.0,1232.41
ORD10900,2023-05-11,Desk,Furniture,East,Odisha,Corporate,1,12560.18,11932.17,0.05,2187.3
ORD10901,2024-06-26,Backpack,Accessories,East,Bihar,Consumer,2,1781.31,3562.61,0.0,729.87
ORD10902,2023-02-16,Mouse,Electronics,North,Delhi,Corporate,5,917.18,3898.0,0.15,493.78
ORD10903,2025-02-05,Backpack,Accessories,South,Telangana,Small Business,3,1714.22,4371.26,0.15,785.9
ORD10904,2024-08-02,Notebook,Office Supplies,North,Haryana,Consumer,4,347.06,1249.42,0.1,283.69
ORD10905,2024-09-27,Monitor,Electronics,West,Maharashtra,Small Business,3,15380.89,43835.54,0.05,6095.74
ORD10906,2023-04-25,Desk,Furniture,East,Odisha,Corporate,4,10524.05,39991.41,0.05,6707.88
ORD10907,2025-02-08,Laptop,Electronics,North,Haryana,Consumer,2,48971.6,83251.72,0.15,12187.98
ORD10908,2024-09-07,Printer,Office Supplies,West,Maharashtra,Small Business,1,12887.47,12243.1,0.05,3043.51
ORD10909,2023-09-08,Desk,Furniture,North,Delhi,Consumer,4,10661.65,38381.94,0.1,7206.88
ORD10910,2024-12-19,Backpack,Accessories,North,Punjab,Consumer,5,1778.41,8892.05,0.0,1643.56
ORD10911,2024-08-05,Keyboard,Electronics,West,Gujarat,Consumer,2,1911.03,3822.06,0.0,550.71
ORD10912,2024-05-14,Headphones,Electronics,East,Bihar,Consumer,3,3392.86,9669.64,0.05,1341.12
ORD10913,2023-03-29,Smartphone,Electronics,West,Gujarat,Consumer,5,33663.52,151485.83,0.1,18923.51
ORD10914,2025-01-31,Keyboard,Electronics,East,Odisha,Consumer,4,1683.17,6059.42,0.1,626.06
ORD10915,2023-07-16,Mouse,Electronics,East,West Bengal,Corporate,2,858.07,1544.53,0.1,205.16
ORD10916,2024-01-14,Smartphone,Electronics,East,West Bengal,Consumer,5,30155.25,143237.43,0.05,20775.96
ORD10917,2024-03-18,Keyboard,Electronics,East,Bihar,Consumer,4,1590.53,5089.71,0.2,620.32
ORD10918,2023-04-29,Mouse,Electronics,East,West Bengal,Corporate,2,994.7,1690.98,0.15,249.56
ORD10919,2024-07-10,Office Chair,Furniture,North,Delhi,Corporate,3,8086.88,23047.61,0.05,3945.47
ORD10920,2023-06-21,Mouse,Electronics,West,Gujarat,Small Business,4,912.76,3285.94,0.1,445.78
ORD10921,2023-07-06,Printer,Office Supplies,East,West Bengal,Consumer,5,13275.31,59738.88,0.1,13523.29
ORD10922,2023-06-21,Office Chair,Furniture,West,Gujarat,Consumer,5,8459.3,35952.02,0.15,6823.82
ORD10923,2025-05-14,Smartphone,Electronics,East,West Bengal,Small Business,2,29856.31,56727.0,0.05,9443.59
ORD10924,2023-07-10,Tablet,Electronics,West,Gujarat,Small Business,5,25106.05,125530.27,0.0,18391.0
ORD10925,2024-03-18,Office Chair,Furniture,West,Maharashtra,Corporate,5,8123.69,38587.54,0.05,6850.5
ORD10926,2025-12-28,Desk,Furniture,North,Delhi,Corporate,2,11169.24,20104.63,0.1,3850.04
ORD10927,2025-04-24,Headphones,Electronics,South,Telangana,Consumer,5,3647.85,15503.34,0.15,2021.23
ORD10928,2023-05-28,Notebook,Office Supplies,East,Bihar,Consumer,3,343.21,978.15,0.05,249.58
ORD10929,2023-12-04,Office Chair,Furniture,West,Maharashtra,Consumer,3,9109.13,27327.39,0.0,4989.45
ORD10930,2023-05-30,Laptop,Electronics,North,Delhi,Corporate,5,51916.41,246602.93,0.05,29365.56
ORD10931,2023-04-28,Tablet,Electronics,North,Delhi,Consumer,1,20467.86,20467.86,0.0,3069.12
ORD10932,2024-09-19,Desk,Furniture,South,Telangana,Consumer,2,12809.61,25619.22,0.0,5014.54
ORD10933,2023-02-25,Printer,Office Supplies,North,Punjab,Small Business,4,13310.16,47916.57,0.1,9865.95
ORD10934,2024-02-15,Keyboard,Electronics,North,Punjab,Consumer,3,1591.44,4058.16,0.15,500.62
ORD10935,2025-08-25,Mouse,Electronics,North,Haryana,Consumer,1,987.94,987.94,0.0,137.05
ORD10936,2024-02-08,Office Chair,Furniture,South,Telangana,Consumer,5,8619.88,40944.43,0.05,7154.7
ORD10937,2024-08-07,Tablet,Electronics,South,Telangana,Consumer,3,22936.77,65369.8,0.05,8187.2
ORD10938,2024-02-04,Headphones,Electronics,South,Tamil Nadu,Consumer,2,3697.24,7394.47,0.0,1098.26
ORD10939,2024-01-01,Printer,Office Supplies,South,Karnataka,Consumer,2,11621.26,18594.02,0.2,3749.4
ORD10940,2023-12-27,Tablet,Electronics,North,Delhi,Consumer,3,24429.87,73289.62,0.0,10483.9
ORD10941,2023-10-19,Printer,Office Supplies,East,Odisha,Corporate,4,14679.54,52846.35,0.1,11477.1
ORD10942,2023-12-24,Monitor,Electronics,East,West Bengal,Consumer,2,15493.17,30986.33,0.0,4665.57
ORD10943,2024-07-14,Laptop,Electronics,South,Telangana,Small Business,1,56267.88,53454.48,0.05,8150.05
ORD10944,2025-01-25,Monitor,Electronics,West,Rajasthan,Corporate,4,14823.94,53366.18,0.1,6027.92
ORD10945,2024-03-09,Office Chair,Furniture,East,Odisha,Consumer,4,7002.47,25208.88,0.1,4923.08
ORD10946,2024-04-11,Mouse,Electronics,South,Karnataka,Consumer,3,854.22,2178.27,0.15,299.85
ORD10947,2025-01-21,Headphones,Electronics,North,Haryana,Corporate,1,3123.57,2811.21,0.1,406.64
ORD10948,2023-10-15,Headphones,Electronics,North,Haryana,Consumer,1,3732.57,3545.95,0.05,445.06
ORD10949,2024-10-25,Smartphone,Electronics,West,Gujarat,Small Business,1,29443.71,29443.71,0.0,3657.53
ORD10950,2024-07-08,Keyboard,Electronics,South,Telangana,Consumer,2,1674.64,3349.29,0.0,493.97
ORD10951,2025-09-16,Headphones,Electronics,South,Telangana,Corporate,2,3177.16,6036.6,0.05,725.85
ORD10952,2025-02-01,Tablet,Electronics,North,Delhi,Consumer,3,24152.63,72457.9,0.0,12378.14
ORD10953,2023-06-19,Monitor,Electronics,North,Punjab,Consumer,3,12356.58,31509.28,0.15,3559.95
ORD10954,2025-09-22,Office Chair,Furniture,South,Telangana,Consumer,1,8983.8,7636.23,0.15,1192.89
ORD10955,2025-11-24,Printer,Office Supplies,North,Delhi,Consumer,1,14520.18,14520.18,0.0,3410.3
ORD10956,2025-05-17,Printer,Office Supplies,West,Gujarat,Consumer,4,13636.45,54545.81,0.0,11541.95
ORD10957,2023-12-10,Keyboard,Electronics,South,Karnataka,Small Business,5,2152.22,10223.05,0.05,1284.87
ORD10958,2024-12-14,Smartphone,Electronics,West,Gujarat,Consumer,1,26429.25,25107.79,0.05,3974.09
ORD10959,2023-07-22,Laptop,Electronics,North,Haryana,Consumer,1,60313.62,60313.62,0.0,9298.24
ORD10960,2023-01-31,Backpack,Accessories,North,Delhi,Corporate,1,1912.57,1721.31,0.1,360.25
ORD10961,2024-03-04,Backpack,Accessories,East,West Bengal,Consumer,3,1588.29,4288.38,0.1,813.47
ORD10962,2023-04-05,Headphones,Electronics,West,Maharashtra,Small Business,2,3905.36,6639.11,0.15,895.16
ORD10963,2025-11-05,Mouse,Electronics,East,West Bengal,Corporate,2,862.95,1639.6,0.05,173.13
ORD10964,2025-05-31,Backpack,Accessories,North,Haryana,Corporate,3,1707.6,4610.53,0.1,794.4
ORD10965,2023-03-26,Notebook,Office Supplies,South,Karnataka,Consumer,1,340.08,289.06,0.15,63.11
ORD10966,2025-02-16,Tablet,Electronics,North,Delhi,Corporate,4,23083.36,83100.08,0.1,11734.1
ORD10967,2024-12-04,Printer,Office Supplies,West,Maharashtra,Consumer,4,15485.26,55746.95,0.1,11389.03
ORD10968,2025-08-06,Tablet,Electronics,West,Rajasthan,Consumer,3,22525.83,60819.75,0.1,5710.34
ORD10969,2025-07-15,Notebook,Office Supplies,West,Gujarat,Consumer,3,339.33,916.18,0.1,171.54
ORD10970,2024-01-05,Mouse,Electronics,West,Maharashtra,Consumer,5,883.43,3975.44,0.1,579.72
ORD10971,2024-04-05,Notebook,Office Supplies,East,Odisha,Corporate,5,337.24,1517.58,0.1,336.49
ORD10972,2025-04-26,Backpack,Accessories,South,Karnataka,Consumer,3,1692.19,4568.91,0.1,970.24
ORD10973,2024-09-12,Keyboard,Electronics,North,Punjab,Corporate,3,1565.19,4460.78,0.05,557.08
ORD10974,2023-05-22,Headphones,Electronics,North,Punjab,Corporate,3,3465.8,10397.41,0.0,1644.84
ORD10975,2023-12-19,Notebook,Office Supplies,West,Maharashtra,Consumer,2,349.77,664.55,0.05,151.56
ORD10976,2023-11-21,Desk,Furniture,East,West Bengal,Corporate,5,12019.69,60098.44,0.0,10839.23
ORD10977,2024-07-23,Monitor,Electronics,North,Delhi,Small Business,2,14848.52,26727.33,0.1,3901.36
ORD10978,2023-08-09,Headphones,Electronics,North,Punjab,Corporate,4,3433.45,13733.79,0.0,1651.49
ORD10979,2024-08-14,Backpack,Accessories,West,Maharashtra,Consumer,1,1730.21,1730.21,0.0,386.3
ORD10980,2023-01-03,Printer,Office Supplies,West,Maharashtra,Corporate,2,16031.38,32062.77,0.0,6925.1
ORD10981,2024-07-31,Office Chair,Furniture,South,Karnataka,Corporate,5,9130.06,45650.3,0.0,8225.51
ORD10982,2023-06-22,Printer,Office Supplies,East,West Bengal,Corporate,2,14534.37,26161.87,0.1,5213.37
ORD10983,2025-09-28,Laptop,Electronics,South,Telangana,Consumer,1,51670.51,49086.99,0.05,6975.34
ORD10984,2024-05-26,Monitor,Electronics,North,Punjab,Corporate,5,14852.79,66837.55,0.1,9634.91
ORD10985,2025-08-13,Tablet,Electronics,North,Punjab,Consumer,4,28938.11,98389.56,0.15,11037.44
ORD10986,2025-09-25,Laptop,Electronics,North,Delhi,Consumer,4,48023.53,172884.7,0.1,20769.21
ORD10987,2023-03-01,Monitor,Electronics,West,Gujarat,Consumer,2,13625.73,25888.88,0.05,3047.92
ORD10988,2025-01-01,Backpack,Accessories,East,West Bengal,Consumer,4,2026.16,7294.17,0.1,1359.85
ORD10989,2023-02-16,Desk,Furniture,South,Karnataka,Consumer,5,14013.61,59557.84,0.15,9607.13
ORD10990,2025-03-17,Laptop,Electronics,East,Bihar,Corporate,5,57081.32,285406.62,0.0,41225.67
ORD10991,2023-10-13,Office Chair,Furniture,South,Telangana,Consumer,4,8137.98,27669.14,0.15,5012.39
ORD10992,2025-04-10,Laptop,Electronics,West,Rajasthan,Consumer,5,49907.51,249537.55,0.0,44534.39
ORD10993,2024-02-03,Monitor,Electronics,East,Odisha,Small Business,3,16727.2,50181.61,0.0,6838.43
ORD10994,2023-06-25,Monitor,Electronics,South,Telangana,Corporate,2,15455.21,29364.89,0.05,4561.36
ORD10995,2024-08-07,Tablet,Electronics,West,Rajasthan,Consumer,5,22455.36,101049.14,0.1,15240.76
ORD10996,2025-10-30,Backpack,Accessories,West,Maharashtra,Consumer,1,1801.29,1801.29,0.0,338.19
ORD10997,2024-11-28,Notebook,Office Supplies,West,Gujarat,Consumer,2,372.6,707.94,0.05,164.03
ORD10998,2023-11-30,Tablet,Electronics,North,Delhi,Small Business,2,24667.31,49334.62,0.0,6932.53
ORD10999,2023-09-13,Smartphone,Electronics,South,Telangana,Small Business,2,25889.65,49190.34,0.05,7175.31
ORD11000,2025-02-11,Office Chair,Furniture,North,Haryana,Corporate,3,8050.74,20529.39,0.15,2871.83
ORD11001,2023-06-19,Mouse,Electronics,East,Odisha,Consumer,1,835.58,752.02,0.1,86.81
ORD11002,2025-07-15,Mouse,Electronics,South,Telangana,Consumer,5,791.63,3958.15,0.0,579.16
ORD11003,2023-06-02,Keyboard,Electronics,South,Karnataka,Consumer,3,2075.66,5915.64,0.05,911.13
ORD11004,2025-08-17,Smartphone,Electronics,North,Punjab,Consumer,5,30427.56,136924.01,0.1,18260.34
ORD11005,2024-11-12,Printer,Office Supplies,West,Rajasthan,Corporate,1,13721.08,12348.97,0.1,2460.84
ORD11006,2024-08-06,Headphones,Electronics,East,West Bengal,Corporate,3,3219.35,7726.45,0.2,788.4
ORD11007,2025-11-04,Printer,Office Supplies,East,Bihar,Consumer,2,13893.21,27786.42,0.0,6380.13
ORD11008,2024-06-09,Tablet,Electronics,West,Maharashtra,Consumer,3,26853.19,76531.6,0.05,9145.12
ORD11009,2025-12-17,Mouse,Electronics,West,Gujarat,Consumer,5,834.88,3965.68,0.05,529.25
ORD11010,2023-10-21,Tablet,Electronics,North,Haryana,Consumer,2,25729.24,51458.48,0.0,7809.03
ORD11011,2023-05-01,Headphones,Electronics,East,West Bengal,Consumer,3,3474.55,9381.28,0.1,1489.97
ORD11012,2025-02-22,Headphones,Electronics,West,Rajasthan,Consumer,1,3909.69,3909.69,0.0,565.86
ORD11013,2024-09-30,Backpack,Accessories,South,Telangana,Consumer,1,1818.58,1545.79,0.15,277.27
ORD11014,2024-04-13,Desk,Furniture,East,Odisha,Corporate,2,11734.8,23469.6,0.0,4251.97
ORD11015,2024-12-12,Desk,Furniture,North,Haryana,Consumer,3,13398.98,36177.25,0.1,6321.52
ORD11016,2023-05-14,Printer,Office Supplies,North,Haryana,Consumer,5,13022.73,58602.3,0.1,10397.04
ORD11017,2023-01-17,Laptop,Electronics,South,Telangana,Small Business,1,50579.3,40463.44,0.2,5500.28
ORD11018,2023-12-08,Desk,Furniture,East,West Bengal,Consumer,3,11262.76,27030.63,0.2,4788.69
ORD11019,2023-10-02,Office Chair,Furniture,South,Telangana,Small Business,2,7158.56,13601.27,0.05,2564.11
ORD11020,2023-05-29,Backpack,Accessories,West,Rajasthan,Consumer,3,2008.65,5724.64,0.05,1181.41
ORD11021,2024-12-01,Desk,Furniture,South,Tamil Nadu,Corporate,1,11378.18,9671.45,0.15,1515.72
ORD11022,2023-05-31,Smartphone,Electronics,South,Tamil Nadu,Small Business,4,23682.35,80520.0,0.15,9041.67
ORD11023,2023-12-16,Keyboard,Electronics,North,Haryana,Small Business,2,1908.4,3625.97,0.05,528.03
ORD11024,2024-09-03,Headphones,Electronics,West,Rajasthan,Consumer,5,3605.31,17125.21,0.05,1735.01
ORD11025,2024-06-28,Notebook,Office Supplies,East,Odisha,Consumer,2,309.39,618.79,0.0,125.26
ORD11026,2024-11-13,Tablet,Electronics,South,Tamil Nadu,Corporate,1,21007.84,21007.84,0.0,3155.19
ORD11027,2024-11-08,Tablet,Electronics,West,Maharashtra,Corporate,1,27240.95,24516.86,0.1,2908.82
ORD11028,2024-11-17,Desk,Furniture,East,Odisha,Consumer,3,11878.97,33855.06,0.05,5974.3
ORD11029,2023-12-22,Office Chair,Furniture,North,Punjab,Consumer,2,8494.94,15290.9,0.1,2720.61
ORD11030,2023-10-29,Desk,Furniture,East,Bihar,Corporate,5,13123.26,52493.05,0.2,8211.45
ORD11031,2025-10-01,Printer,Office Supplies,North,Haryana,Consumer,2,12714.09,25428.18,0.0,5565.14
ORD11032,2024-10-18,Mouse,Electronics,North,Punjab,Corporate,1,935.25,888.49,0.05,115.32
ORD11033,2023-07-24,Laptop,Electronics,South,Telangana,Corporate,3,55513.41,166540.24,0.0,21699.32
ORD11034,2025-09-24,Monitor,Electronics,West,Maharashtra,Consumer,3,15943.59,43047.69,0.1,5331.06
ORD11035,2025-11-17,Notebook,Office Supplies,East,West Bengal,Corporate,1,385.45,327.63,0.15,65.17
ORD11036,2025-06-30,Laptop,Electronics,South,Telangana,Consumer,3,46407.68,125300.74,0.1,16555.91
ORD11037,2025-06-29,Keyboard,Electronics,North,Punjab,Consumer,3,1791.21,5104.95,0.05,825.76
ORD11038,2025-03-03,Monitor,Electronics,North,Punjab,Corporate,4,16325.02,58770.07,0.1,7692.75
ORD11039,2023-09-22,Tablet,Electronics,South,Tamil Nadu,Consumer,1,22641.56,20377.4,0.1,2865.97
ORD11040,2025-02-21,Desk,Furniture,West,Rajasthan,Corporate,1,12325.4,11709.13,0.05,1975.26
ORD11041,2023-11-20,Office Chair,Furniture,West,Gujarat,Small Business,2,8635.16,13816.26,0.2,2383.63
ORD11042,2025-04-27,Tablet,Electronics,West,Rajasthan,Consumer,1,21995.68,21995.68,0.0,3085.88
ORD11043,2024-03-12,Headphones,Electronics,West,Gujarat,Consumer,1,3729.43,3356.49,0.1,404.27
ORD11044,2023-05-16,Monitor,Electronics,South,Tamil Nadu,Corporate,1,14516.31,14516.31,0.0,2265.63
ORD11045,2025-03-07,Printer,Office Supplies,North,Haryana,Consumer,3,13890.8,33337.91,0.2,6468.5
ORD11046,2024-11-08,Tablet,Electronics,North,Delhi,Corporate,1,22251.06,18913.4,0.15,2595.33
ORD11047,2024-07-12,Mouse,Electronics,North,Haryana,Consumer,2,890.11,1691.21,0.05,244.75
ORD11048,2024-10-20,Keyboard,Electronics,West,Gujarat,Consumer,5,1600.69,7603.26,0.05,1007.25
ORD11049,2023-01-28,Keyboard,Electronics,West,Maharashtra,Consumer,3,2062.17,6186.51,0.0,906.85
ORD11050,2023-08-24,Keyboard,Electronics,North,Delhi,Corporate,2,1643.44,2958.19,0.1,372.77
ORD11051,2024-06-08,Printer,Office Supplies,East,Odisha,Corporate,2,12515.93,23780.27,0.05,4738.28
ORD11052,2024-09-13,Office Chair,Furniture,East,Bihar,Consumer,1,9044.92,9044.92,0.0,1789.61
ORD11053,2025-08-19,Printer,Office Supplies,South,Tamil Nadu,Small Business,4,12716.14,48321.34,0.05,10545.85
ORD11054,2025-10-24,Backpack,Accessories,East,Odisha,Corporate,4,1961.56,7846.22,0.0,1404.84
ORD11055,2023-09-01,Smartphone,Electronics,North,Delhi,Small Business,3,32102.11,81860.39,0.15,11728.32
ORD11056,2023-01-16,Backpack,Accessories,East,Bihar,Consumer,4,1885.79,6411.68,0.15,1357.85
ORD11057,2025-07-01,Backpack,Accessories,West,Rajasthan,Consumer,3,2012.14,5432.79,0.1,1152.86
ORD11058,2025-03-29,Laptop,Electronics,East,Bihar,Consumer,5,53372.4,253518.88,0.05,37117.72
ORD11059,2024-10-26,Backpack,Accessories,North,Haryana,Consumer,3,1685.04,5055.12,0.0,1006.17
ORD11060,2024-07-11,Desk,Furniture,West,Maharashtra,Small Business,2,13665.67,24598.21,0.1,4532.39
ORD11061,2023-10-24,Notebook,Office Supplies,East,Odisha,Corporate,1,332.29,332.29,0.0,72.87
ORD11062,2025-09-19,Monitor,Electronics,East,Bihar,Corporate,3,17485.3,49833.1,0.05,6604.88
ORD11063,2025-07-21,Notebook,Office Supplies,West,Rajasthan,Corporate,5,315.43,1261.74,0.2,271.68
ORD11064,2025-09-02,Tablet,Electronics,East,Odisha,Consumer,4,23297.41,83870.68,0.1,8937.95
ORD11065,2023-09-23,Tablet,Electronics,South,Tamil Nadu,Consumer,4,23279.23,93116.93,0.0,12026.05
ORD11066,2024-09-23,Headphones,Electronics,East,Bihar,Corporate,1,3402.42,3062.18,0.1,335.36
ORD11067,2025-02-10,Headphones,Electronics,West,Rajasthan,Corporate,5,3671.24,18356.21,0.0,2445.29
ORD11068,2023-01-30,Laptop,Electronics,East,Odisha,Small Business,5,50376.75,226695.36,0.1,28579.51
ORD11069,2025-12-14,Printer,Office Supplies,North,Punjab,Consumer,1,13395.03,13395.03,0.0,2973.83
ORD11070,2023-01-06,Backpack,Accessories,West,Maharashtra,Corporate,3,2137.79,5772.02,0.1,1120.33
ORD11071,2025-09-01,Tablet,Electronics,East,Bihar,Corporate,1,21353.16,19217.84,0.1,2615.26
ORD11072,2025-09-15,Notebook,Office Supplies,South,Karnataka,Consumer,5,350.4,1576.81,0.1,317.26
ORD11073,2025-10-03,Mouse,Electronics,East,West Bengal,Corporate,4,953.48,3623.24,0.05,476.76
ORD11074,2023-09-24,Desk,Furniture,North,Delhi,Small Business,3,9059.65,25819.99,0.05,5007.89
ORD11075,2024-10-14,Smartphone,Electronics,North,Punjab,Corporate,1,25104.5,21338.82,0.15,2767.03
ORD11076,2023-10-03,Printer,Office Supplies,North,Delhi,Consumer,2,14535.67,26164.21,0.1,4960.09
ORD11077,2025-06-02,Notebook,Office Supplies,South,Karnataka,Small Business,1,333.6,333.6,0.0,76.65
ORD11078,2024-12-24,Smartphone,Electronics,West,Rajasthan,Consumer,5,30595.71,137680.71,0.1,18030.25
ORD11079,2025-12-09,Mouse,Electronics,South,Telangana,Consumer,5,900.08,4275.36,0.05,474.17
ORD11080,2024-04-15,Tablet,Electronics,North,Haryana,Consumer,3,23568.52,70705.55,0.0,9765.18
ORD11081,2023-06-07,Laptop,Electronics,South,Tamil Nadu,Small Business,5,50442.16,239600.24,0.05,36088.76
ORD11082,2025-02-27,Smartphone,Electronics,East,Bihar,Consumer,2,27153.76,48876.77,0.1,5742.9
ORD11083,2025-06-11,Headphones,Electronics,South,Karnataka,Consumer,2,3630.54,6171.92,0.15,869.58
ORD11084,2025-11-13,Tablet,Electronics,North,Haryana,Corporate,4,28469.39,108183.67,0.05,13804.93
ORD11085,2025-12-08,Monitor,Electronics,South,Tamil Nadu,Corporate,3,14715.72,39732.45,0.1,5086.1
ORD11086,2025-07-06,Printer,Office Supplies,South,Telangana,Consumer,2,13775.76,26173.95,0.05,5602.46
ORD11087,2025-06-27,Desk,Furniture,West,Maharashtra,Consumer,2,12197.02,21954.64,0.1,4021.99
ORD11088,2023-02-19,Office Chair,Furniture,North,Haryana,Corporate,5,8202.3,36910.35,0.1,6008.4
ORD11089,2024-10-15,Tablet,Electronics,East,Odisha,Corporate,5,22923.02,108884.33,0.05,15085.26
ORD11090,2023-09-09,Monitor,Electronics,West,Gujarat,Consumer,5,16659.02,79130.37,0.05,12830.87
ORD11091,2025-07-13,Tablet,Electronics,South,Telangana,Consumer,3,23920.63,68173.8,0.05,9941.02
ORD11092,2024-12-30,Office Chair,Furniture,East,Odisha,Consumer,1,9671.7,9671.7,0.0,1807.0
ORD11093,2024-01-04,Notebook,Office Supplies,North,Haryana,Consumer,4,417.13,1585.08,0.05,344.97
ORD11094,2025-07-22,Keyboard,Electronics,East,West Bengal,Corporate,4,2007.97,6425.51,0.2,863.63
ORD11095,2025-09-23,Backpack,Accessories,North,Haryana,Small Business,5,1719.44,8597.18,0.0,1561.85
ORD11096,2025-11-12,Keyboard,Electronics,South,Telangana,Corporate,3,1906.6,5433.81,0.05,642.84
ORD11097,2024-12-22,Headphones,Electronics,South,Tamil Nadu,Consumer,1,3694.94,3325.44,0.1,426.82
ORD11098,2024-07-06,Tablet,Electronics,South,Telangana,Consumer,1,21195.41,18016.1,0.15,2138.73
ORD11099,2024-05-04,Monitor,Electronics,West,Gujarat,Corporate,2,13104.34,24898.24,0.05,3333.01
ORD11100,2024-01-27,Printer,Office Supplies,South,Telangana,Corporate,1,13559.51,12881.53,0.05,2635.26
ORD11101,2023-03-14,Office Chair,Furniture,South,Karnataka,Small Business,4,8584.33,30903.59,0.1,5006.2
ORD11102,2023-05-24,Smartphone,Electronics,South,Tamil Nadu,Consumer,2,31341.11,56414.0,0.1,7669.75
ORD11103,2024-11-01,Desk,Furniture,North,Delhi,Consumer,2,12075.33,21735.6,0.1,3566.94
ORD11104,2024-11-14,Mouse,Electronics,East,Odisha,Consumer,5,979.07,4405.8,0.1,594.38
ORD11105,2023-07-25,Headphones,Electronics,South,Telangana,Consumer,1,3539.51,3185.56,0.1,458.38
ORD11106,2024-07-28,Notebook,Office Supplies,North,Delhi,Consumer,2,399.3,758.68,0.05,185.09
ORD11107,2025-04-22,Headphones,Electronics,East,Odisha,Corporate,3,3918.75,10580.63,0.1,1575.63
ORD11108,2025-05-07,Keyboard,Electronics,West,Rajasthan,Consumer,3,2027.38,5169.81,0.15,742.07
ORD11109,2025-02-07,Mouse,Electronics,North,Haryana,Consumer,5,969.2,4361.41,0.1,583.26
ORD11110,2025-05-12,Monitor,Electronics,West,Gujarat,Corporate,4,14599.34,55477.49,0.05,7852.74
ORD11111,2025-09-10,Notebook,Office Supplies,South,Telangana,Small Business,3,374.31,1122.92,0.0,235.37
ORD11112,2025-06-25,Smartphone,Electronics,North,Haryana,Corporate,2,25656.55,48747.45,0.05,7262.27
ORD11113,2024-10-10,Mouse,Electronics,South,Telangana,Consumer,5,896.75,4259.56,0.05,605.69
ORD11114,2025-02-17,Desk,Furniture,East,Odisha,Corporate,4,12990.26,51961.05,0.0,9245.86
ORD11115,2023-06-10,Mouse,Electronics,North,Haryana,Corporate,5,829.3,4146.49,0.0,653.08
ORD11116,2023-05-08,Headphones,Electronics,South,Telangana,Consumer,5,3554.43,14217.73,0.2,1714.63
ORD11117,2023-02-06,Laptop,Electronics,East,Bihar,Corporate,2,53462.09,90885.56,0.15,12473.7
ORD11118,2024-05-15,Keyboard,Electronics,East,Bihar,Consumer,3,1722.5,5167.51,0.0,734.92
ORD11119,2023-09-11,Keyboard,Electronics,East,West Bengal,Consumer,4,1689.02,6756.06,0.0,1279.65
ORD11120,2024-11-08,Laptop,Electronics,West,Maharashtra,Consumer,3,48214.24,144642.71,0.0,19792.27
ORD11121,2025-11-26,Mouse,Electronics,West,Rajasthan,Consumer,1,931.31,884.75,0.05,128.88
ORD11122,2025-11-26,Printer,Office Supplies,North,Delhi,Consumer,5,14952.55,71024.59,0.05,15502.7
ORD11123,2023-08-06,Printer,Office Supplies,West,Gujarat,Consumer,4,13533.98,51429.14,0.05,11047.99
ORD11124,2025-09-15,Headphones,Electronics,North,Punjab,Corporate,2,3117.18,5922.64,0.05,795.84
ORD11125,2023-12-17,Smartphone,Electronics,North,Delhi,Consumer,3,31104.74,88648.51,0.05,11957.58
ORD11126,2025-11-10,Backpack,Accessories,East,West Bengal,Consumer,1,1848.69,1756.25,0.05,349.11
ORD11127,2025-02-20,Tablet,Electronics,South,Karnataka,Consumer,1,22259.88,20033.89,0.1,2505.56
ORD11128,2023-04-11,Tablet,Electronics,West,Gujarat,Small Business,2,22658.08,38518.74,0.15,4658.5
ORD11129,2024-12-23,Smartphone,Electronics,North,Delhi,Small Business,3,29655.24,84517.43,0.05,11629.92
ORD11130,2024-04-11,Printer,Office Supplies,West,Maharashtra,Consumer,1,14856.58,13370.92,0.1,2802.51
ORD11131,2024-06-08,Laptop,Electronics,South,Telangana,Consumer,2,48037.45,86467.41,0.1,9471.89
ORD11132,2023-01-16,Mouse,Electronics,West,Gujarat,Consumer,2,946.85,1799.02,0.05,261.13
ORD11133,2025-03-29,Desk,Furniture,North,Punjab,Consumer,1,12517.86,11266.07,0.1,2081.67
ORD11134,2025-11-17,Backpack,Accessories,West,Maharashtra,Consumer,4,1702.4,6128.64,0.1,1272.05
ORD11135,2024-05-03,Headphones,Electronics,North,Haryana,Consumer,2,3807.65,7615.31,0.0,1114.14
ORD11136,2023-04-16,Notebook,Office Supplies,South,Telangana,Consumer,4,313.25,1253.01,0.0,292.7
ORD11137,2025-12-31,Mouse,Electronics,West,Rajasthan,Corporate,4,892.71,3570.85,0.0,483.53
ORD11138,2025-02-23,Mouse,Electronics,North,Punjab,Consumer,2,825.03,1402.55,0.15,206.52
ORD11139,2025-07-24,Notebook,Office Supplies,East,West Bengal,Consumer,4,334.88,1272.55,0.05,261.45
ORD11140,2024-12-17,Keyboard,Electronics,South,Tamil Nadu,Consumer,2,1881.56,3386.8,0.1,376.22
ORD11141,2023-11-07,Desk,Furniture,East,Bihar,Small Business,5,11756.87,55845.13,0.05,10766.31
ORD11142,2023-05-05,Notebook,Office Supplies,North,Punjab,Small Business,5,351.2,1755.99,0.0,400.65
ORD11143,2025-10-20,Backpack,Accessories,South,Tamil Nadu,Consumer,5,2055.7,9764.58,0.05,1875.79
ORD11144,2025-06-11,Office Chair,Furniture,East,West Bengal,Consumer,3,8347.05,21284.99,0.15,3559.58
ORD11145,2023-10-16,Tablet,Electronics,North,Punjab,Corporate,2,22934.07,43574.73,0.05,5918.7
ORD11146,2023-11-18,Office Chair,Furniture,North,Delhi,Small Business,1,8003.28,6802.79,0.15,1045.31
ORD11147,2025-10-13,Monitor,Electronics,East,Odisha,Corporate,3,14981.07,40448.88,0.1,5276.67
ORD11148,2023-01-27,Keyboard,Electronics,South,Karnataka,Corporate,3,1637.57,4175.8,0.15,592.78
ORD11149,2023-02-03,Printer,Office Supplies,North,Punjab,Corporate,2,12838.28,23108.9,0.1,4852.14
ORD11150,2023-03-07,Laptop,Electronics,West,Gujarat,Consumer,4,51347.75,205390.98,0.0,33982.02
ORD11151,2023-02-09,Office Chair,Furniture,West,Maharashtra,Consumer,1,8953.61,8058.24,0.1,1384.29
ORD11152,2023-09-10,Tablet,Electronics,North,Haryana,Consumer,1,23329.74,23329.74,0.0,3483.38
ORD11153,2025-03-12,Mouse,Electronics,East,Odisha,Small Business,1,914.45,777.28,0.15,102.38
ORD11154,2023-05-22,Headphones,Electronics,East,West Bengal,Corporate,5,3342.16,15039.71,0.1,1895.93
ORD11155,2023-11-07,Smartphone,Electronics,East,West Bengal,Small Business,3,29036.82,87110.47,0.0,13042.0
ORD11156,2025-01-05,Tablet,Electronics,West,Maharashtra,Consumer,2,22317.85,37940.35,0.15,4500.18
ORD11157,2023-03-22,Monitor,Electronics,North,Delhi,Consumer,1,14916.69,14916.69,0.0,2106.0
ORD11158,2023-11-21,Smartphone,Electronics,West,Gujarat,Corporate,5,29559.78,147798.91,0.0,17583.48
ORD11159,2023-01-15,Laptop,Electronics,West,Rajasthan,Small Business,4,53588.97,203638.07,0.05,27841.5
ORD11160,2023-01-31,Desk,Furniture,North,Haryana,Corporate,4,12017.04,48068.16,0.0,9767.78
ORD11161,2025-03-21,Printer,Office Supplies,South,Tamil Nadu,Consumer,4,11882.09,40399.1,0.15,6543.32
ORD11162,2025-09-19,Mouse,Electronics,West,Gujarat,Corporate,2,866.11,1558.99,0.1,166.42
ORD11163,2023-04-22,Mouse,Electronics,North,Punjab,Corporate,3,809.01,2184.33,0.1,285.63
ORD11164,2025-09-10,Keyboard,Electronics,South,Karnataka,Corporate,5,1591.73,7162.79,0.1,917.1
ORD11165,2023-10-30,Keyboard,Electronics,West,Rajasthan,Consumer,3,2008.0,5120.41,0.15,587.78
ORD11166,2025-01-20,Monitor,Electronics,East,Odisha,Consumer,1,14105.76,14105.76,0.0,1792.51
ORD11167,2024-08-11,Tablet,Electronics,West,Maharashtra,Small Business,3,26091.14,66532.42,0.15,9860.86
ORD11168,2024-07-11,Keyboard,Electronics,North,Haryana,Consumer,1,1640.77,1476.69,0.1,162.06
ORD11169,2023-04-08,Laptop,Electronics,East,Bihar,Consumer,4,49323.09,187427.75,0.05,26570.45
ORD11170,2025-02-11,Keyboard,Electronics,South,Karnataka,Corporate,2,1817.3,3271.15,0.1,415.42
ORD11171,2024-06-06,Headphones,Electronics,North,Haryana,Corporate,5,3605.39,16224.27,0.1,2004.32
ORD11172,2025-04-30,Headphones,Electronics,West,Rajasthan,Small Business,4,3550.64,13492.44,0.05,1725.56
ORD11173,2024-05-31,Keyboard,Electronics,South,Tamil Nadu,Corporate,3,1743.52,4445.96,0.15,606.78
ORD11174,2025-12-23,Keyboard,Electronics,South,Telangana,Consumer,3,1608.18,4100.85,0.15,453.46
ORD11175,2024-02-23,Mouse,Electronics,East,Bihar,Consumer,3,915.83,2335.37,0.15,239.71
ORD11176,2025-07-21,Keyboard,Electronics,East,Odisha,Consumer,2,1792.14,3405.06,0.05,427.69
ORD11177,2024-03-06,Headphones,Electronics,South,Tamil Nadu,Consumer,4,3771.62,13577.82,0.1,1867.15
ORD11178,2025-06-28,Laptop,Electronics,East,Bihar,Corporate,3,55291.1,149285.98,0.1,20827.77
ORD11179,2024-12-28,Office Chair,Furniture,East,Odisha,Corporate,1,8823.34,8382.17,0.05,1658.38
ORD11180,2024-04-21,Headphones,Electronics,South,Karnataka,Corporate,1,3981.25,3583.12,0.1,441.45
ORD11181,2024-04-11,Headphones,Electronics,East,Bihar,Consumer,3,4372.68,12462.13,0.05,1457.64
ORD11182,2024-03-13,Keyboard,Electronics,South,Karnataka,Consumer,4,1742.03,6619.7,0.05,765.24
ORD11183,2024-11-10,Headphones,Electronics,North,Haryana,Consumer,3,3631.9,10895.7,0.0,1637.35
ORD11184,2025-03-20,Desk,Furniture,East,Bihar,Small Business,3,12156.21,32821.77,0.1,6365.98
ORD11185,2023-01-05,Desk,Furniture,West,Gujarat,Consumer,3,11224.49,31989.8,0.05,5378.02
ORD11186,2025-06-08,Printer,Office Supplies,West,Rajasthan,Small Business,3,15417.86,46253.57,0.0,8372.22
ORD11187,2024-05-12,Desk,Furniture,West,Gujarat,Small Business,4,11815.02,42534.07,0.1,7259.02
ORD11188,2023-10-07,Tablet,Electronics,East,West Bengal,Small Business,2,25804.62,51609.24,0.0,5842.2
ORD11189,2025-05-15,Smartphone,Electronics,East,Bihar,Corporate,5,25345.43,107718.1,0.15,12403.23
ORD11190,2024-04-13,Desk,Furniture,East,West Bengal,Consumer,4,11956.96,47827.86,0.0,8599.15
ORD11191,2025-07-28,Mouse,Electronics,South,Karnataka,Small Business,4,793.28,2855.82,0.1,379.52
ORD11192,2024-08-15,Tablet,Electronics,North,Haryana,Corporate,3,21761.93,65285.79,0.0,9123.08
ORD11193,2023-02-20,Keyboard,Electronics,North,Delhi,Consumer,4,1577.52,5994.59,0.05,937.56
ORD11194,2025-05-31,Notebook,Office Supplies,East,Odisha,Consumer,4,370.94,1483.77,0.0,322.74
ORD11195,2025-08-01,Printer,Office Supplies,East,Bihar,Consumer,5,12110.6,54497.69,0.1,11142.28
ORD11196,2024-08-30,Keyboard,Electronics,West,Rajasthan,Corporate,3,1730.63,4932.29,0.05,670.04
ORD11197,2024-09-16,Mouse,Electronics,East,West Bengal,Corporate,3,874.51,2623.52,0.0,314.87
ORD11198,2023-06-10,Office Chair,Furniture,East,Odisha,Corporate,1,7002.66,6652.53,0.05,1153.53
ORD11199,2023-10-08,Notebook,Office Supplies,South,Karnataka,Consumer,5,348.15,1740.77,0.0,368.62
ORD11200,2025-08-18,Notebook,Office Supplies,North,Delhi,Corporate,2,356.46,712.92,0.0,166.48
ORD11201,2023-10-09,Desk,Furniture,East,Bihar,Corporate,5,11872.52,53426.32,0.1,9878.08
ORD11202,2024-06-13,Monitor,Electronics,North,Haryana,Corporate,5,16243.29,81216.47,0.0,11402.75
ORD11203,2025-09-10,Office Chair,Furniture,North,Haryana,Consumer,2,8074.19,14533.54,0.1,2321.76
ORD11204,2023-01-19,Tablet,Electronics,North,Haryana,Consumer,1,20420.4,18378.36,0.1,2025.46
ORD11205,2023-02-09,Printer,Office Supplies,North,Haryana,Small Business,3,14276.48,42829.43,0.0,8691.23
ORD11206,2025-11-05,Notebook,Office Supplies,East,West Bengal,Consumer,1,332.97,332.97,0.0,70.79
ORD11207,2024-05-31,Printer,Office Supplies,North,Punjab,Small Business,3,13661.86,38936.29,0.05,8112.35
ORD11208,2023-04-24,Office Chair,Furniture,East,West Bengal,Small Business,1,7884.69,7490.45,0.05,1430.46
ORD11209,2025-05-22,Mouse,Electronics,South,Tamil Nadu,Small Business,2,994.05,1689.89,0.15,216.15
ORD11210,2023-07-25,Smartphone,Electronics,South,Karnataka,Consumer,5,29230.52,124229.7,0.15,15489.0
ORD11211,2025-05-08,Mouse,Electronics,East,Bihar,Consumer,5,821.93,3698.69,0.1,484.79
ORD11212,2025-10-16,Tablet,Electronics,West,Rajasthan,Small Business,3,22123.47,66370.4,0.0,8857.31
ORD11213,2023-08-29,Laptop,Electronics,North,Haryana,Consumer,1,43486.85,43486.85,0.0,4477.93
ORD11214,2024-09-02,Laptop,Electronics,South,Telangana,Consumer,2,46598.61,83877.5,0.1,10289.25
ORD11215,2025-03-09,Keyboard,Electronics,North,Haryana,Corporate,3,1798.1,4585.14,0.15,574.31
ORD11216,2024-10-16,Tablet,Electronics,South,Tamil Nadu,Corporate,5,20282.52,86200.69,0.15,9930.65
ORD11217,2024-10-21,Tablet,Electronics,West,Rajasthan,Consumer,3,25063.8,63912.7,0.15,8512.08
ORD11218,2023-10-08,Monitor,Electronics,South,Telangana,Corporate,4,14710.03,50014.12,0.15,6407.78
ORD11219,2024-09-24,Tablet,Electronics,West,Maharashtra,Consumer,2,24665.64,44398.15,0.1,5778.59
ORD11220,2024-11-29,Headphones,Electronics,West,Rajasthan,Small Business,5,4102.06,17433.76,0.15,2413.77
ORD11221,2025-01-21,Keyboard,Electronics,North,Haryana,Small Business,2,1776.87,3553.74,0.0,559.97
ORD11222,2025-12-02,Printer,Office Supplies,West,Rajasthan,Small Business,4,14697.88,49972.81,0.15,11250.78
ORD11223,2024-01-01,Tablet,Electronics,East,West Bengal,Consumer,2,21356.52,42713.05,0.0,6530.67
ORD11224,2023-05-29,Mouse,Electronics,East,West Bengal,Consumer,5,927.15,4172.19,0.1,496.47
ORD11225,2024-03-27,Desk,Furniture,North,Haryana,Small Business,1,12622.81,11360.52,0.1,2022.25
ORD11226,2024-10-06,Smartphone,Electronics,South,Telangana,Consumer,1,28344.51,25510.06,0.1,2986.42
ORD11227,2024-09-24,Printer,Office Supplies,East,West Bengal,Consumer,2,13516.12,27032.23,0.0,6807.61
ORD11228,2025-11-04,Notebook,Office Supplies,South,Karnataka,Small Business,4,316.76,1140.33,0.1,259.82
ORD11229,2023-06-07,Desk,Furniture,West,Maharashtra,Consumer,4,11817.06,44904.83,0.05,8499.19
ORD11230,2025-08-07,Headphones,Electronics,West,Gujarat,Consumer,1,3080.74,2926.71,0.05,427.13
ORD11231,2025-05-01,Headphones,Electronics,East,Bihar,Small Business,2,3292.17,6255.11,0.05,855.08
ORD11232,2024-08-25,Mouse,Electronics,West,Rajasthan,Small Business,4,825.04,2970.14,0.1,378.98
ORD11233,2025-09-03,Notebook,Office Supplies,East,Bihar,Corporate,1,374.47,337.02,0.1,75.81
ORD11234,2023-09-13,Keyboard,Electronics,North,Delhi,Consumer,1,1798.99,1439.19,0.2,172.46
ORD11235,2023-08-06,Desk,Furniture,West,Maharashtra,Consumer,4,12817.61,51270.45,0.0,10398.38
ORD11236,2025-12-15,Desk,Furniture,West,Gujarat,Consumer,5,10670.77,53353.87,0.0,10101.13
ORD11237,2025-04-27,Smartphone,Electronics,East,Bihar,Small Business,2,31696.83,63393.65,0.0,7617.89
ORD11238,2023-07-09,Notebook,Office Supplies,North,Delhi,Small Business,2,335.27,569.95,0.15,125.24
ORD11239,2025-07-02,Desk,Furniture,South,Tamil Nadu,Small Business,4,10645.81,38324.93,0.1,5095.44
ORD11240,2023-08-07,Headphones,Electronics,East,Odisha,Consumer,1,3026.4,2723.76,0.1,342.73
ORD11241,2024-09-02,Monitor,Electronics,East,West Bengal,Small Business,1,14975.98,12729.58,0.15,1490.0
ORD11242,2025-03-08,Backpack,Accessories,South,Telangana,Corporate,2,1802.11,3243.8,0.1,521.23
ORD11243,2025-08-28,Headphones,Electronics,West,Rajasthan,Consumer,3,3295.99,8899.17,0.1,1085.69
ORD11244,2024-04-04,Mouse,Electronics,East,Bihar,Small Business,5,955.33,4537.82,0.05,655.39
ORD11245,2023-11-29,Desk,Furniture,North,Delhi,Corporate,2,12575.21,23892.89,0.05,4044.97
ORD11246,2023-12-21,Notebook,Office Supplies,South,Karnataka,Corporate,4,349.38,1397.51,0.0,299.17
ORD11247,2025-09-08,Smartphone,Electronics,East,Odisha,Corporate,4,27556.41,99203.06,0.1,10899.94
ORD11248,2024-09-21,Monitor,Electronics,West,Gujarat,Consumer,2,13879.1,26370.28,0.05,3846.85
ORD11249,2023-08-04,Headphones,Electronics,South,Telangana,Consumer,3,3425.07,8220.17,0.2,1230.41
ORD11250,2025-01-06,Smartphone,Electronics,South,Karnataka,Corporate,5,29711.58,133702.09,0.1,15639.3
ORD11251,2025-11-26,Tablet,Electronics,East,Odisha,Corporate,4,24280.88,92267.33,0.05,12499.58
ORD11252,2024-08-14,Tablet,Electronics,East,West Bengal,Consumer,1,22763.68,21625.5,0.05,3054.57
ORD11253,2024-06-28,Printer,Office Supplies,South,Karnataka,Corporate,5,12521.45,53216.16,0.15,11027.77
ORD11254,2025-07-20,Smartphone,Electronics,East,Bihar,Consumer,4,30723.46,122893.83,0.0,17562.79
ORD11255,2023-06-16,Mouse,Electronics,West,Maharashtra,Corporate,5,778.65,3698.6,0.05,410.74
ORD11256,2023-11-26,Tablet,Electronics,East,West Bengal,Consumer,5,26217.09,117976.89,0.1,17724.62
ORD11257,2023-09-12,Headphones,Electronics,North,Delhi,Small Business,1,3708.91,3152.57,0.15,364.27
ORD11258,2024-09-21,Mouse,Electronics,West,Gujarat,Small Business,2,915.47,1830.94,0.0,270.8
ORD11259,2023-06-21,Smartphone,Electronics,North,Haryana,Corporate,1,24355.05,20701.8,0.15,2251.16
ORD11260,2023-09-11,Tablet,Electronics,West,Maharashtra,Small Business,1,24244.32,21819.89,0.1,2225.28
ORD11261,2025-09-02,Laptop,Electronics,North,Haryana,Small Business,2,56579.57,113159.14,0.0,16477.64
ORD11262,2024-02-04,Backpack,Accessories,North,Punjab,Consumer,2,1754.55,3509.09,0.0,668.53
ORD11263,2024-10-28,Tablet,Electronics,North,Haryana,Consumer,3,22168.75,63180.95,0.05,9139.67
ORD11264,2025-04-20,Backpack,Accessories,West,Gujarat,Corporate,5,1643.72,6985.81,0.15,1436.86
ORD11265,2024-12-25,Notebook,Office Supplies,West,Gujarat,Consumer,2,409.91,737.84,0.1,153.55
ORD11266,2023-06-22,Printer,Office Supplies,South,Karnataka,Corporate,3,13179.19,37560.68,0.05,8746.45
ORD11267,2023-03-12,Printer,Office Supplies,South,Tamil Nadu,Corporate,3,14687.98,41860.74,0.05,8726.44
ORD11268,2023-04-26,Laptop,Electronics,South,Karnataka,Corporate,2,54830.67,104178.27,0.05,14376.09
ORD11269,2024-05-10,Notebook,Office Supplies,West,Gujarat,Corporate,1,349.55,332.07,0.05,77.44
ORD11270,2023-11-01,Smartphone,Electronics,South,Karnataka,Consumer,2,27890.12,55780.24,0.0,8405.33
ORD11271,2024-04-04,Notebook,Office Supplies,East,Odisha,Small Business,5,370.57,1852.83,0.0,384.5
ORD11272,2025-09-07,Mouse,Electronics,North,Punjab,Small Business,3,819.97,2336.92,0.05,345.46
ORD11273,2025-11-29,Laptop,Electronics,North,Punjab,Consumer,4,57660.59,230642.36,0.0,36619.53
ORD11274,2025-10-25,Laptop,Electronics,East,Odisha,Consumer,5,48603.26,218714.67,0.1,24840.39
ORD11275,2025-02-09,Printer,Office Supplies,North,Delhi,Corporate,2,14757.26,28038.79,0.05,6649.35
ORD11276,2025-06-26,Office Chair,Furniture,North,Delhi,Corporate,3,9166.35,23374.2,0.15,3849.12
ORD11277,2023-12-01,Printer,Office Supplies,East,West Bengal,Consumer,1,14439.33,12273.43,0.15,2362.19
ORD11278,2023-02-25,Notebook,Office Supplies,North,Punjab,Corporate,3,344.58,1033.73,0.0,227.97
ORD11279,2025-05-31,Headphones,Electronics,East,Bihar,Consumer,3,3697.79,8874.7,0.2,1261.62
ORD11280,2024-02-13,Monitor,Electronics,West,Gujarat,Consumer,2,14506.14,26111.05,0.1,3190.95
ORD11281,2025-08-30,Keyboard,Electronics,South,Tamil Nadu,Corporate,2,1701.76,3233.34,0.05,431.87
ORD11282,2025-03-03,Printer,Office Supplies,South,Telangana,Consumer,3,14468.36,43405.09,0.0,9467.65
ORD11283,2023-05-27,Mouse,Electronics,South,Tamil Nadu,Consumer,3,914.4,2606.05,0.05,422.45
ORD11284,2024-09-12,Laptop,Electronics,East,Odisha,Corporate,1,49374.63,44437.16,0.1,5048.23
ORD11285,2025-08-27,Backpack,Accessories,South,Tamil Nadu,Consumer,4,1871.61,6363.47,0.15,1299.39
ORD11286,2024-10-06,Monitor,Electronics,North,Delhi,Small Business,4,13900.52,50041.86,0.1,6655.97
ORD11287,2024-01-29,Printer,Office Supplies,East,West Bengal,Consumer,2,14457.35,24577.5,0.15,4595.99
ORD11288,2025-06-26,Laptop,Electronics,North,Delhi,Small Business,2,49424.39,79079.03,0.2,12071.0
ORD11289,2023-12-04,Desk,Furniture,East,Bihar,Consumer,3,11354.26,34062.78,0.0,6362.36
ORD11290,2025-11-22,Office Chair,Furniture,West,Gujarat,Corporate,4,8388.77,31877.32,0.05,5390.65
ORD11291,2024-03-24,Mouse,Electronics,North,Delhi,Corporate,4,828.08,3146.69,0.05,498.99
ORD11292,2023-12-04,Backpack,Accessories,North,Delhi,Corporate,3,1636.3,4908.89,0.0,995.52
ORD11293,2023-10-22,Mouse,Electronics,East,West Bengal,Consumer,2,885.44,1593.79,0.1,225.69
ORD11294,2025-11-09,Laptop,Electronics,West,Gujarat,Corporate,4,45535.03,163926.12,0.1,21689.65
ORD11295,2023-01-25,Keyboard,Electronics,North,Punjab,Corporate,4,1630.15,5542.51,0.15,773.18
ORD11296,2024-01-31,Backpack,Accessories,North,Delhi,Consumer,2,1888.44,3588.03,0.05,683.14
ORD11297,2025-06-03,Backpack,Accessories,North,Delhi,Consumer,3,1858.07,5016.78,0.1,925.06
ORD11298,2025-06-25,Desk,Furniture,West,Rajasthan,Corporate,1,11034.01,11034.01,0.0,1878.42
ORD11299,2025-09-10,Keyboard,Electronics,North,Haryana,Corporate,4,1825.72,6207.45,0.15,722.49
ORD11300,2024-07-31,Keyboard,Electronics,North,Haryana,Corporate,1,1736.68,1563.01,0.1,193.85
ORD11301,2024-01-10,Monitor,Electronics,South,Tamil Nadu,Consumer,2,13303.78,25277.19,0.05,3258.03
ORD11302,2025-11-03,Backpack,Accessories,East,West Bengal,Consumer,5,1933.48,8217.29,0.15,1445.36
ORD11303,2025-12-31,Desk,Furniture,North,Delhi,Corporate,2,12507.41,23764.08,0.05,4119.43
ORD11304,2024-02-05,Laptop,Electronics,West,Maharashtra,Corporate,5,54262.76,244182.4,0.1,33348.13
ORD11305,2025-09-27,Headphones,Electronics,West,Rajasthan,Corporate,4,4126.63,14030.53,0.15,2085.39
ORD11306,2023-09-10,Smartphone,Electronics,South,Telangana,Consumer,1,24520.12,19616.1,0.2,2803.78
ORD11307,2024-07-31,Desk,Furniture,West,Rajasthan,Corporate,5,12907.28,58082.75,0.1,10182.05
ORD11308,2025-03-25,Monitor,Electronics,West,Gujarat,Corporate,4,14599.44,52557.99,0.1,5990.87
ORD11309,2024-05-31,Monitor,Electronics,West,Rajasthan,Consumer,3,17157.83,51473.49,0.0,7277.88
ORD11310,2023-09-25,Office Chair,Furniture,South,Karnataka,Consumer,5,8150.22,36675.97,0.1,6264.57
ORD11311,2025-02-28,Mouse,Electronics,West,Rajasthan,Consumer,3,932.52,2797.57,0.0,397.01
ORD11312,2025-11-08,Monitor,Electronics,East,West Bengal,Corporate,1,12849.56,11564.6,0.1,1542.9
ORD11313,2024-08-03,Tablet,Electronics,East,Odisha,Consumer,2,22492.76,40486.97,0.1,5586.23
ORD11314,2024-04-24,Desk,Furniture,North,Punjab,Consumer,5,13274.66,59735.98,0.1,9551.31
ORD11315,2025-06-29,Printer,Office Supplies,East,Odisha,Consumer,5,13247.6,62926.08,0.05,12418.1
ORD11316,2024-08-10,Office Chair,Furniture,East,Odisha,Consumer,3,8232.94,24698.82,0.0,4512.31
ORD11317,2023-07-24,Notebook,Office Supplies,East,Odisha,Consumer,4,347.54,1251.16,0.1,274.45
ORD11318,2023-05-07,Tablet,Electronics,North,Haryana,Small Business,4,23417.76,93671.05,0.0,12863.56
ORD11319,2025-01-22,Keyboard,Electronics,West,Maharashtra,Consumer,4,1833.47,6233.8,0.15,802.21
ORD11320,2025-09-19,Monitor,Electronics,East,Odisha,Corporate,1,17068.09,16214.69,0.05,2232.62
ORD11321,2025-03-26,Keyboard,Electronics,North,Punjab,Consumer,1,1922.49,1922.49,0.0,237.16
ORD11322,2023-11-08,Headphones,Electronics,South,Karnataka,Corporate,2,3874.19,7360.96,0.05,1033.89
ORD11323,2023-11-26,Monitor,Electronics,East,Bihar,Small Business,3,13406.77,40220.32,0.0,6273.76
ORD11324,2023-05-12,Printer,Office Supplies,South,Telangana,Consumer,3,13688.35,39011.79,0.05,8803.05
ORD11325,2024-01-12,Mouse,Electronics,West,Maharashtra,Corporate,3,910.52,2458.4,0.1,317.67
ORD11326,2024-05-15,Smartphone,Electronics,North,Delhi,Small Business,2,25383.09,50766.18,0.0,7534.49
ORD11327,2023-02-08,Backpack,Accessories,North,Haryana,Corporate,4,1829.54,6586.35,0.1,1271.48
ORD11328,2025-01-30,Monitor,Electronics,West,Gujarat,Consumer,2,14728.4,27983.96,0.05,3901.35
ORD11329,2023-04-08,Backpack,Accessories,West,Gujarat,Consumer,1,1749.58,1574.62,0.1,256.26
ORD11330,2023-01-13,Headphones,Electronics,North,Punjab,Consumer,2,3692.29,7015.35,0.05,931.88
ORD11331,2024-06-29,Headphones,Electronics,East,Odisha,Consumer,1,3509.84,3509.84,0.0,451.71
ORD11332,2024-04-05,Headphones,Electronics,South,Tamil Nadu,Consumer,4,3418.24,12305.67,0.1,1629.77
ORD11333,2025-01-31,Laptop,Electronics,South,Telangana,Consumer,1,49434.79,42019.57,0.15,4242.15
ORD11334,2024-08-05,Tablet,Electronics,East,West Bengal,Corporate,4,24776.09,79283.5,0.2,8898.08
ORD11335,2023-05-01,Smartphone,Electronics,West,Gujarat,Consumer,1,27880.87,26486.82,0.05,3538.07
ORD11336,2024-08-04,Laptop,Electronics,South,Karnataka,Consumer,3,53204.27,143651.52,0.1,19321.85
ORD11337,2025-03-08,Printer,Office Supplies,East,West Bengal,Corporate,5,14340.39,64531.75,0.1,12645.79
ORD11338,2024-09-13,Laptop,Electronics,West,Rajasthan,Corporate,3,48793.2,131741.63,0.1,21832.31
ORD11339,2023-12-24,Smartphone,Electronics,West,Maharashtra,Consumer,3,27315.7,81947.1,0.0,13141.58
ORD11340,2023-07-02,Laptop,Electronics,North,Haryana,Corporate,2,51461.08,97776.05,0.05,14827.07
ORD11341,2025-10-04,Mouse,Electronics,North,Punjab,Consumer,5,835.53,3759.86,0.1,501.83
ORD11342,2023-04-23,Laptop,Electronics,East,West Bengal,Consumer,1,53893.05,45809.09,0.15,5237.19
ORD11343,2023-11-22,Printer,Office Supplies,South,Telangana,Small Business,1,15836.27,15836.27,0.0,3055.0
ORD11344,2023-10-04,Laptop,Electronics,East,Odisha,Small Business,2,51527.96,87597.54,0.15,12131.81
ORD11345,2024-08-31,Notebook,Office Supplies,East,Odisha,Corporate,3,326.93,980.79,0.0,212.79
ORD11346,2024-06-07,Smartphone,Electronics,North,Haryana,Consumer,2,29209.89,52577.81,0.1,6768.59
ORD11347,2025-05-10,Laptop,Electronics,North,Haryana,Small Business,5,56833.53,227334.13,0.2,34798.16
ORD11348,2025-08-22,Laptop,Electronics,West,Gujarat,Consumer,5,61101.78,274957.99,0.1,34503.76
ORD11349,2025-03-13,Tablet,Electronics,North,Punjab,Consumer,4,17223.92,58561.32,0.15,7599.33
ORD11350,2024-12-02,Laptop,Electronics,East,Odisha,Consumer,5,55395.51,276977.56,0.0,41964.91
ORD11351,2024-08-24,Smartphone,Electronics,East,Odisha,Consumer,2,28405.45,51129.81,0.1,6226.03
ORD11352,2023-03-31,Desk,Furniture,East,West Bengal,Consumer,1,12208.02,10987.21,0.1,1920.14
ORD11353,2023-01-21,Printer,Office Supplies,East,Bihar,Corporate,4,11944.54,45389.25,0.05,9510.51
ORD11354,2025-05-23,Monitor,Electronics,North,Haryana,Corporate,3,14677.38,37427.31,0.15,5671.97
ORD11355,2025-11-22,Monitor,Electronics,South,Telangana,Consumer,4,13644.69,49120.87,0.1,7001.35
ORD11356,2024-02-29,Desk,Furniture,South,Tamil Nadu,Consumer,1,12180.6,10962.54,0.1,1974.04
ORD11357,2023-07-01,Tablet,Electronics,South,Telangana,Corporate,2,23211.92,39460.27,0.15,5554.45
ORD11358,2023-01-25,Printer,Office Supplies,North,Punjab,Corporate,3,15262.22,41208.01,0.1,8490.06
ORD11359,2023-06-09,Office Chair,Furniture,West,Maharashtra,Consumer,2,8650.44,17300.87,0.0,3294.74
ORD11360,2024-10-17,Laptop,Electronics,East,Bihar,Consumer,4,52967.0,211867.99,0.0,27875.24
ORD11361,2024-09-08,Monitor,Electronics,West,Maharashtra,Consumer,1,14806.75,13326.08,0.1,1934.56
ORD11362,2023-07-26,Keyboard,Electronics,West,Rajasthan,Consumer,2,1973.16,3749.01,0.05,433.66
ORD11363,2025-07-20,Keyboard,Electronics,South,Tamil Nadu,Corporate,4,1731.36,6579.15,0.05,954.59
ORD11364,2024-03-20,Mouse,Electronics,North,Delhi,Corporate,5,858.84,3864.76,0.1,519.28
ORD11365,2023-03-22,Keyboard,Electronics,East,Odisha,Consumer,2,2002.12,3804.03,0.05,433.74
ORD11366,2025-03-31,Tablet,Electronics,East,Bihar,Consumer,2,25835.77,43920.8,0.15,6551.41
ORD11367,2025-10-28,Headphones,Electronics,West,Maharashtra,Consumer,2,3493.58,6987.15,0.0,962.86
ORD11368,2025-10-20,Tablet,Electronics,West,Gujarat,Consumer,4,26860.23,102068.88,0.05,14779.89
ORD11369,2023-09-10,Monitor,Electronics,North,Punjab,Consumer,1,14062.82,13359.68,0.05,2105.76
ORD11370,2025-11-28,Backpack,Accessories,East,Odisha,Corporate,1,1537.36,1460.49,0.05,327.96
ORD11371,2024-06-12,Desk,Furniture,East,Odisha,Consumer,5,13166.1,55955.91,0.15,8737.43
ORD11372,2024-07-08,Office Chair,Furniture,West,Rajasthan,Small Business,2,8034.03,15264.66,0.05,2741.6
ORD11373,2023-04-01,Laptop,Electronics,North,Haryana,Corporate,2,50158.82,90285.88,0.1,11733.02
ORD11374,2024-11-16,Mouse,Electronics,West,Gujarat,Corporate,3,944.49,2266.79,0.2,295.82
ORD11375,2023-05-07,Keyboard,Electronics,North,Haryana,Consumer,5,1409.8,6696.54,0.05,956.78
ORD11376,2023-06-04,Smartphone,Electronics,West,Maharashtra,Small Business,3,27216.62,69402.37,0.15,10569.86
ORD11377,2023-02-10,Office Chair,Furniture,South,Telangana,Consumer,4,9323.7,33565.32,0.1,5969.6
ORD11378,2025-02-12,Printer,Office Supplies,North,Haryana,Corporate,3,13786.49,39291.49,0.05,9095.97
ORD11379,2023-06-17,Tablet,Electronics,North,Punjab,Consumer,4,24934.27,94750.23,0.05,15610.37
ORD11380,2025-02-18,Printer,Office Supplies,West,Gujarat,Corporate,3,13497.05,36442.04,0.1,6931.28
ORD11381,2025-10-15,Laptop,Electronics,East,West Bengal,Consumer,3,50847.39,129660.85,0.15,18272.07
ORD11382,2025-10-02,Smartphone,Electronics,South,Tamil Nadu,Corporate,5,24007.71,120038.53,0.0,13791.11
ORD11383,2023-08-25,Smartphone,Electronics,East,Odisha,Corporate,1,24303.57,23088.4,0.05,3008.29
ORD11384,2023-12-04,Office Chair,Furniture,West,Gujarat,Consumer,2,7795.36,13252.11,0.15,2365.94
ORD11385,2023-10-30,Tablet,Electronics,South,Karnataka,Corporate,2,24750.44,42075.74,0.15,6227.5
ORD11386,2025-12-26,Desk,Furniture,West,Gujarat,Corporate,3,13856.46,37412.45,0.1,5753.38
ORD11387,2023-12-28,Printer,Office Supplies,East,Bihar,Consumer,4,14516.38,52258.98,0.1,10023.97
ORD11388,2023-08-25,Headphones,Electronics,East,Odisha,Small Business,1,3750.22,3750.22,0.0,496.18
ORD11389,2025-05-19,Office Chair,Furniture,East,Odisha,Consumer,5,8417.57,42087.87,0.0,7741.06
ORD11390,2023-08-16,Printer,Office Supplies,West,Maharashtra,Consumer,3,13440.23,36288.63,0.1,7682.17
ORD11391,2025-11-07,Headphones,Electronics,North,Delhi,Corporate,5,3455.18,15548.3,0.1,2478.03
ORD11392,2024-05-20,Keyboard,Electronics,South,Karnataka,Consumer,3,1621.77,4378.77,0.1,620.69
ORD11393,2024-01-09,Headphones,Electronics,East,Odisha,Small Business,5,3258.45,15477.65,0.05,1758.25
ORD11394,2024-02-23,Backpack,Accessories,South,Telangana,Small Business,3,1827.3,4933.7,0.1,789.7
ORD11395,2025-06-13,Tablet,Electronics,East,Odisha,Small Business,4,21546.59,73258.4,0.15,10653.78
ORD11396,2025-08-13,Notebook,Office Supplies,South,Tamil Nadu,Consumer,4,343.97,1375.87,0.0,314.35
ORD11397,2023-02-02,Office Chair,Furniture,North,Punjab,Consumer,3,8969.43,24217.46,0.1,3965.83
ORD11398,2025-02-01,Mouse,Electronics,North,Punjab,Small Business,3,797.9,2154.32,0.1,275.9
ORD11399,2025-12-16,Notebook,Office Supplies,South,Telangana,Consumer,1,387.78,368.39,0.05,65.09
ORD11400,2024-02-08,Notebook,Office Supplies,East,West Bengal,Consumer,5,325.62,1546.68,0.05,280.07
ORD11401,2023-11-14,Headphones,Electronics,North,Punjab,Consumer,5,3767.18,16952.32,0.1,2474.01
ORD11402,2025-08-06,Headphones,Electronics,South,Karnataka,Consumer,4,3330.47,12655.78,0.05,1693.33
ORD11403,2024-02-16,Notebook,Office Supplies,South,Telangana,Consumer,3,306.54,873.65,0.05,200.56
ORD11404,2025-09-16,Desk,Furniture,West,Gujarat,Consumer,1,10915.56,10369.79,0.05,1612.91
ORD11405,2023-09-07,Backpack,Accessories,North,Haryana,Corporate,4,1808.53,6510.7,0.1,1040.6
ORD11406,2024-10-28,Smartphone,Electronics,South,Karnataka,Consumer,3,23174.97,69524.92,0.0,10115.76
ORD11407,2023-11-04,Headphones,Electronics,South,Telangana,Consumer,3,3192.82,9099.54,0.05,871.27
ORD11408,2023-06-28,Laptop,Electronics,North,Haryana,Corporate,5,55728.68,278643.39,0.0,32314.32
ORD11409,2023-01-11,Mouse,Electronics,West,Gujarat,Consumer,3,907.26,2449.59,0.1,369.41
ORD11410,2023-04-30,Mouse,Electronics,West,Maharashtra,Consumer,4,717.58,2726.79,0.05,435.8
ORD11411,2023-01-06,Notebook,Office Supplies,South,Telangana,Small Business,5,344.41,1549.85,0.1,325.58
ORD11412,2025-12-29,Mouse,Electronics,North,Punjab,Corporate,4,913.34,3653.36,0.0,535.52
ORD11413,2024-01-12,Keyboard,Electronics,North,Haryana,Corporate,4,1856.95,7056.39,0.05,968.48
ORD11414,2025-11-19,Mouse,Electronics,South,Telangana,Consumer,3,955.03,2578.58,0.1,287.37
ORD11415,2023-09-09,Headphones,Electronics,North,Punjab,Corporate,5,3845.3,19226.51,0.0,2543.89
ORD11416,2025-05-02,Headphones,Electronics,West,Maharashtra,Consumer,2,4462.06,8924.12,0.0,1150.96
ORD11417,2023-08-28,Tablet,Electronics,South,Telangana,Corporate,2,24867.88,42275.4,0.15,6733.39
ORD11418,2024-05-29,Monitor,Electronics,North,Haryana,Small Business,4,16070.47,57853.68,0.1,8066.39
ORD11419,2025-01-04,Tablet,Electronics,North,Delhi,Consumer,5,26904.74,107618.97,0.2,12095.54
ORD11420,2025-10-11,Laptop,Electronics,North,Delhi,Consumer,3,56408.79,152303.72,0.1,19273.6
ORD11421,2023-07-20,Laptop,Electronics,West,Gujarat,Small Business,5,48931.26,244656.29,0.0,33212.93
ORD11422,2025-02-09,Backpack,Accessories,North,Haryana,Corporate,5,1716.93,7726.18,0.1,1270.45
ORD11423,2023-04-27,Headphones,Electronics,West,Gujarat,Consumer,4,2999.73,10199.1,0.15,1111.67
ORD11424,2024-05-25,Mouse,Electronics,East,Bihar,Corporate,2,896.58,1613.84,0.1,225.73
ORD11425,2023-08-27,Mouse,Electronics,South,Karnataka,Consumer,5,937.1,4216.97,0.1,571.94
ORD11426,2025-05-01,Office Chair,Furniture,North,Delhi,Consumer,4,8824.67,31768.8,0.1,5877.23
ORD11427,2024-07-16,Laptop,Electronics,West,Gujarat,Corporate,3,51708.21,139612.18,0.1,19401.39
ORD11428,2023-02-21,Smartphone,Electronics,West,Gujarat,Corporate,3,25693.17,73225.53,0.05,9383.46
ORD11429,2025-07-16,Laptop,Electronics,East,Bihar,Consumer,4,48613.72,184732.13,0.05,26980.93
ORD11430,2024-11-21,Mouse,Electronics,East,Bihar,Corporate,1,892.56,847.93,0.05,92.19
ORD11431,2023-09-21,Notebook,Office Supplies,North,Delhi,Small Business,1,380.33,380.33,0.0,81.3
ORD11432,2024-12-11,Smartphone,Electronics,South,Telangana,Corporate,4,28214.61,107215.51,0.05,12893.76
ORD11433,2024-03-22,Backpack,Accessories,West,Rajasthan,Corporate,2,2041.81,3675.26,0.1,768.94
ORD11434,2025-08-31,Desk,Furniture,East,Bihar,Small Business,2,11718.67,22265.47,0.05,4064.24
ORD11435,2025-07-23,Office Chair,Furniture,South,Tamil Nadu,Consumer,3,7780.53,21007.44,0.1,3656.4
ORD11436,2025-10-14,Keyboard,Electronics,West,Maharashtra,Consumer,2,1791.1,3044.87,0.15,377.63
ORD11437,2023-05-18,Headphones,Electronics,North,Haryana,Corporate,2,3939.66,7091.38,0.1,848.5
ORD11438,2024-09-11,Headphones,Electronics,East,Odisha,Corporate,4,3745.39,13483.42,0.1,1395.78
ORD11439,2025-04-09,Office Chair,Furniture,East,West Bengal,Corporate,5,7553.37,35878.53,0.05,7461.91
ORD11440,2024-12-09,Printer,Office Supplies,West,Gujarat,Corporate,5,14287.57,64294.06,0.1,13139.15
ORD11441,2024-04-19,Mouse,Electronics,North,Delhi,Consumer,2,982.53,1768.55,0.1,223.47
ORD11442,2024-09-15,Desk,Furniture,North,Delhi,Corporate,3,13153.95,37488.75,0.05,7756.51
ORD11443,2025-04-14,Printer,Office Supplies,East,Odisha,Corporate,1,13541.51,12187.36,0.1,2585.26
ORD11444,2024-08-31,Desk,Furniture,North,Delhi,Small Business,3,10833.55,30875.62,0.05,4886.08
ORD11445,2024-03-11,Monitor,Electronics,North,Punjab,Corporate,2,12347.46,20990.68,0.15,2720.31
ORD11446,2023-09-29,Printer,Office Supplies,West,Gujarat,Corporate,4,14193.37,56773.48,0.0,13012.78
ORD11447,2025-04-27,Printer,Office Supplies,South,Karnataka,Small Business,2,13739.56,27479.13,0.0,6580.14
ORD11448,2023-01-28,Headphones,Electronics,North,Haryana,Corporate,2,3676.34,7352.68,0.0,927.34
ORD11449,2025-12-17,Smartphone,Electronics,North,Delhi,Consumer,5,26385.19,118733.35,0.1,15865.85
ORD11450,2024-02-04,Printer,Office Supplies,South,Karnataka,Small Business,4,12277.45,39287.84,0.2,7744.27
ORD11451,2024-10-22,Notebook,Office Supplies,West,Maharashtra,Corporate,1,326.41,277.45,0.15,55.14
ORD11452,2024-07-14,Office Chair,Furniture,West,Maharashtra,Corporate,5,7352.36,36761.78,0.0,5917.25
ORD11453,2024-10-31,Smartphone,Electronics,West,Rajasthan,Consumer,3,28357.76,76565.96,0.1,8994.86
ORD11454,2025-01-27,Mouse,Electronics,East,Bihar,Corporate,4,914.39,3291.79,0.1,357.06
ORD11455,2023-06-25,Printer,Office Supplies,North,Punjab,Consumer,1,12969.61,11024.17,0.15,2224.59
ORD11456,2025-06-03,Keyboard,Electronics,South,Telangana,Consumer,2,1709.41,3076.93,0.1,403.25
ORD11457,2025-06-14,Desk,Furniture,West,Maharashtra,Corporate,1,11229.39,9544.99,0.15,1554.78
ORD11458,2024-07-11,Keyboard,Electronics,East,West Bengal,Small Business,4,1717.73,5840.27,0.15,546.35
ORD11459,2024-05-19,Tablet,Electronics,South,Telangana,Corporate,2,28166.64,45066.62,0.2,6155.98
ORD11460,2023-04-08,Office Chair,Furniture,East,West Bengal,Consumer,3,8126.53,21941.63,0.1,3802.97
ORD11461,2024-07-15,Smartphone,Electronics,West,Rajasthan,Consumer,1,26030.82,26030.82,0.0,3763.26
ORD11462,2024-11-20,Notebook,Office Supplies,South,Telangana,Corporate,4,331.5,1193.41,0.1,246.66
ORD11463,2024-08-08,Laptop,Electronics,South,Tamil Nadu,Corporate,5,58613.74,249108.41,0.15,30829.49
ORD11464,2024-09-02,Laptop,Electronics,East,Odisha,Corporate,1,50668.48,45601.63,0.1,6329.98
ORD11465,2023-04-08,Desk,Furniture,East,West Bengal,Corporate,3,11363.89,30682.5,0.1,4510.36
ORD11466,2023-05-12,Mouse,Electronics,North,Punjab,Small Business,5,992.08,4712.4,0.05,629.85
ORD11467,2025-09-04,Backpack,Accessories,West,Maharashtra,Corporate,3,1702.54,4596.86,0.1,1010.02
ORD11468,2023-04-17,Headphones,Electronics,South,Telangana,Consumer,1,3651.17,3286.05,0.1,442.4
ORD11469,2025-04-03,Headphones,Electronics,North,Haryana,Consumer,5,3607.96,16235.8,0.1,2084.29
ORD11470,2023-07-20,Printer,Office Supplies,West,Maharashtra,Small Business,2,13033.81,23460.86,0.1,5807.24
ORD11471,2023-11-12,Laptop,Electronics,North,Punjab,Consumer,4,48475.58,174512.08,0.1,21810.88
ORD11472,2023-03-19,Notebook,Office Supplies,East,Odisha,Corporate,5,343.59,1546.15,0.1,358.36
ORD11473,2023-01-17,Keyboard,Electronics,South,Karnataka,Corporate,5,1581.35,7906.76,0.0,988.15
ORD11474,2025-05-14,Monitor,Electronics,East,West Bengal,Corporate,1,16273.1,14645.79,0.1,2049.46
ORD11475,2025-06-26,Notebook,Office Supplies,North,Delhi,Small Business,5,317.29,1507.11,0.05,306.11
ORD11476,2023-04-21,Laptop,Electronics,East,West Bengal,Consumer,2,48362.38,82216.04,0.15,10136.1
ORD11477,2024-07-07,Notebook,Office Supplies,North,Haryana,Small Business,1,328.08,278.86,0.15,55.11
ORD11478,2024-04-11,Printer,Office Supplies,South,Tamil Nadu,Consumer,4,12394.99,49579.96,0.0,9956.84
ORD11479,2023-10-20,Mouse,Electronics,West,Rajasthan,Small Business,5,859.37,3437.46,0.2,387.44
ORD11480,2025-08-12,Desk,Furniture,East,West Bengal,Consumer,3,13200.35,35640.93,0.1,6453.52
ORD11481,2023-05-09,Keyboard,Electronics,East,Odisha,Consumer,5,1858.22,9291.08,0.0,1318.46
ORD11482,2025-11-15,Office Chair,Furniture,West,Rajasthan,Consumer,5,8373.42,39773.72,0.05,6531.52
ORD11483,2024-04-04,Notebook,Office Supplies,East,West Bengal,Corporate,2,381.76,725.34,0.05,152.67
ORD11484,2024-02-24,Monitor,Electronics,North,Punjab,Consumer,1,15933.52,15136.84,0.05,1927.29
ORD11485,2023-12-18,Smartphone,Electronics,South,Karnataka,Small Business,4,25864.28,87938.54,0.15,11876.36
ORD11486,2025-05-15,Laptop,Electronics,West,Gujarat,Consumer,4,44395.9,168704.41,0.05,18763.78
ORD11487,2024-10-26,Tablet,Electronics,North,Delhi,Corporate,5,21963.47,104326.48,0.05,13058.91
ORD11488,2025-12-19,Tablet,Electronics,West,Maharashtra,Consumer,2,25792.16,43846.68,0.15,5559.98
ORD11489,2023-07-21,Keyboard,Electronics,West,Rajasthan,Consumer,1,2033.64,2033.64,0.0,270.81
ORD11490,2023-03-26,Keyboard,Electronics,East,West Bengal,Corporate,4,1814.39,6531.8,0.1,812.37
ORD11491,2025-03-28,Backpack,Accessories,North,Haryana,Corporate,5,1936.65,9683.23,0.0,1863.41
ORD11492,2025-09-07,Tablet,Electronics,West,Gujarat,Consumer,2,21039.01,39974.12,0.05,4246.04
ORD11493,2025-07-31,Laptop,Electronics,East,West Bengal,Small Business,3,61785.63,176089.03,0.05,22014.97
ORD11494,2023-02-11,Laptop,Electronics,East,Bihar,Corporate,2,49678.36,99356.72,0.0,15439.27
ORD11495,2024-09-12,Notebook,Office Supplies,North,Haryana,Corporate,3,382.01,1146.02,0.0,244.12
ORD11496,2025-05-02,Backpack,Accessories,East,West Bengal,Consumer,5,1779.7,8008.66,0.1,1206.71
ORD11497,2023-05-09,Desk,Furniture,North,Punjab,Consumer,3,10795.44,27528.38,0.15,3720.01
ORD11498,2024-02-16,Tablet,Electronics,North,Delhi,Consumer,1,25771.22,23194.09,0.1,3000.46
ORD11499,2023-06-23,Monitor,Electronics,West,Maharashtra,Consumer,2,16849.69,30329.45,0.1,4641.2
ORD11500,2023-02-23,Monitor,Electronics,North,Delhi,Corporate,5,13194.31,62672.98,0.05,8650.11
ORD11501,2025-05-14,Monitor,Electronics,South,Tamil Nadu,Corporate,4,14204.82,56819.28,0.0,8359.05
ORD11502,2023-03-02,Backpack,Accessories,North,Punjab,Small Business,2,2029.62,3450.35,0.15,613.88
ORD11503,2025-02-02,Office Chair,Furniture,North,Punjab,Consumer,5,8573.59,38581.15,0.1,7020.55
ORD11504,2025-09-23,Notebook,Office Supplies,East,Bihar,Small Business,4,345.25,1380.99,0.0,317.57
ORD11505,2023-03-23,Tablet,Electronics,East,Bihar,Corporate,5,25190.12,113355.54,0.1,12721.35
ORD11506,2023-08-21,Desk,Furniture,East,Bihar,Consumer,5,12052.33,60261.66,0.0,10759.12
ORD11507,2024-03-26,Notebook,Office Supplies,East,Odisha,Consumer,3,402.36,1086.38,0.1,254.51
ORD11508,2023-04-26,Keyboard,Electronics,East,West Bengal,Consumer,3,1799.54,5398.62,0.0,714.08
ORD11509,2025-02-15,Laptop,Electronics,West,Gujarat,Consumer,2,49642.6,84392.41,0.15,11916.78
ORD11510,2025-05-11,Monitor,Electronics,North,Haryana,Consumer,2,16145.41,27447.2,0.15,3779.82
ORD11511,2023-11-03,Keyboard,Electronics,West,Maharashtra,Consumer,5,1906.25,9531.27,0.0,1656.33
ORD11512,2024-12-09,Headphones,Electronics,East,Odisha,Consumer,4,3405.56,12260.01,0.1,1623.34
ORD11513,2023-01-07,Laptop,Electronics,East,Bihar,Corporate,5,53128.05,239076.23,0.1,35215.47
ORD11514,2025-06-23,Monitor,Electronics,West,Maharashtra,Consumer,2,12960.63,23329.13,0.1,4117.17
ORD11515,2023-01-04,Notebook,Office Supplies,North,Punjab,Corporate,3,311.69,935.06,0.0,203.36
ORD11516,2023-12-16,Mouse,Electronics,West,Maharashtra,Consumer,2,845.63,1522.13,0.1,209.82
ORD11517,2024-01-22,Smartphone,Electronics,West,Rajasthan,Consumer,4,30334.88,121339.51,0.0,21374.56
ORD11518,2024-08-08,Smartphone,Electronics,West,Rajasthan,Consumer,4,30143.23,108515.65,0.1,17230.4
ORD11519,2025-05-25,Notebook,Office Supplies,South,Tamil Nadu,Consumer,2,365.19,693.86,0.05,152.54
ORD11520,2025-08-19,Notebook,Office Supplies,West,Gujarat,Small Business,4,302.87,1090.34,0.1,207.68
ORD11521,2024-03-14,Monitor,Electronics,North,Delhi,Small Business,4,14889.78,53603.22,0.1,7171.05
ORD11522,2023-09-22,Desk,Furniture,West,Gujarat,Consumer,5,12777.91,60695.09,0.05,9050.97
ORD11523,2023-08-20,Smartphone,Electronics,North,Punjab,Consumer,2,26123.15,52246.29,0.0,6359.05
ORD11524,2024-05-18,Printer,Office Supplies,North,Punjab,Consumer,1,17164.93,17164.93,0.0,3648.97
ORD11525,2025-08-10,Notebook,Office Supplies,East,West Bengal,Small Business,3,355.99,1067.97,0.0,249.4
ORD11526,2024-01-05,Keyboard,Electronics,West,Maharashtra,Consumer,1,1864.08,1864.08,0.0,303.45
ORD11527,2024-02-09,Printer,Office Supplies,West,Gujarat,Small Business,4,13100.57,49782.15,0.05,12188.31
ORD11528,2025-06-30,Keyboard,Electronics,South,Tamil Nadu,Consumer,2,1771.92,3366.65,0.05,506.23
ORD11529,2023-01-24,Monitor,Electronics,East,West Bengal,Consumer,2,12740.01,22932.01,0.1,3456.79
ORD11530,2024-06-11,Office Chair,Furniture,North,Haryana,Consumer,2,8664.5,13863.2,0.2,2375.28
ORD11531,2024-08-23,Monitor,Electronics,South,Karnataka,Corporate,1,15326.76,13027.75,0.15,2055.59
ORD11532,2023-02-18,Mouse,Electronics,East,Odisha,Consumer,4,972.21,3888.84,0.0,570.22
ORD11533,2025-06-17,Monitor,Electronics,North,Haryana,Consumer,1,14762.79,14762.79,0.0,2071.22
ORD11534,2023-05-22,Headphones,Electronics,East,Odisha,Corporate,3,3124.5,9373.51,0.0,1048.2
ORD11535,2024-01-17,Tablet,Electronics,West,Gujarat,Corporate,2,24436.57,46429.48,0.05,5292.0
ORD11536,2024-08-10,Notebook,Office Supplies,South,Karnataka,Consumer,4,362.34,1304.41,0.1,272.39
ORD11537,2024-11-25,Laptop,Electronics,South,Karnataka,Consumer,5,48484.11,242420.56,0.0,33510.5
ORD11538,2025-07-09,Backpack,Accessories,East,Odisha,Small Business,5,1594.98,6778.68,0.15,1218.76
ORD11539,2023-11-06,Desk,Furniture,East,Bihar,Consumer,2,10654.99,21309.98,0.0,3713.71
ORD11540,2025-11-18,Desk,Furniture,West,Gujarat,Small Business,2,11757.91,21164.24,0.1,3790.43
ORD11541,2024-09-09,Headphones,Electronics,North,Haryana,Corporate,2,3213.47,6426.95,0.0,933.39
ORD11542,2024-07-18,Smartphone,Electronics,East,Odisha,Corporate,5,29114.58,145572.88,0.0,16768.4
ORD11543,2024-12-23,Notebook,Office Supplies,West,Maharashtra,Consumer,3,297.11,802.2,0.1,173.85
ORD11544,2024-11-25,Tablet,Electronics,West,Rajasthan,Consumer,1,26452.0,23806.8,0.1,2736.6
ORD11545,2025-10-05,Backpack,Accessories,West,Gujarat,Consumer,4,1918.88,6524.18,0.15,1104.95
ORD11546,2023-12-25,Keyboard,Electronics,South,Tamil Nadu,Consumer,2,2096.32,4192.65,0.0,546.82
ORD11547,2024-12-11,Mouse,Electronics,North,Punjab,Consumer,3,1003.31,3009.94,0.0,387.57
ORD11548,2023-12-09,Laptop,Electronics,North,Punjab,Consumer,1,52320.17,41856.14,0.2,6505.36
ORD11549,2023-11-07,Keyboard,Electronics,West,Rajasthan,Consumer,3,1609.29,4345.09,0.1,648.04
ORD11550,2024-06-14,Monitor,Electronics,East,Odisha,Consumer,4,13261.93,53047.71,0.0,8407.92
ORD11551,2025-01-19,Monitor,Electronics,West,Maharashtra,Corporate,2,15297.51,30595.02,0.0,4481.94
ORD11552,2025-10-06,Notebook,Office Supplies,East,West Bengal,Small Business,3,335.83,957.13,0.05,232.36
ORD11553,2023-04-10,Keyboard,Electronics,South,Tamil Nadu,Corporate,3,1909.2,5727.61,0.0,911.76
ORD11554,2023-12-15,Keyboard,Electronics,South,Tamil Nadu,Consumer,3,1892.85,4826.76,0.15,658.72
ORD11555,2025-08-24,Tablet,Electronics,North,Delhi,Corporate,5,23618.13,118090.63,0.0,17540.51
ORD11556,2023-12-15,Notebook,Office Supplies,East,Odisha,Corporate,1,357.93,322.14,0.1,57.02
ORD11557,2023-12-11,Printer,Office Supplies,West,Maharashtra,Consumer,2,15168.15,27302.67,0.1,6124.71
ORD11558,2023-02-18,Keyboard,Electronics,North,Punjab,Small Business,2,2154.45,4093.46,0.05,450.48
ORD11559,2025-05-13,Laptop,Electronics,South,Karnataka,Consumer,3,51636.86,131673.98,0.15,18084.21
ORD11560,2025-01-17,Tablet,Electronics,West,Maharashtra,Consumer,3,26418.77,71330.69,0.1,9306.98
ORD11561,2024-04-07,Headphones,Electronics,West,Maharashtra,Consumer,4,3312.09,13248.38,0.0,1648.24
ORD11562,2023-01-11,Headphones,Electronics,East,West Bengal,Corporate,3,3500.09,10500.28,0.0,1614.05
ORD11563,2024-04-13,Backpack,Accessories,South,Karnataka,Corporate,5,1861.2,8375.41,0.1,1524.93
ORD11564,2025-02-14,Printer,Office Supplies,North,Punjab,Consumer,1,13929.24,12536.31,0.1,2831.59
ORD11565,2025-02-19,Monitor,Electronics,West,Rajasthan,Consumer,4,16078.95,61100.0,0.05,8078.67
ORD11566,2025-06-18,Mouse,Electronics,South,Tamil Nadu,Consumer,1,786.53,747.21,0.05,110.62
ORD11567,2025-12-08,Laptop,Electronics,West,Gujarat,Consumer,4,48614.33,155565.85,0.2,20044.02
ORD11568,2025-10-16,Tablet,Electronics,South,Tamil Nadu,Consumer,4,23531.07,89418.05,0.05,12193.9
ORD11569,2025-05-02,Tablet,Electronics,East,Bihar,Small Business,1,20944.32,19897.11,0.05,2869.98
ORD11570,2023-03-14,Smartphone,Electronics,South,Telangana,Corporate,2,32676.48,58817.66,0.1,6393.99
ORD11571,2025-07-13,Printer,Office Supplies,South,Tamil Nadu,Consumer,2,15402.97,29265.65,0.05,6498.87
ORD11572,2023-05-28,Backpack,Accessories,West,Gujarat,Small Business,4,1951.66,6245.3,0.2,1053.43
ORD11573,2023-12-29,Headphones,Electronics,South,Karnataka,Small Business,2,3496.98,6644.25,0.05,908.93
ORD11574,2024-06-30,Desk,Furniture,West,Rajasthan,Consumer,2,12376.64,22277.95,0.1,3980.81
ORD11575,2023-10-28,Desk,Furniture,West,Rajasthan,Consumer,2,11138.2,20048.76,0.1,3200.95
ORD11576,2024-09-19,Office Chair,Furniture,East,West Bengal,Consumer,3,9009.34,27028.02,0.0,5010.53
ORD11577,2024-04-21,Office Chair,Furniture,East,Odisha,Small Business,2,9538.62,18123.38,0.05,3217.38
ORD11578,2025-02-19,Keyboard,Electronics,West,Maharashtra,Small Business,3,1818.92,5456.77,0.0,620.05
ORD11579,2024-01-19,Headphones,Electronics,East,West Bengal,Consumer,2,3142.29,5341.89,0.15,708.39
ORD11580,2023-07-31,Laptop,Electronics,West,Rajasthan,Consumer,3,56419.22,143869.01,0.15,25202.96
ORD11581,2025-01-01,Mouse,Electronics,North,Delhi,Corporate,3,776.19,2328.58,0.0,259.45
ORD11582,2025-04-26,Laptop,Electronics,South,Karnataka,Corporate,5,54514.89,258945.72,0.05,31158.94
ORD11583,2024-05-06,Monitor,Electronics,South,Tamil Nadu,Corporate,5,15988.88,71949.96,0.1,11996.91
ORD11584,2025-03-24,Monitor,Electronics,East,West Bengal,Corporate,4,16234.23,58443.24,0.1,7070.01
ORD11585,2025-05-04,Notebook,Office Supplies,East,West Bengal,Consumer,5,369.12,1753.33,0.05,412.4
ORD11586,2025-05-18,Printer,Office Supplies,North,Haryana,Consumer,1,12718.16,11446.34,0.1,2467.25
ORD11587,2025-03-21,Desk,Furniture,South,Telangana,Corporate,3,12900.28,34830.76,0.1,6057.94
ORD11588,2023-01-17,Tablet,Electronics,West,Gujarat,Consumer,4,23622.86,85042.28,0.1,11543.03
ORD11589,2025-10-20,Headphones,Electronics,East,Bihar,Small Business,3,3714.86,10030.12,0.1,1489.6
ORD11590,2024-09-23,Headphones,Electronics,North,Punjab,Small Business,2,3750.48,6375.82,0.15,757.0
ORD11591,2024-12-01,Desk,Furniture,West,Gujarat,Consumer,1,11523.59,10371.23,0.1,1700.13
ORD11592,2023-08-09,Office Chair,Furniture,South,Karnataka,Consumer,3,8454.19,22826.31,0.1,3750.24
ORD11593,2024-10-27,Mouse,Electronics,West,Gujarat,Consumer,5,866.24,4331.2,0.0,511.89
ORD11594,2023-01-20,Laptop,Electronics,South,Tamil Nadu,Corporate,2,53381.89,106763.78,0.0,14166.26
ORD11595,2024-04-06,Office Chair,Furniture,West,Gujarat,Consumer,5,8237.67,39128.92,0.05,6624.88
ORD11596,2024-11-17,Desk,Furniture,West,Maharashtra,Small Business,2,12506.64,23762.61,0.05,3960.77
ORD11597,2024-08-18,Keyboard,Electronics,North,Haryana,Corporate,5,1720.22,7310.95,0.15,1140.36
ORD11598,2024-08-20,Headphones,Electronics,North,Haryana,Consumer,2,3460.31,6228.56,0.1,713.65
ORD11599,2023-04-27,Keyboard,Electronics,East,Bihar,Corporate,3,1730.7,4672.89,0.1,492.72
ORD11600,2023-07-11,Notebook,Office Supplies,East,West Bengal,Corporate,1,350.21,297.68,0.15,60.35
ORD11601,2025-11-01,Headphones,Electronics,South,Tamil Nadu,Consumer,4,3041.99,10951.17,0.1,1683.71
ORD11602,2023-09-16,Monitor,Electronics,South,Karnataka,Consumer,1,15320.15,15320.15,0.0,2189.7
ORD11603,2023-07-16,Mouse,Electronics,South,Telangana,Corporate,5,885.43,3984.44,0.1,526.86
ORD11604,2024-12-08,Monitor,Electronics,North,Delhi,Corporate,5,14904.6,70796.87,0.05,10377.16
ORD11605,2024-12-20,Office Chair,Furniture,West,Rajasthan,Small Business,2,8890.65,16003.17,0.1,2697.01
ORD11606,2024-01-13,Headphones,Electronics,South,Karnataka,Consumer,1,3107.97,2797.17,0.1,369.68
ORD11607,2024-01-15,Printer,Office Supplies,West,Maharashtra,Consumer,3,14494.75,39135.82,0.1,8550.89
ORD11608,2025-05-07,Smartphone,Electronics,South,Tamil Nadu,Consumer,5,30533.38,137400.22,0.1,21102.84
ORD11609,2024-05-11,Mouse,Electronics,South,Karnataka,Corporate,1,975.2,828.92,0.15,96.58
ORD11610,2023-01-21,Notebook,Office Supplies,West,Rajasthan,Consumer,4,354.48,1276.12,0.1,276.17
ORD11611,2025-06-23,Keyboard,Electronics,South,Karnataka,Consumer,5,1943.54,8745.92,0.1,1186.19
ORD11612,2024-01-17,Keyboard,Electronics,West,Gujarat,Consumer,5,1683.9,7577.54,0.1,1083.08
ORD11613,2025-06-15,Tablet,Electronics,South,Tamil Nadu,Consumer,1,25525.86,21696.98,0.15,2669.9
ORD11614,2024-09-01,Headphones,Electronics,West,Maharashtra,Corporate,1,3316.87,3151.02,0.05,483.38
ORD11615,2025-10-03,Backpack,Accessories,North,Haryana,Consumer,5,1896.44,9482.22,0.0,1891.42
ORD11616,2024-07-22,Monitor,Electronics,South,Karnataka,Small Business,1,16301.03,13855.87,0.15,2065.55
ORD11617,2024-07-16,Desk,Furniture,East,Odisha,Consumer,4,12518.85,45067.84,0.1,8272.88
ORD11618,2025-06-15,Laptop,Electronics,South,Karnataka,Corporate,1,53706.58,48335.92,0.1,5431.38
ORD11619,2023-07-10,Office Chair,Furniture,South,Karnataka,Corporate,1,8377.12,7539.41,0.1,1178.93
ORD11620,2025-12-01,Headphones,Electronics,West,Gujarat,Consumer,4,3278.32,12457.62,0.05,1378.8
ORD11621,2023-11-30,Office Chair,Furniture,North,Delhi,Small Business,2,8437.66,14344.02,0.15,2298.64
ORD11622,2025-03-12,Backpack,Accessories,South,Karnataka,Consumer,1,1684.6,1431.91,0.15,268.03
ORD11623,2024-10-12,Headphones,Electronics,West,Maharashtra,Small Business,1,3945.96,3748.66,0.05,534.2
ORD11624,2023-06-05,Headphones,Electronics,East,Odisha,Corporate,5,4112.35,19533.68,0.05,2746.79
ORD11625,2024-08-04,Desk,Furniture,West,Gujarat,Corporate,4,11463.47,38975.79,0.15,7599.05
ORD11626,2023-09-17,Printer,Office Supplies,North,Haryana,Small Business,2,14087.39,25357.31,0.1,5599.99
ORD11627,2025-01-06,Mouse,Electronics,North,Haryana,Corporate,5,938.67,3989.34,0.15,544.11
ORD11628,2023-12-06,Printer,Office Supplies,West,Gujarat,Consumer,4,12241.15,41619.92,0.15,8301.06
ORD11629,2023-01-10,Headphones,Electronics,East,Bihar,Consumer,2,3539.91,6725.83,0.05,948.51
ORD11630,2025-06-13,Tablet,Electronics,East,West Bengal,Consumer,4,26291.33,105165.32,0.0,12124.23
ORD11631,2024-08-28,Mouse,Electronics,North,Haryana,Consumer,5,942.98,4714.9,0.0,581.61
ORD11632,2024-11-13,Printer,Office Supplies,North,Haryana,Corporate,1,13142.14,11827.93,0.1,2582.18
ORD11633,2023-07-26,Desk,Furniture,North,Punjab,Corporate,4,11355.84,43152.19,0.05,7138.8
ORD11634,2023-04-17,Desk,Furniture,West,Rajasthan,Corporate,5,11557.33,49118.67,0.15,9442.03
ORD11635,2025-02-07,Office Chair,Furniture,South,Karnataka,Small Business,3,7961.82,23885.45,0.0,4225.95
ORD11636,2024-07-13,Printer,Office Supplies,North,Punjab,Corporate,3,13978.99,35646.42,0.15,7398.56
ORD11637,2025-05-07,Keyboard,Electronics,South,Telangana,Corporate,4,1835.98,5875.14,0.2,858.03
ORD11638,2023-07-18,Printer,Office Supplies,East,Odisha,Small Business,4,14521.54,55181.87,0.05,12093.19
ORD11639,2024-01-10,Printer,Office Supplies,East,West Bengal,Corporate,4,14329.55,51586.39,0.1,11674.82
ORD11640,2025-04-20,Office Chair,Furniture,South,Karnataka,Consumer,1,7600.4,6080.32,0.2,935.65
ORD11641,2023-03-24,Printer,Office Supplies,South,Karnataka,Small Business,3,13117.67,35417.7,0.1,8320.57
ORD11642,2024-07-23,Desk,Furniture,South,Tamil Nadu,Consumer,3,11605.59,31335.08,0.1,5379.46
ORD11643,2024-11-21,Mouse,Electronics,West,Rajasthan,Consumer,3,876.61,2366.85,0.1,389.76
ORD11644,2025-06-16,Monitor,Electronics,West,Rajasthan,Consumer,3,14231.21,40558.96,0.05,5942.32
ORD11645,2024-08-27,Headphones,Electronics,West,Gujarat,Consumer,3,3728.59,9507.89,0.15,1301.79
ORD11646,2025-07-09,Printer,Office Supplies,North,Haryana,Consumer,4,11734.49,42244.17,0.1,9017.89
ORD11647,2024-09-14,Headphones,Electronics,East,Odisha,Small Business,1,3603.75,3423.56,0.05,490.85
ORD11648,2025-05-22,Tablet,Electronics,East,Bihar,Consumer,1,24192.57,22982.94,0.05,3523.59
ORD11649,2023-08-14,Office Chair,Furniture,West,Gujarat,Corporate,3,9471.99,25574.36,0.1,4312.14
ORD11650,2023-10-12,Laptop,Electronics,North,Haryana,Small Business,1,46611.05,41949.94,0.1,5904.03
ORD11651,2023-06-08,Smartphone,Electronics,South,Tamil Nadu,Consumer,1,25667.74,21817.58,0.15,2513.85
ORD11652,2023-12-02,Backpack,Accessories,North,Delhi,Consumer,3,1839.68,4967.14,0.1,919.46
ORD11653,2024-01-12,Monitor,Electronics,East,West Bengal,Small Business,4,13140.09,49932.34,0.05,7571.79
ORD11654,2024-03-02,Printer,Office Supplies,North,Punjab,Corporate,1,13373.48,12704.81,0.05,3057.26
ORD11655,2025-12-06,Mouse,Electronics,West,Maharashtra,Consumer,3,873.11,2357.39,0.1,261.15
ORD11656,2024-04-16,Monitor,Electronics,East,Bihar,Consumer,4,14811.9,59247.59,0.0,8810.92
ORD11657,2023-07-29,Notebook,Office Supplies,East,West Bengal,Consumer,5,368.96,1844.82,0.0,377.63
ORD11658,2024-01-14,Monitor,Electronics,West,Gujarat,Consumer,4,15593.63,62374.53,0.0,9271.79
ORD11659,2025-01-09,Notebook,Office Supplies,South,Telangana,Corporate,3,362.41,1032.85,0.05,238.46
ORD11660,2024-07-09,Headphones,Electronics,East,Odisha,Consumer,5,3472.38,15625.72,0.1,2306.31
ORD11661,2023-05-28,Office Chair,Furniture,East,Odisha,Corporate,5,7320.37,32941.65,0.1,5473.96
ORD11662,2023-11-25,Headphones,Electronics,North,Delhi,Corporate,1,3241.46,3079.39,0.05,433.75
ORD11663,2024-11-21,Backpack,Accessories,East,West Bengal,Small Business,2,1588.88,3018.88,0.05,632.43
ORD11664,2024-09-09,Smartphone,Electronics,West,Rajasthan,Small Business,1,28435.29,24169.99,0.15,3302.74
ORD11665,2025-08-29,Headphones,Electronics,North,Punjab,Small Business,1,3292.25,3127.64,0.05,510.06
ORD11666,2024-02-18,Notebook,Office Supplies,West,Maharashtra,Corporate,3,385.11,1097.57,0.05,238.11
ORD11667,2024-05-02,Laptop,Electronics,West,Maharashtra,Consumer,3,52266.55,148959.66,0.05,15147.03
ORD11668,2023-12-09,Headphones,Electronics,North,Haryana,Consumer,4,3732.67,12691.06,0.15,1745.24
ORD11669,2024-03-17,Printer,Office Supplies,South,Tamil Nadu,Corporate,5,12560.24,59661.16,0.05,10608.83
ORD11670,2025-10-18,Backpack,Accessories,West,Maharashtra,Corporate,1,1734.95,1561.45,0.1,322.53
ORD11671,2025-04-25,Monitor,Electronics,East,West Bengal,Corporate,4,14700.31,55861.17,0.05,7709.5
ORD11672,2025-10-04,Printer,Office Supplies,West,Gujarat,Corporate,4,13582.61,54330.43,0.0,11642.45
ORD11673,2024-11-17,Printer,Office Supplies,West,Gujarat,Small Business,1,14772.7,14034.06,0.05,2913.04
ORD11674,2024-12-24,Office Chair,Furniture,West,Maharashtra,Small Business,5,8083.62,38397.19,0.05,7612.59
ORD11675,2023-02-11,Keyboard,Electronics,West,Rajasthan,Consumer,3,1908.05,4579.31,0.2,533.22
ORD11676,2025-04-09,Printer,Office Supplies,East,West Bengal,Small Business,3,15264.89,45794.68,0.0,8607.56
ORD11677,2023-12-03,Notebook,Office Supplies,West,Gujarat,Consumer,3,335.35,905.44,0.1,193.9
ORD11678,2024-07-16,Laptop,Electronics,East,West Bengal,Small Business,5,53907.66,242584.46,0.1,33621.22
ORD11679,2025-02-14,Office Chair,Furniture,West,Maharashtra,Corporate,5,7948.3,37754.45,0.05,6733.2
ORD11680,2024-09-25,Notebook,Office Supplies,North,Punjab,Consumer,4,291.24,931.97,0.2,182.17
ORD11681,2024-03-14,Tablet,Electronics,East,Odisha,Corporate,3,24287.81,61933.93,0.15,6801.48
ORD11682,2024-09-06,Desk,Furniture,South,Telangana,Corporate,4,12242.59,41624.82,0.15,6720.19
ORD11683,2025-02-28,Tablet,Electronics,North,Haryana,Corporate,2,25246.56,45443.8,0.1,4768.56
ORD11684,2023-05-12,Laptop,Electronics,West,Gujarat,Small Business,3,49592.1,141337.49,0.05,21601.24
ORD11685,2023-09-15,Desk,Furniture,East,Odisha,Consumer,2,12346.66,23458.65,0.05,4311.95
ORD11686,2023-05-30,Notebook,Office Supplies,West,Rajasthan,Consumer,4,368.73,1474.91,0.0,338.69
ORD11687,2024-01-22,Office Chair,Furniture,North,Haryana,Consumer,3,9133.81,24661.27,0.1,3723.14
ORD11688,2023-10-16,Monitor,Electronics,West,Gujarat,Consumer,3,15600.65,39781.66,0.15,4179.22
ORD11689,2023-11-22,Monitor,Electronics,North,Haryana,Consumer,5,14606.01,62075.55,0.15,8749.11
ORD11690,2024-10-31,Smartphone,Electronics,South,Karnataka,Consumer,2,32171.6,54691.72,0.15,6769.57
ORD11691,2024-03-18,Monitor,Electronics,West,Rajasthan,Consumer,1,14333.32,14333.32,0.0,1885.57
ORD11692,2023-10-08,Monitor,Electronics,East,West Bengal,Consumer,2,14568.95,27681.01,0.05,3842.84
ORD11693,2025-09-05,Office Chair,Furniture,South,Tamil Nadu,Consumer,4,9941.89,33802.44,0.15,5164.45
ORD11694,2025-11-22,Printer,Office Supplies,West,Gujarat,Consumer,2,14268.44,28536.87,0.0,6273.63
ORD11695,2023-08-03,Printer,Office Supplies,West,Rajasthan,Consumer,4,13048.34,41754.67,0.2,7899.49
ORD11696,2025-02-15,Desk,Furniture,East,Odisha,Corporate,5,11590.31,57951.53,0.0,10228.45
ORD11697,2025-11-18,Keyboard,Electronics,South,Telangana,Small Business,2,1698.1,3396.2,0.0,463.52
ORD11698,2023-02-26,Notebook,Office Supplies,West,Gujarat,Corporate,1,318.4,270.64,0.15,56.32
ORD11699,2023-06-25,Backpack,Accessories,North,Punjab,Consumer,1,1789.36,1610.43,0.1,274.57
ORD11700,2024-02-01,Backpack,Accessories,South,Telangana,Consumer,4,1835.23,6973.88,0.05,1396.69
ORD11701,2025-11-25,Notebook,Office Supplies,East,Bihar,Corporate,2,407.41,651.85,0.2,136.11
ORD11702,2025-01-11,Smartphone,Electronics,South,Telangana,Consumer,2,26824.07,53648.15,0.0,7337.23
ORD11703,2024-09-04,Headphones,Electronics,North,Haryana,Corporate,2,3942.69,6702.58,0.15,749.63
ORD11704,2025-10-16,Laptop,Electronics,North,Haryana,Consumer,2,48180.15,96360.3,0.0,13150.61
ORD11705,2024-04-04,Notebook,Office Supplies,East,West Bengal,Consumer,2,339.33,678.66,0.0,150.73
ORD11706,2023-04-30,Keyboard,Electronics,North,Haryana,Consumer,4,1713.86,5827.13,0.15,755.71
ORD11707,2024-08-03,Headphones,Electronics,South,Telangana,Consumer,1,3500.02,2975.02,0.15,348.47
ORD11708,2025-02-27,Tablet,Electronics,East,Bihar,Small Business,1,20144.36,18129.92,0.1,2512.33
ORD11709,2024-01-05,Notebook,Office Supplies,West,Rajasthan,Small Business,5,346.45,1645.63,0.05,331.07
ORD11710,2024-09-28,Headphones,Electronics,West,Rajasthan,Consumer,3,3407.96,9201.5,0.1,1468.84
ORD11711,2024-07-26,Laptop,Electronics,South,Tamil Nadu,Small Business,2,52685.22,100101.93,0.05,14766.55
ORD11712,2024-07-03,Backpack,Accessories,East,West Bengal,Corporate,3,1548.4,4645.2,0.0,893.56
ORD11713,2024-06-21,Smartphone,Electronics,North,Delhi,Corporate,2,27477.91,54955.82,0.0,6527.52
ORD11714,2023-05-12,Office Chair,Furniture,North,Delhi,Corporate,3,7182.58,21547.73,0.0,4151.98
ORD11715,2025-06-18,Backpack,Accessories,East,West Bengal,Consumer,2,2029.7,3450.48,0.15,640.91
ORD11716,2023-06-20,Office Chair,Furniture,East,Bihar,Consumer,4,8373.86,33495.42,0.0,6846.3
ORD11717,2023-06-09,Smartphone,Electronics,South,Telangana,Consumer,5,26527.02,119371.58,0.1,14636.99
ORD11718,2025-02-25,Monitor,Electronics,West,Gujarat,Small Business,1,16991.06,15291.95,0.1,2309.43
ORD11719,2023-02-12,Backpack,Accessories,East,Bihar,Consumer,1,1780.52,1602.47,0.1,281.29
ORD11720,2025-05-18,Smartphone,Electronics,South,Karnataka,Consumer,2,27994.07,50389.33,0.1,5960.41
ORD11721,2023-04-08,Backpack,Accessories,South,Telangana,Consumer,4,1877.62,7510.48,0.0,1687.17
ORD11722,2024-06-03,Laptop,Electronics,South,Telangana,Corporate,2,52350.41,94230.74,0.1,12915.47
ORD11723,2025-03-04,Laptop,Electronics,South,Telangana,Corporate,4,50103.43,200413.7,0.0,29000.48
ORD11724,2025-01-19,Backpack,Accessories,South,Telangana,Consumer,5,1716.84,8155.0,0.05,1570.1
ORD11725,2024-07-25,Smartphone,Electronics,North,Punjab,Consumer,4,30493.59,109776.91,0.1,13163.73
ORD11726,2023-04-11,Notebook,Office Supplies,West,Rajasthan,Small Business,2,389.87,740.75,0.05,174.56
ORD11727,2023-11-19,Tablet,Electronics,South,Tamil Nadu,Consumer,4,29020.63,98670.13,0.15,14898.02
ORD11728,2024-08-27,Notebook,Office Supplies,West,Rajasthan,Corporate,4,350.07,1120.22,0.2,227.05
ORD11729,2025-06-04,Tablet,Electronics,North,Haryana,Corporate,3,23991.28,71973.83,0.0,11274.52
ORD11730,2023-10-12,Mouse,Electronics,South,Telangana,Corporate,3,911.95,2735.86,0.0,436.28
ORD11731,2023-06-01,Keyboard,Electronics,North,Delhi,Corporate,5,1861.9,8844.04,0.05,1198.91
ORD11732,2023-09-29,Desk,Furniture,West,Gujarat,Consumer,1,12391.48,12391.48,0.0,2051.89
ORD11733,2025-09-21,Mouse,Electronics,West,Gujarat,Small Business,4,877.62,3510.49,0.0,507.61
ORD11734,2024-03-28,Smartphone,Electronics,North,Punjab,Corporate,3,28769.15,77676.7,0.1,10873.26
ORD11735,2023-02-21,Monitor,Electronics,South,Telangana,Corporate,5,16717.94,83589.69,0.0,10789.73
ORD11736,2024-07-20,Monitor,Electronics,West,Maharashtra,Consumer,1,14552.23,14552.23,0.0,1693.81
ORD11737,2025-03-16,Smartphone,Electronics,West,Gujarat,Small Business,2,32120.24,54604.41,0.15,7820.43
ORD11738,2023-08-08,Printer,Office Supplies,West,Maharashtra,Corporate,2,14655.85,29311.7,0.0,6722.53
ORD11739,2024-05-20,Printer,Office Supplies,East,Bihar,Consumer,4,13964.15,44685.27,0.2,8272.87
ORD11740,2024-04-20,Backpack,Accessories,North,Delhi,Consumer,5,1596.31,7582.46,0.05,1506.25
ORD11741,2024-06-28,Headphones,Electronics,South,Tamil Nadu,Corporate,2,3514.9,7029.8,0.0,894.7
ORD11742,2024-01-01,Notebook,Office Supplies,North,Punjab,Consumer,2,303.58,546.45,0.1,110.78
ORD11743,2025-06-17,Tablet,Electronics,East,Bihar,Small Business,2,23457.4,37531.84,0.2,4958.78
ORD11744,2025-02-24,Mouse,Electronics,East,Bihar,Consumer,1,1022.1,970.99,0.05,121.51
ORD11745,2024-09-14,Keyboard,Electronics,South,Tamil Nadu,Consumer,1,1669.15,1418.78,0.15,172.91
ORD11746,2023-06-20,Smartphone,Electronics,West,Maharashtra,Corporate,4,28294.58,96201.56,0.15,11843.88
ORD11747,2025-12-18,Notebook,Office Supplies,West,Maharashtra,Corporate,5,324.38,1459.69,0.1,271.52
ORD11748,2023-05-12,Mouse,Electronics,North,Delhi,Small Business,1,904.03,904.03,0.0,141.37
ORD11749,2023-06-14,Tablet,Electronics,South,Tamil Nadu,Corporate,3,22563.04,60920.22,0.1,8678.23
ORD11750,2024-01-05,Monitor,Electronics,South,Telangana,Consumer,2,13952.88,26510.48,0.05,3500.53
ORD11751,2024-04-03,Backpack,Accessories,West,Maharashtra,Corporate,3,1688.81,4053.14,0.2,545.61
ORD11752,2024-08-18,Monitor,Electronics,North,Punjab,Consumer,4,16443.91,65775.64,0.0,8655.37
ORD11753,2025-01-07,Laptop,Electronics,North,Punjab,Consumer,5,50244.31,213538.33,0.15,31182.3
ORD11754,2024-12-16,Tablet,Electronics,South,Karnataka,Small Business,2,24116.42,45821.2,0.05,5273.0
ORD11755,2025-06-04,Laptop,Electronics,North,Delhi,Consumer,2,54650.26,92905.44,0.15,11611.06
ORD11756,2023-01-27,Backpack,Accessories,West,Gujarat,Corporate,4,2054.71,7396.94,0.1,1324.72
ORD11757,2025-04-24,Desk,Furniture,North,Haryana,Small Business,3,14080.81,42242.44,0.0,7891.57
ORD11758,2023-09-13,Backpack,Accessories,North,Haryana,Corporate,1,1678.91,1678.91,0.0,278.59
ORD11759,2023-10-28,Desk,Furniture,South,Tamil Nadu,Corporate,4,11043.94,39758.2,0.1,6884.97
ORD11760,2024-07-23,Headphones,Electronics,South,Telangana,Consumer,3,3417.41,9739.63,0.05,1014.35
ORD11761,2025-10-09,Printer,Office Supplies,North,Delhi,Consumer,4,13564.63,51545.58,0.05,11467.57
ORD11762,2024-01-23,Desk,Furniture,East,West Bengal,Consumer,3,10290.11,30870.32,0.0,5452.51
ORD11763,2023-01-25,Backpack,Accessories,West,Maharashtra,Corporate,5,1966.71,8850.17,0.1,1740.54
ORD11764,2025-04-24,Headphones,Electronics,North,Haryana,Consumer,4,2860.66,10870.52,0.05,1415.67
ORD11765,2024-12-12,Backpack,Accessories,East,Bihar,Small Business,4,1782.57,6060.74,0.15,1275.22
ORD11766,2023-02-24,Backpack,Accessories,East,Bihar,Consumer,3,1763.16,4760.53,0.1,895.29
ORD11767,2023-02-08,Tablet,Electronics,South,Tamil Nadu,Consumer,5,25043.88,125219.4,0.0,14470.45
ORD11768,2025-02-10,Monitor,Electronics,East,Bihar,Small Business,3,14255.01,40626.79,0.05,5683.02
ORD11769,2024-03-16,Smartphone,Electronics,East,Odisha,Consumer,4,29788.95,107240.23,0.1,14901.27
ORD11770,2025-03-14,Headphones,Electronics,West,Rajasthan,Small Business,2,3396.48,6792.96,0.0,838.6
ORD11771,2025-09-21,Headphones,Electronics,North,Punjab,Corporate,2,3549.36,6743.79,0.05,907.39
ORD11772,2024-06-26,Mouse,Electronics,West,Maharashtra,Corporate,5,1071.01,5355.04,0.0,649.81
ORD11773,2025-05-11,Office Chair,Furniture,North,Delhi,Small Business,4,8270.43,31427.63,0.05,5554.29
ORD11774,2025-01-05,Keyboard,Electronics,South,Karnataka,Consumer,4,1928.16,7712.63,0.0,1054.93
ORD11775,2025-12-09,Mouse,Electronics,East,West Bengal,Consumer,2,920.04,1840.09,0.0,256.81
ORD11776,2024-11-30,Printer,Office Supplies,North,Delhi,Consumer,3,14359.09,36615.68,0.15,7263.42
ORD11777,2025-09-20,Keyboard,Electronics,South,Telangana,Consumer,3,1663.06,4739.71,0.05,564.88
ORD11778,2023-09-20,Mouse,Electronics,East,West Bengal,Consumer,5,812.34,3249.37,0.2,379.44
ORD11779,2024-02-11,Notebook,Office Supplies,East,Bihar,Corporate,2,343.45,652.56,0.05,139.21
ORD11780,2023-09-08,Smartphone,Electronics,West,Gujarat,Small Business,4,25907.49,93266.96,0.1,13919.27
ORD11781,2023-04-18,Keyboard,Electronics,North,Punjab,Corporate,2,1690.36,3211.69,0.05,397.13
ORD11782,2023-07-18,Keyboard,Electronics,West,Gujarat,Corporate,3,1602.07,4325.6,0.1,651.22
ORD11783,2023-08-10,Printer,Office Supplies,West,Gujarat,Corporate,4,12447.56,44811.22,0.1,8777.19
ORD11784,2023-06-09,Laptop,Electronics,South,Karnataka,Corporate,2,49959.43,89926.97,0.1,12206.77
ORD11785,2023-12-22,Office Chair,Furniture,East,Bihar,Consumer,1,8278.23,7450.41,0.1,1265.49
ORD11786,2024-11-30,Desk,Furniture,North,Punjab,Small Business,2,12080.53,22953.01,0.05,4149.48
ORD11787,2025-11-03,Office Chair,Furniture,North,Haryana,Small Business,1,7163.46,7163.46,0.0,1302.33
ORD11788,2025-07-14,Monitor,Electronics,East,Odisha,Consumer,4,16835.22,67340.9,0.0,9695.75
ORD11789,2023-07-27,Monitor,Electronics,East,Bihar,Corporate,5,15834.17,67295.23,0.15,9052.87
ORD11790,2024-08-04,Printer,Office Supplies,West,Rajasthan,Corporate,2,15399.14,29258.36,0.05,6219.96
ORD11791,2024-10-19,Laptop,Electronics,South,Tamil Nadu,Corporate,1,47912.55,47912.55,0.0,5805.12
ORD11792,2024-11-04,Notebook,Office Supplies,West,Rajasthan,Consumer,5,294.13,1323.6,0.1,317.89
ORD11793,2023-02-24,Smartphone,Electronics,North,Punjab,Corporate,2,27455.87,54911.74,0.0,8851.89
ORD11794,2023-12-04,Mouse,Electronics,East,Odisha,Consumer,4,983.39,3736.88,0.05,423.25
ORD11795,2024-09-11,Smartphone,Electronics,North,Haryana,Small Business,1,25223.55,23962.38,0.05,2875.66
ORD11796,2025-06-20,Laptop,Electronics,East,West Bengal,Small Business,3,50889.93,145036.31,0.05,20905.36
ORD11797,2025-12-22,Monitor,Electronics,North,Delhi,Consumer,4,18319.76,73279.04,0.0,9070.05
ORD11798,2025-04-12,Mouse,Electronics,East,Odisha,Corporate,4,800.99,3043.75,0.05,431.17
ORD11799,2023-08-22,Desk,Furniture,East,Odisha,Consumer,3,12165.6,31022.27,0.15,5543.53
ORD11800,2023-03-17,Office Chair,Furniture,East,West Bengal,Consumer,4,9582.16,36412.19,0.05,6431.68
ORD11801,2024-04-30,Keyboard,Electronics,West,Gujarat,Consumer,3,1794.42,5114.09,0.05,758.56
ORD11802,2023-01-28,Laptop,Electronics,West,Rajasthan,Corporate,1,57447.21,51702.49,0.1,7022.76
ORD11803,2024-01-19,Laptop,Electronics,North,Punjab,Consumer,1,53738.73,48364.86,0.1,6425.25
ORD11804,2025-04-27,Mouse,Electronics,East,Bihar,Corporate,1,978.12,929.21,0.05,144.36
ORD11805,2025-01-18,Smartphone,Electronics,South,Telangana,Corporate,5,26745.28,120353.77,0.1,17054.28
ORD11806,2024-03-24,Monitor,Electronics,East,Bihar,Corporate,4,13687.08,46536.06,0.15,7064.95
ORD11807,2025-07-29,Office Chair,Furniture,West,Rajasthan,Small Business,1,8878.7,7990.83,0.1,1431.14
ORD11808,2024-06-16,Tablet,Electronics,North,Haryana,Corporate,3,26800.54,72361.47,0.1,9284.07
ORD11809,2023-03-21,Notebook,Office Supplies,East,West Bengal,Consumer,4,337.37,1349.49,0.0,284.54
ORD11810,2023-07-19,Tablet,Electronics,East,West Bengal,Consumer,3,21734.6,58683.41,0.1,8306.77
ORD11811,2023-04-07,Printer,Office Supplies,West,Maharashtra,Small Business,2,13953.12,25115.61,0.1,4877.36
ORD11812,2025-07-28,Desk,Furniture,South,Karnataka,Corporate,4,12543.81,50175.23,0.0,9037.43
ORD11813,2023-12-24,Monitor,Electronics,North,Punjab,Small Business,1,17103.25,17103.25,0.0,2558.42
ORD11814,2023-09-20,Keyboard,Electronics,East,Bihar,Small Business,3,2397.78,6833.67,0.05,1039.09
ORD11815,2025-06-30,Keyboard,Electronics,East,Bihar,Consumer,5,1625.68,7315.54,0.1,1080.04
ORD11816,2023-08-26,Keyboard,Electronics,North,Punjab,Consumer,3,1637.9,4913.69,0.0,642.19
ORD11817,2025-02-16,Printer,Office Supplies,South,Tamil Nadu,Small Business,3,14740.29,42009.82,0.05,8824.18
ORD11818,2024-10-11,Backpack,Accessories,West,Rajasthan,Corporate,1,1815.2,1724.44,0.05,343.91
ORD11819,2024-01-07,Printer,Office Supplies,East,Bihar,Consumer,4,12254.56,46567.33,0.05,9924.64
ORD11820,2023-06-29,Backpack,Accessories,West,Gujarat,Consumer,1,1649.64,1567.15,0.05,300.3
ORD11821,2024-05-17,Notebook,Office Supplies,North,Punjab,Small Business,1,309.65,263.2,0.15,58.15
ORD11822,2024-03-19,Keyboard,Electronics,West,Maharashtra,Small Business,2,1903.06,3425.51,0.1,477.4
ORD11823,2025-07-06,Mouse,Electronics,East,Odisha,Corporate,5,935.0,4207.48,0.1,482.87
ORD11824,2025-02-04,Mouse,Electronics,South,Karnataka,Corporate,2,937.49,1593.73,0.15,191.4
ORD11825,2023-11-09,Printer,Office Supplies,East,West Bengal,Corporate,5,14201.74,60357.42,0.15,11347.38
ORD11826,2025-08-30,Headphones,Electronics,East,Odisha,Consumer,3,3122.33,9366.98,0.0,1325.18
ORD11827,2024-02-18,Smartphone,Electronics,West,Gujarat,Corporate,3,29824.77,85000.59,0.05,13397.15
ORD11828,2024-04-25,Office Chair,Furniture,West,Maharashtra,Corporate,5,8466.33,42331.65,0.0,7713.04
ORD11829,2024-04-18,Headphones,Electronics,North,Punjab,Consumer,1,3144.08,2986.88,0.05,322.89
ORD11830,2025-04-06,Mouse,Electronics,East,Bihar,Corporate,2,1035.35,1863.63,0.1,288.35
ORD11831,2024-12-10,Mouse,Electronics,North,Delhi,Consumer,5,842.61,4002.39,0.05,546.11
ORD11832,2023-09-21,Printer,Office Supplies,West,Rajasthan,Consumer,3,15815.26,47445.77,0.0,10926.57
ORD11833,2024-08-30,Monitor,Electronics,South,Telangana,Consumer,4,15677.5,53303.5,0.15,6834.37
ORD11834,2025-10-25,Desk,Furniture,West,Rajasthan,Consumer,2,12479.04,24958.08,0.0,4248.13
ORD11835,2024-03-04,Backpack,Accessories,South,Tamil Nadu,Corporate,4,1741.68,5573.38,0.2,920.78
ORD11836,2024-01-23,Keyboard,Electronics,South,Tamil Nadu,Small Business,2,1787.0,3395.3,0.05,540.53
ORD11837,2023-10-02,Laptop,Electronics,West,Rajasthan,Consumer,3,57441.88,137860.51,0.2,18912.34
ORD11838,2024-03-04,Desk,Furniture,East,Bihar,Consumer,2,13507.44,25664.14,0.05,4559.49
ORD11839,2024-12-31,Printer,Office Supplies,East,Odisha,Small Business,2,12179.7,21923.46,0.1,4215.64
ORD11840,2024-06-06,Keyboard,Electronics,East,Odisha,Consumer,4,1669.81,5677.34,0.15,727.62
ORD11841,2023-11-19,Desk,Furniture,East,Bihar,Corporate,2,12931.37,21983.33,0.15,3480.33
ORD11842,2023-03-18,Printer,Office Supplies,North,Delhi,Corporate,4,13845.24,49842.87,0.1,9830.22
ORD11843,2024-02-21,Desk,Furniture,East,West Bengal,Consumer,1,11447.79,10303.01,0.1,1586.02
ORD11844,2024-04-25,Backpack,Accessories,West,Rajasthan,Corporate,2,1983.55,3570.39,0.1,590.21
ORD11845,2024-02-16,Backpack,Accessories,North,Delhi,Consumer,3,1551.4,4654.2,0.0,966.79
ORD11846,2023-07-04,Mouse,Electronics,East,Bihar,Consumer,1,877.4,789.66,0.1,89.33
ORD11847,2024-10-12,Office Chair,Furniture,South,Karnataka,Consumer,3,8795.79,22429.26,0.15,3370.39
ORD11848,2024-03-06,Laptop,Electronics,East,Bihar,Corporate,5,52038.84,260194.2,0.0,30475.92
ORD11849,2025-02-15,Printer,Office Supplies,North,Punjab,Consumer,4,14362.27,54576.64,0.05,11865.58
ORD11850,2023-11-17,Printer,Office Supplies,South,Tamil Nadu,Small Business,1,12701.81,12701.81,0.0,2704.17
ORD11851,2025-09-02,Office Chair,Furniture,South,Tamil Nadu,Corporate,5,7673.74,38368.7,0.0,6616.22
ORD11852,2024-12-08,Laptop,Electronics,North,Haryana,Consumer,3,42862.0,128585.99,0.0,17807.98
ORD11853,2025-12-13,Monitor,Electronics,North,Punjab,Corporate,4,13362.73,50778.38,0.05,7050.27
ORD11854,2023-03-20,Notebook,Office Supplies,West,Gujarat,Small Business,5,376.51,1694.3,0.1,325.93
ORD11855,2024-12-03,Tablet,Electronics,North,Punjab,Consumer,3,22695.31,57873.05,0.15,7697.37
ORD11856,2023-12-25,Notebook,Office Supplies,South,Tamil Nadu,Small Business,4,353.28,1342.47,0.05,292.09
ORD11857,2025-10-11,Tablet,Electronics,North,Delhi,Consumer,3,25163.16,67940.52,0.1,10088.21
ORD11858,2023-03-04,Headphones,Electronics,East,Odisha,Small Business,1,3629.29,3266.36,0.1,515.15
ORD11859,2024-11-29,Smartphone,Electronics,South,Karnataka,Corporate,3,24816.11,74448.34,0.0,10468.81
ORD11860,2023-05-12,Mouse,Electronics,North,Haryana,Consumer,4,1055.1,4009.39,0.05,612.57
ORD11861,2024-11-19,Monitor,Electronics,South,Tamil Nadu,Corporate,4,14577.61,52479.41,0.1,7851.42
ORD11862,2025-07-11,Mouse,Electronics,South,Tamil Nadu,Small Business,3,863.86,2462.01,0.05,376.82
ORD11863,2023-04-28,Backpack,Accessories,East,Bihar,Corporate,3,1845.91,5537.73,0.0,1155.29
ORD11864,2024-11-14,Smartphone,Electronics,North,Delhi,Corporate,1,27425.9,27425.9,0.0,3809.58
ORD11865,2024-03-25,Headphones,Electronics,South,Telangana,Consumer,4,3384.9,12185.64,0.1,1477.38
ORD11866,2023-10-08,Monitor,Electronics,West,Gujarat,Small Business,4,15321.24,55156.46,0.1,7198.3
ORD11867,2023-01-11,Monitor,Electronics,South,Telangana,Consumer,4,14493.13,52175.26,0.1,7476.11
ORD11868,2025-05-23,Keyboard,Electronics,South,Telangana,Consumer,1,1658.17,1326.53,0.2,157.93
ORD11869,2024-03-02,Notebook,Office Supplies,South,Tamil Nadu,Corporate,1,364.67,364.67,0.0,79.7
ORD11870,2025-03-02,Notebook,Office Supplies,East,Odisha,Corporate,5,350.07,1487.8,0.15,315.88
ORD11871,2025-01-13,Laptop,Electronics,South,Karnataka,Small Business,2,54353.78,86966.04,0.2,11170.3
ORD11872,2025-01-18,Office Chair,Furniture,East,Odisha,Corporate,2,8094.45,13760.57,0.15,2560.58
ORD11873,2023-12-22,Desk,Furniture,East,Bihar,Corporate,4,12608.59,50434.38,0.0,9198.62
ORD11874,2024-04-02,Mouse,Electronics,North,Delhi,Small Business,1,978.8,978.8,0.0,125.04
ORD11875,2025-01-27,Backpack,Accessories,East,Odisha,Consumer,4,1932.23,6956.03,0.1,1189.63
ORD11876,2024-05-17,Headphones,Electronics,East,Bihar,Consumer,1,3585.55,3047.72,0.15,344.06
ORD11877,2025-10-06,Monitor,Electronics,North,Delhi,Corporate,2,14498.93,26098.07,0.1,3581.7
ORD11878,2024-05-03,Tablet,Electronics,East,Bihar,Small Business,1,21317.02,20251.17,0.05,2782.58
ORD11879,2023-06-08,Headphones,Electronics,South,Tamil Nadu,Corporate,1,3093.3,2783.97,0.1,343.88
ORD11880,2025-10-27,Desk,Furniture,North,Haryana,Corporate,4,11796.96,37750.27,0.2,6320.69
ORD11881,2024-03-26,Headphones,Electronics,South,Telangana,Consumer,4,3484.99,13242.97,0.05,1854.27
ORD11882,2024-05-12,Smartphone,Electronics,South,Karnataka,Small Business,2,29028.14,55153.46,0.05,7238.61
ORD11883,2025-07-29,Office Chair,Furniture,South,Telangana,Consumer,3,9112.92,23237.96,0.15,4039.01
ORD11884,2025-01-09,Laptop,Electronics,South,Tamil Nadu,Consumer,5,51151.81,255759.07,0.0,28004.88
ORD11885,2025-07-21,Keyboard,Electronics,West,Maharashtra,Corporate,5,1852.71,8337.2,0.1,1101.72
ORD11886,2023-06-07,Monitor,Electronics,East,Odisha,Consumer,4,15180.57,60722.28,0.0,8599.11
ORD11887,2025-02-23,Notebook,Office Supplies,North,Punjab,Consumer,5,266.72,1133.55,0.15,246.53
ORD11888,2025-11-02,Desk,Furniture,South,Karnataka,Consumer,1,12530.1,12530.1,0.0,2478.83
ORD11889,2025-07-02,Desk,Furniture,North,Punjab,Corporate,2,11467.0,19493.9,0.15,3872.64
ORD11890,2023-08-24,Mouse,Electronics,West,Maharashtra,Consumer,5,932.8,4664.0,0.0,812.23
ORD11891,2024-10-25,Mouse,Electronics,North,Haryana,Small Business,4,873.46,3493.85,0.0,467.28
ORD11892,2023-08-22,Backpack,Accessories,North,Haryana,Consumer,1,1905.21,1905.21,0.0,344.82
ORD11893,2024-08-30,Tablet,Electronics,South,Karnataka,Consumer,1,23102.48,20792.24,0.1,3199.06
ORD11894,2025-05-08,Monitor,Electronics,East,Odisha,Consumer,2,14068.66,25323.59,0.1,3353.61
ORD11895,2024-10-10,Keyboard,Electronics,South,Tamil Nadu,Corporate,1,1629.09,1547.63,0.05,243.33
ORD11896,2023-03-01,Desk,Furniture,South,Karnataka,Corporate,1,10870.01,9783.01,0.1,1602.0
ORD11897,2023-11-19,Keyboard,Electronics,East,Bihar,Corporate,3,1904.05,5140.95,0.1,714.82
ORD11898,2024-08-01,Backpack,Accessories,East,West Bengal,Small Business,4,1760.45,6337.61,0.1,1369.87
ORD11899,2024-08-25,Tablet,Electronics,West,Maharashtra,Corporate,3,23164.12,66017.73,0.05,8510.63
ORD11900,2023-07-15,Smartphone,Electronics,North,Haryana,Consumer,2,29308.6,49824.61,0.15,4951.29
ORD11901,2024-10-19,Office Chair,Furniture,North,Delhi,Small Business,1,7549.07,6794.16,0.1,1155.96
ORD11902,2023-05-05,Mouse,Electronics,North,Haryana,Corporate,1,859.91,730.92,0.15,93.26
ORD11903,2024-05-20,Office Chair,Furniture,West,Maharashtra,Consumer,5,8002.28,36010.28,0.1,6574.07
ORD11904,2023-06-28,Tablet,Electronics,South,Tamil Nadu,Small Business,2,22991.19,41384.15,0.1,5119.02
ORD11905,2025-10-21,Tablet,Electronics,North,Delhi,Consumer,2,23825.41,40503.19,0.15,4235.04
ORD11906,2025-05-22,Tablet,Electronics,North,Haryana,Small Business,1,24501.14,23276.08,0.05,2752.35
ORD11907,2023-10-31,Headphones,Electronics,West,Maharashtra,Corporate,3,3666.17,10998.5,0.0,1787.35
ORD11908,2023-08-25,Keyboard,Electronics,East,Odisha,Corporate,4,1870.77,7108.92,0.05,1109.55
ORD11909,2025-11-20,Printer,Office Supplies,West,Maharashtra,Small Business,4,13756.27,55025.08,0.0,11749.09
ORD11910,2024-10-02,Tablet,Electronics,West,Rajasthan,Consumer,2,24083.67,45758.97,0.05,5014.04
ORD11911,2025-05-01,Printer,Office Supplies,North,Haryana,Consumer,2,13066.75,26133.5,0.0,5033.63
ORD11912,2024-03-04,Keyboard,Electronics,North,Delhi,Small Business,2,1686.58,3373.15,0.0,449.36
ORD11913,2025-11-17,Desk,Furniture,South,Karnataka,Corporate,5,13024.78,61867.72,0.05,10291.86
ORD11914,2023-01-05,Office Chair,Furniture,East,Odisha,Corporate,4,8227.76,32911.04,0.0,5552.7
ORD11915,2025-12-02,Keyboard,Electronics,West,Gujarat,Small Business,4,1725.4,6901.59,0.0,1050.03
ORD11916,2023-09-20,Office Chair,Furniture,North,Haryana,Consumer,4,8094.44,29139.98,0.1,4982.17
ORD11917,2023-02-27,Office Chair,Furniture,East,West Bengal,Small Business,2,9145.7,15547.69,0.15,2410.13
ORD11918,2023-11-15,Headphones,Electronics,South,Telangana,Consumer,3,3598.46,10255.6,0.05,1388.9
ORD11919,2024-05-04,Tablet,Electronics,North,Delhi,Consumer,4,25024.85,95094.43,0.05,13014.71
ORD11920,2024-03-04,Desk,Furniture,East,Odisha,Consumer,5,11722.81,55683.34,0.05,10619.51
ORD11921,2024-06-01,Monitor,Electronics,East,West Bengal,Consumer,5,16527.38,78505.08,0.05,10965.04
ORD11922,2025-03-28,Laptop,Electronics,South,Karnataka,Small Business,2,59721.86,107499.35,0.1,14838.36
ORD11923,2025-11-05,Printer,Office Supplies,North,Delhi,Corporate,3,13185.62,31645.48,0.2,6094.67
ORD11924,2024-03-16,Laptop,Electronics,South,Karnataka,Consumer,1,56986.48,51287.83,0.1,6913.95
ORD11925,2023-04-08,Monitor,Electronics,South,Telangana,Consumer,3,15440.81,41690.19,0.1,6915.57
ORD11926,2024-07-06,Monitor,Electronics,West,Rajasthan,Corporate,2,17033.04,27252.86,0.2,3509.35
ORD11927,2024-09-08,Printer,Office Supplies,West,Gujarat,Corporate,5,15366.83,76834.14,0.0,15955.18
ORD11928,2025-09-26,Mouse,Electronics,West,Gujarat,Small Business,4,830.98,2825.33,0.15,350.5
ORD11929,2025-10-04,Headphones,Electronics,West,Maharashtra,Corporate,5,3269.2,14711.41,0.1,2382.15
ORD11930,2023-06-23,Keyboard,Electronics,South,Tamil Nadu,Corporate,5,1844.22,8298.97,0.1,1171.9
ORD11931,2023-11-28,Mouse,Electronics,East,Odisha,Corporate,4,871.81,3138.52,0.1,382.91
ORD11932,2023-10-27,Printer,Office Supplies,East,Bihar,Consumer,5,11840.7,53283.17,0.1,11263.04
ORD11933,2025-02-07,Backpack,Accessories,East,Odisha,Consumer,4,1760.8,6691.06,0.05,1335.57
ORD11934,2024-09-16,Office Chair,Furniture,South,Karnataka,Consumer,5,8763.02,43815.12,0.0,7660.7
ORD11935,2023-08-10,Smartphone,Electronics,East,Bihar,Consumer,2,28335.87,53838.15,0.05,6309.69
ORD11936,2024-12-30,Smartphone,Electronics,East,Odisha,Consumer,5,24852.54,118049.56,0.05,17059.9
ORD11937,2023-05-06,Notebook,Office Supplies,North,Delhi,Consumer,2,370.22,703.41,0.05,148.44
ORD11938,2023-03-16,Backpack,Accessories,South,Tamil Nadu,Consumer,5,1723.98,8188.92,0.05,1670.53
ORD11939,2024-03-28,Smartphone,Electronics,North,Punjab,Consumer,3,23882.94,68066.37,0.05,8503.02
ORD11940,2024-09-19,Mouse,Electronics,North,Delhi,Consumer,1,791.84,752.25,0.05,98.23
ORD11941,2025-03-29,Printer,Office Supplies,North,Delhi,Corporate,2,14680.98,26425.76,0.1,5484.21
ORD11942,2025-10-20,Keyboard,Electronics,West,Rajasthan,Corporate,4,1773.74,6385.47,0.1,781.85
ORD11943,2024-04-29,Notebook,Office Supplies,South,Tamil Nadu,Small Business,1,340.35,323.34,0.05,69.17
ORD11944,2023-09-16,Headphones,Electronics,East,Odisha,Corporate,2,3526.14,7052.28,0.0,1006.37
ORD11945,2023-02-02,Desk,Furniture,West,Rajasthan,Consumer,3,11781.18,35343.53,0.0,6267.69
ORD11946,2023-09-13,Backpack,Accessories,West,Maharashtra,Consumer,1,2060.6,1854.54,0.1,333.5
ORD11947,2025-10-17,Printer,Office Supplies,South,Karnataka,Consumer,2,12421.82,22359.28,0.1,5253.76
ORD11948,2023-09-25,Printer,Office Supplies,South,Telangana,Consumer,5,13158.18,55922.26,0.15,11569.71
ORD11949,2023-07-05,Headphones,Electronics,East,Odisha,Small Business,5,4055.71,19264.64,0.05,2347.31
ORD11950,2023-03-28,Smartphone,Electronics,South,Telangana,Consumer,5,25992.45,129962.26,0.0,16651.72
ORD11951,2023-04-09,Backpack,Accessories,North,Delhi,Consumer,3,1704.24,4345.82,0.15,851.8
ORD11952,2024-02-23,Backpack,Accessories,South,Karnataka,Consumer,4,1803.04,7212.16,0.0,1474.47
ORD11953,2023-11-13,Printer,Office Supplies,South,Telangana,Corporate,1,14943.1,14943.1,0.0,3386.05
ORD11954,2023-10-23,Backpack,Accessories,North,Haryana,Consumer,2,1626.9,2928.41,0.1,597.31
ORD11955,2024-03-05,Notebook,Office Supplies,East,Odisha,Corporate,5,331.17,1490.26,0.1,317.28
ORD11956,2024-10-19,Printer,Office Supplies,West,Maharashtra,Corporate,2,13599.26,25838.59,0.05,5532.91
ORD11957,2025-08-21,Headphones,Electronics,South,Tamil Nadu,Small Business,1,3662.49,3296.24,0.1,407.35
ORD11958,2023-02-23,Headphones,Electronics,East,Odisha,Consumer,1,3540.88,3540.88,0.0,523.78
ORD11959,2023-08-31,Mouse,Electronics,East,Bihar,Consumer,3,884.12,2652.35,0.0,364.12
ORD11960,2025-02-24,Tablet,Electronics,North,Punjab,Small Business,2,21864.03,41541.66,0.05,5500.83
ORD11961,2024-01-12,Headphones,Electronics,East,West Bengal,Consumer,4,3628.11,12335.56,0.15,1857.97
ORD11962,2024-12-05,Mouse,Electronics,North,Punjab,Consumer,4,977.58,3519.27,0.1,439.07
ORD11963,2023-11-11,Smartphone,Electronics,West,Maharashtra,Consumer,3,29938.41,80833.72,0.1,7181.4
ORD11964,2025-10-20,Mouse,Electronics,East,West Bengal,Small Business,3,819.06,2457.19,0.0,323.27
ORD11965,2024-07-12,Office Chair,Furniture,South,Karnataka,Consumer,4,9057.99,28985.56,0.2,4531.57
ORD11966,2024-11-08,Headphones,Electronics,North,Haryana,Corporate,5,3619.42,18097.08,0.0,2418.02
ORD11967,2023-07-22,Desk,Furniture,North,Punjab,Small Business,5,11716.23,52723.04,0.1,9075.11
ORD11968,2023-09-22,Smartphone,Electronics,South,Karnataka,Consumer,4,28933.86,98375.12,0.15,10966.57
ORD11969,2025-03-19,Laptop,Electronics,West,Rajasthan,Consumer,2,54291.5,108582.99,0.0,14881.36
ORD11970,2024-03-10,Notebook,Office Supplies,South,Tamil Nadu,Corporate,1,362.84,308.41,0.15,59.92
ORD11971,2023-03-09,Tablet,Electronics,North,Delhi,Consumer,5,25621.39,115296.26,0.1,13453.88
ORD11972,2025-09-05,Headphones,Electronics,South,Telangana,Corporate,1,3776.31,3587.49,0.05,445.78
ORD11973,2023-06-04,Backpack,Accessories,South,Tamil Nadu,Consumer,1,1880.03,1504.02,0.2,263.1
ORD11974,2025-03-05,Smartphone,Electronics,West,Maharashtra,Corporate,4,25689.82,102759.29,0.0,14539.52
ORD11975,2023-08-13,Monitor,Electronics,West,Maharashtra,Small Business,4,16063.38,57828.17,0.1,9098.74
ORD11976,2023-06-17,Tablet,Electronics,South,Tamil Nadu,Corporate,4,25128.89,100515.54,0.0,16978.18
ORD11977,2025-03-01,Mouse,Electronics,South,Telangana,Corporate,3,996.09,2689.43,0.1,328.24
ORD11978,2023-03-08,Keyboard,Electronics,East,Odisha,Corporate,3,2105.05,5999.4,0.05,779.93
ORD11979,2024-01-21,Monitor,Electronics,South,Karnataka,Consumer,2,14684.49,26432.08,0.1,3811.97
ORD11980,2025-01-11,Monitor,Electronics,East,Odisha,Consumer,3,15426.13,43964.47,0.05,5538.88
ORD11981,2025-11-19,Keyboard,Electronics,South,Telangana,Consumer,5,1883.42,8946.27,0.05,1190.31
ORD11982,2024-08-08,Keyboard,Electronics,South,Karnataka,Small Business,5,1763.82,7937.19,0.1,1075.08
ORD11983,2023-07-11,Backpack,Accessories,West,Gujarat,Corporate,5,2121.8,10609.01,0.0,1960.8
ORD11984,2024-10-01,Notebook,Office Supplies,North,Delhi,Small Business,2,422.86,845.71,0.0,191.95
ORD11985,2025-08-12,Notebook,Office Supplies,West,Gujarat,Consumer,1,378.72,378.72,0.0,76.83
ORD11986,2025-06-01,Mouse,Electronics,South,Telangana,Small Business,4,929.96,3347.87,0.1,510.36
ORD11987,2025-03-29,Office Chair,Furniture,East,Odisha,Consumer,1,7942.89,7545.74,0.05,1312.68
ORD11988,2023-07-28,Headphones,Electronics,South,Tamil Nadu,Corporate,5,3536.38,15913.71,0.1,2037.73
ORD11989,2023-12-05,Office Chair,Furniture,West,Gujarat,Corporate,3,8440.89,24056.55,0.05,3923.05
ORD11990,2024-10-03,Mouse,Electronics,East,Bihar,Consumer,5,1086.53,5432.65,0.0,658.62
ORD11991,2024-07-25,Office Chair,Furniture,East,Odisha,Consumer,1,7915.43,7123.89,0.1,1340.01
ORD11992,2025-09-03,Desk,Furniture,North,Haryana,Consumer,1,10916.55,10916.55,0.0,2077.77
ORD11993,2024-03-18,Laptop,Electronics,South,Tamil Nadu,Consumer,5,51926.9,233671.06,0.1,30080.7
ORD11994,2023-05-21,Tablet,Electronics,East,Bihar,Small Business,1,26081.93,24777.83,0.05,4106.91
ORD11995,2025-08-18,Notebook,Office Supplies,South,Karnataka,Corporate,3,385.95,926.27,0.2,170.81
ORD11996,2024-11-15,Laptop,Electronics,North,Delhi,Consumer,5,52448.57,249130.7,0.05,27209.22
ORD11997,2025-05-26,Laptop,Electronics,North,Punjab,Consumer,1,48127.97,40908.77,0.15,6162.26
ORD11998,2024-08-27,Desk,Furniture,West,Rajasthan,Consumer,2,12235.02,20799.53,0.15,3353.37
ORD11999,2023-07-06,Printer,Office Supplies,North,Punjab,Consumer,4,16433.43,65733.73,0.0,12575.94
ORD12000,2024-08-28,Laptop,Electronics,South,Karnataka,Corporate,4,58119.05,220852.37,0.05,32537.86
ORD12001,2025-11-07,Monitor,Electronics,West,Gujarat,Consumer,1,16074.25,16074.25,0.0,2849.18
ORD12002,2025-03-09,Monitor,Electronics,West,Gujarat,Corporate,2,16768.81,30183.86,0.1,4086.47
ORD12003,2024-05-18,Desk,Furniture,North,Delhi,Consumer,3,11906.52,35719.55,0.0,6611.39
ORD12004,2025-05-06,Tablet,Electronics,South,Telangana,Consumer,4,29811.17,101357.98,0.15,15163.43
ORD12005,2024-01-05,Backpack,Accessories,East,West Bengal,Consumer,2,1715.22,3430.43,0.0,729.35
ORD12006,2023-04-17,Office Chair,Furniture,West,Gujarat,Small Business,3,8111.74,21901.7,0.1,3877.21
ORD12007,2024-05-19,Desk,Furniture,North,Punjab,Small Business,5,10911.7,49102.63,0.1,8312.03
ORD12008,2025-10-20,Smartphone,Electronics,East,Bihar,Corporate,1,29757.57,28269.7,0.05,3744.07
ORD12009,2023-07-18,Smartphone,Electronics,East,Bihar,Consumer,2,26325.07,44752.62,0.15,5332.22
ORD12010,2023-08-17,Backpack,Accessories,North,Haryana,Corporate,1,1718.31,1718.31,0.0,313.36
ORD12011,2023-06-23,Smartphone,Electronics,East,Odisha,Consumer,1,27605.11,26224.86,0.05,3880.45
ORD12012,2025-03-19,Monitor,Electronics,West,Gujarat,Consumer,5,16241.32,69025.59,0.15,9464.41
ORD12013,2023-03-05,Laptop,Electronics,East,West Bengal,Small Business,1,49332.33,44399.1,0.1,5398.86
ORD12014,2023-06-17,Desk,Furniture,South,Telangana,Consumer,3,13905.99,41717.97,0.0,8700.36
ORD12015,2023-06-05,Office Chair,Furniture,East,West Bengal,Consumer,1,9786.68,9786.68,0.0,1801.86
ORD12016,2024-07-02,Printer,Office Supplies,South,Telangana,Consumer,5,15431.53,69441.9,0.1,14717.4
ORD12017,2024-12-05,Headphones,Electronics,West,Maharashtra,Consumer,4,3629.63,11614.82,0.2,1352.68
ORD12018,2025-04-05,Laptop,Electronics,South,Tamil Nadu,Corporate,2,57893.58,98419.09,0.15,12914.74
ORD12019,2023-12-04,Keyboard,Electronics,West,Rajasthan,Consumer,3,1786.03,5090.18,0.05,663.86
ORD12020,2024-08-07,Mouse,Electronics,South,Tamil Nadu,Corporate,5,868.22,3906.97,0.1,415.85
ORD12021,2025-03-28,Office Chair,Furniture,East,Odisha,Small Business,2,8018.52,14433.34,0.1,2244.61
ORD12022,2023-07-25,Printer,Office Supplies,East,Odisha,Corporate,3,14680.88,44042.65,0.0,9434.66
ORD12023,2023-02-28,Keyboard,Electronics,West,Gujarat,Corporate,1,1363.96,1295.77,0.05,197.42
ORD12024,2023-07-16,Notebook,Office Supplies,East,Odisha,Corporate,4,304.34,1217.35,0.0,279.09
ORD12025,2023-11-01,Headphones,Electronics,South,Telangana,Consumer,2,2938.84,5877.68,0.0,873.36
ORD12026,2023-12-09,Printer,Office Supplies,West,Maharashtra,Consumer,5,14064.85,70324.25,0.0,15379.33
ORD12027,2024-09-07,Laptop,Electronics,East,Odisha,Consumer,5,53372.76,253520.61,0.05,36404.79
ORD12028,2025-02-10,Headphones,Electronics,North,Haryana,Consumer,5,3650.34,18251.7,0.0,2254.95
ORD12029,2025-01-01,Headphones,Electronics,North,Punjab,Corporate,4,3313.08,11927.07,0.1,1640.99
ORD12030,2024-04-20,Printer,Office Supplies,East,Odisha,Consumer,5,14958.13,63572.05,0.15,13332.22
ORD12031,2025-06-13,Mouse,Electronics,North,Delhi,Corporate,2,897.35,1435.75,0.2,147.72
ORD12032,2023-12-07,Monitor,Electronics,West,Gujarat,Small Business,4,13909.51,50074.23,0.1,6810.21
ORD12033,2024-01-02,Printer,Office Supplies,South,Telangana,Consumer,5,12444.88,62224.38,0.0,13854.56
ORD12034,2023-10-09,Office Chair,Furniture,East,Bihar,Small Business,4,9530.08,32402.27,0.15,5951.09
ORD12035,2024-12-22,Headphones,Electronics,North,Haryana,Consumer,4,3443.22,12395.6,0.1,1795.95
ORD12036,2023-06-15,Office Chair,Furniture,North,Punjab,Consumer,4,9102.06,34587.82,0.05,6421.66
ORD12037,2024-04-13,Backpack,Accessories,East,West Bengal,Consumer,5,1843.27,7373.09,0.2,1379.64
ORD12038,2023-01-25,Smartphone,Electronics,East,West Bengal,Consumer,5,26363.15,118634.18,0.1,15896.78
ORD12039,2025-08-23,Office Chair,Furniture,South,Tamil Nadu,Consumer,1,8425.55,8425.55,0.0,1790.91
ORD12040,2024-06-17,Laptop,Electronics,East,West Bengal,Consumer,1,50297.93,50297.93,0.0,7685.81
ORD12041,2025-04-12,Smartphone,Electronics,West,Rajasthan,Small Business,2,33366.83,60060.3,0.1,7251.12
ORD12042,2025-05-08,Tablet,Electronics,West,Rajasthan,Corporate,4,26474.29,95307.43,0.1,11707.31
ORD12043,2023-11-05,Smartphone,Electronics,South,Tamil Nadu,Consumer,4,27750.24,105450.93,0.05,11762.74
ORD12044,2023-07-05,Desk,Furniture,South,Karnataka,Consumer,2,11437.04,20586.67,0.1,3589.98
ORD12045,2024-12-15,Laptop,Electronics,West,Gujarat,Consumer,4,54835.4,186440.35,0.15,22791.41
ORD12046,2025-01-12,Mouse,Electronics,East,West Bengal,Small Business,4,895.44,3402.68,0.05,511.36
ORD12047,2025-02-12,Laptop,Electronics,South,Tamil Nadu,Consumer,4,49542.44,188261.27,0.05,22734.64
ORD12048,2023-09-29,Notebook,Office Supplies,West,Maharashtra,Corporate,5,413.6,2068.01,0.0,465.71
ORD12049,2023-02-03,Smartphone,Electronics,South,Tamil Nadu,Corporate,5,24331.44,109491.48,0.1,15898.23
ORD12050,2023-08-21,Laptop,Electronics,South,Tamil Nadu,Corporate,1,60379.86,60379.86,0.0,8782.9
ORD12051,2023-12-08,Headphones,Electronics,North,Haryana,Consumer,4,3340.58,11357.96,0.15,1500.67
ORD12052,2023-09-15,Tablet,Electronics,North,Delhi,Consumer,3,25051.27,60123.05,0.2,7742.94
ORD12053,2024-04-08,Office Chair,Furniture,North,Punjab,Small Business,1,9089.45,7271.56,0.2,1009.58
ORD12054,2024-06-13,Backpack,Accessories,South,Karnataka,Corporate,2,1498.12,2846.43,0.05,500.39
ORD12055,2025-08-08,Monitor,Electronics,South,Telangana,Consumer,1,15960.86,15162.82,0.05,2102.99
ORD12056,2025-05-03,Headphones,Electronics,South,Telangana,Consumer,5,3514.59,17572.93,0.0,2643.8
ORD12057,2024-09-03,Printer,Office Supplies,North,Punjab,Corporate,2,14534.3,29068.6,0.0,6611.77
ORD12058,2023-08-12,Mouse,Electronics,East,West Bengal,Consumer,3,879.26,2374.01,0.1,354.1
ORD12059,2025-07-24,Headphones,Electronics,North,Haryana,Consumer,5,3448.35,15517.56,0.1,1892.79
ORD12060,2023-09-27,Mouse,Electronics,North,Delhi,Corporate,3,979.25,2643.99,0.1,355.01
ORD12061,2023-06-30,Mouse,Electronics,South,Tamil Nadu,Consumer,5,914.82,4345.41,0.05,541.77
ORD12062,2023-10-17,Smartphone,Electronics,South,Karnataka,Corporate,1,31522.93,31522.93,0.0,4550.33
ORD12063,2024-07-24,Backpack,Accessories,West,Gujarat,Corporate,4,1816.4,6902.3,0.05,1313.72
ORD12064,2024-04-18,Tablet,Electronics,East,Bihar,Consumer,5,22637.77,113188.87,0.0,15830.95
ORD12065,2023-07-11,Printer,Office Supplies,North,Delhi,Corporate,3,15010.22,42779.12,0.05,9927.73
ORD12066,2023-10-25,Keyboard,Electronics,West,Maharashtra,Consumer,3,1623.19,4626.09,0.05,578.53
ORD12067,2023-02-19,Keyboard,Electronics,West,Gujarat,Corporate,5,1744.58,8722.92,0.0,1204.34
ORD12068,2025-07-04,Tablet,Electronics,North,Punjab,Consumer,4,20880.18,75168.64,0.1,10784.99
ORD12069,2024-05-18,Laptop,Electronics,South,Telangana,Small Business,1,56337.7,50703.93,0.1,6430.37
ORD12070,2024-09-19,Headphones,Electronics,South,Karnataka,Consumer,5,3912.1,19560.48,0.0,2637.23
ORD12071,2025-01-21,Smartphone,Electronics,East,Bihar,Small Business,5,25136.03,119396.12,0.05,16666.72
ORD12072,2023-11-22,Monitor,Electronics,West,Maharashtra,Small Business,1,15659.87,15659.87,0.0,2261.5
ORD12073,2023-07-02,Mouse,Electronics,East,Bihar,Corporate,1,805.04,724.54,0.1,96.51
ORD12074,2023-01-25,Monitor,Electronics,East,Bihar,Consumer,4,14444.51,54889.13,0.05,8496.59
ORD12075,2023-05-04,Monitor,Electronics,North,Delhi,Small Business,1,15424.04,13110.43,0.15,1845.12
ORD12076,2025-01-16,Laptop,Electronics,West,Rajasthan,Consumer,5,47291.19,224633.17,0.05,28821.13
ORD12077,2023-09-02,Printer,Office Supplies,East,Odisha,Small Business,3,14614.91,39460.25,0.1,8309.66
ORD12078,2024-06-01,Backpack,Accessories,North,Punjab,Corporate,4,2165.54,8229.07,0.05,1569.07
ORD12079,2024-04-26,Keyboard,Electronics,East,Odisha,Corporate,1,1721.69,1721.69,0.0,211.2
ORD12080,2023-02-27,Backpack,Accessories,East,Odisha,Small Business,1,1812.45,1721.83,0.05,345.3
ORD12081,2023-09-02,Office Chair,Furniture,North,Punjab,Corporate,5,8492.62,42463.09,0.0,8841.15
ORD12082,2025-08-13,Office Chair,Furniture,North,Haryana,Corporate,4,9087.22,32714.0,0.1,7045.78
ORD12083,2025-11-20,Laptop,Electronics,South,Tamil Nadu,Corporate,3,52965.72,150952.3,0.05,20094.95
ORD12084,2023-12-02,Monitor,Electronics,West,Maharashtra,Consumer,5,14980.23,74901.16,0.0,10399.89
ORD12085,2023-07-15,Monitor,Electronics,South,Karnataka,Consumer,1,13444.05,12771.85,0.05,1683.61
ORD12086,2023-05-24,Laptop,Electronics,North,Delhi,Corporate,4,51509.89,206039.55,0.0,30923.47
ORD12087,2024-08-18,Backpack,Accessories,South,Telangana,Consumer,1,1953.39,1953.39,0.0,437.15
ORD12088,2024-02-23,Monitor,Electronics,South,Karnataka,Consumer,4,12830.17,46188.61,0.1,5662.9
ORD12089,2023-08-03,Keyboard,Electronics,West,Rajasthan,Consumer,4,1618.72,5827.41,0.1,879.83
ORD12090,2024-09-26,Desk,Furniture,West,Maharashtra,Consumer,5,12914.57,58115.56,0.1,8937.5
ORD12091,2025-01-13,Office Chair,Furniture,East,West Bengal,Corporate,5,7678.06,38390.28,0.0,6768.33
ORD12092,2023-03-12,Keyboard,Electronics,East,West Bengal,Consumer,2,1825.06,3467.61,0.05,478.28
ORD12093,2023-05-21,Monitor,Electronics,West,Maharashtra,Corporate,1,13989.32,13989.32,0.0,2149.88
ORD12094,2023-05-02,Monitor,Electronics,North,Punjab,Consumer,2,15954.73,27123.05,0.15,3244.45
ORD12095,2024-09-26,Smartphone,Electronics,East,Odisha,Consumer,1,26387.51,25068.14,0.05,3627.84
ORD12096,2025-04-27,Desk,Furniture,North,Haryana,Corporate,2,11205.2,21289.87,0.05,3901.45
ORD12097,2023-10-23,Smartphone,Electronics,North,Punjab,Consumer,2,22998.61,41397.49,0.1,4270.83
ORD12098,2024-11-03,Headphones,Electronics,East,Odisha,Small Business,4,3003.96,11415.04,0.05,1631.16
ORD12099,2025-04-27,Laptop,Electronics,North,Haryana,Corporate,2,53566.05,96418.9,0.1,14013.53
ORD12100,2024-04-06,Smartphone,Electronics,West,Rajasthan,Consumer,3,26305.12,71023.81,0.1,8618.93
ORD12101,2024-12-01,Printer,Office Supplies,East,Odisha,Corporate,5,13996.86,59486.64,0.15,13215.02
ORD12102,2024-08-29,Backpack,Accessories,North,Haryana,Corporate,3,1738.46,4433.08,0.15,933.82
ORD12103,2024-08-06,Monitor,Electronics,North,Haryana,Small Business,2,16077.81,30547.83,0.05,3372.23
ORD12104,2024-04-11,Headphones,Electronics,East,Bihar,Consumer,2,3661.15,6590.07,0.1,917.39
ORD12105,2023-04-26,Keyboard,Electronics,West,Gujarat,Consumer,5,1829.69,8233.62,0.1,1126.69
ORD12106,2025-11-08,Notebook,Office Supplies,West,Rajasthan,Consumer,2,382.34,764.67,0.0,151.25
ORD12107,2023-09-12,Keyboard,Electronics,South,Karnataka,Corporate,3,1652.83,4462.64,0.1,666.5
ORD12108,2023-01-12,Desk,Furniture,North,Delhi,Corporate,1,12675.42,10774.11,0.15,1814.91
ORD12109,2023-11-05,Printer,Office Supplies,South,Telangana,Corporate,2,13728.34,27456.68,0.0,6564.56
ORD12110,2023-02-22,Smartphone,Electronics,South,Karnataka,Consumer,4,26140.4,94105.42,0.1,12238.72
ORD12111,2023-09-05,Laptop,Electronics,South,Telangana,Corporate,2,55928.76,100671.76,0.1,15237.84
ORD12112,2025-11-21,Keyboard,Electronics,East,Bihar,Small Business,3,1796.29,4580.54,0.15,606.05
ORD12113,2023-01-11,Backpack,Accessories,North,Haryana,Small Business,4,1912.02,7648.1,0.0,1489.73
ORD12114,2023-11-30,Smartphone,Electronics,South,Tamil Nadu,Consumer,4,27690.63,110762.53,0.0,14321.71
ORD12115,2025-12-20,Office Chair,Furniture,West,Rajasthan,Corporate,2,8180.38,15542.71,0.05,2737.77
ORD12116,2025-05-14,Smartphone,Electronics,East,Bihar,Corporate,1,29025.26,26122.73,0.1,3809.01
ORD12117,2024-02-17,Smartphone,Electronics,South,Karnataka,Consumer,2,31582.3,60006.37,0.05,6062.25
ORD12118,2025-08-19,Printer,Office Supplies,South,Karnataka,Consumer,2,13422.84,22818.82,0.15,4976.03
ORD12119,2023-11-13,Desk,Furniture,North,Haryana,Consumer,1,12731.46,12094.89,0.05,2045.65
ORD12120,2025-06-30,Printer,Office Supplies,North,Punjab,Small Business,4,14162.16,48151.35,0.15,8617.19
ORD12121,2024-03-09,Office Chair,Furniture,South,Karnataka,Small Business,2,8221.73,16443.46,0.0,2900.16
ORD12122,2024-07-29,Smartphone,Electronics,West,Maharashtra,Corporate,2,25830.63,49078.2,0.05,6380.52
ORD12123,2024-07-27,Desk,Furniture,North,Punjab,Small Business,3,11449.6,34348.8,0.0,6373.45
ORD12124,2025-09-13,Desk,Furniture,West,Gujarat,Consumer,5,12289.43,55302.42,0.1,9579.38
ORD12125,2024-05-26,Keyboard,Electronics,West,Gujarat,Corporate,4,1593.51,5736.65,0.1,753.65
ORD12126,2024-01-01,Mouse,Electronics,North,Delhi,Consumer,5,834.16,3962.24,0.05,622.23
ORD12127,2024-02-22,Notebook,Office Supplies,South,Telangana,Small Business,2,333.51,600.33,0.1,118.46
ORD12128,2023-04-23,Laptop,Electronics,West,Gujarat,Corporate,4,48733.85,155948.33,0.2,19028.74
ORD12129,2023-01-14,Desk,Furniture,West,Gujarat,Consumer,1,13597.12,11557.55,0.15,2115.17
ORD12130,2025-02-12,Laptop,Electronics,East,Bihar,Corporate,3,51221.91,130615.87,0.15,18785.23
ORD12131,2024-10-16,Notebook,Office Supplies,West,Rajasthan,Corporate,3,304.88,914.65,0.0,186.12
ORD12132,2024-01-11,Office Chair,Furniture,West,Rajasthan,Consumer,5,8185.82,38882.65,0.05,6469.16
ORD12133,2023-07-22,Backpack,Accessories,West,Rajasthan,Small Business,5,1795.18,8975.92,0.0,1763.98
ORD12134,2025-12-03,Keyboard,Electronics,West,Rajasthan,Small Business,1,1964.29,1669.65,0.15,193.17
ORD12135,2024-11-03,Tablet,Electronics,East,Bihar,Consumer,3,22000.15,56100.39,0.15,6691.58
ORD12136,2025-02-02,Smartphone,Electronics,South,Telangana,Consumer,1,27184.48,23106.81,0.15,2930.0
ORD12137,2024-05-17,Mouse,Electronics,West,Rajasthan,Small Business,5,886.81,3768.94,0.15,540.33
ORD12138,2024-10-19,Monitor,Electronics,West,Rajasthan,Consumer,2,12755.88,21684.99,0.15,2685.82
ORD12139,2023-04-26,Notebook,Office Supplies,South,Telangana,Corporate,5,352.62,1763.09,0.0,398.43
ORD12140,2024-02-02,Backpack,Accessories,South,Telangana,Consumer,2,1648.93,2968.07,0.1,587.83
ORD12141,2025-11-25,Headphones,Electronics,North,Delhi,Small Business,3,3356.44,8055.46,0.2,1027.1
ORD12142,2025-08-14,Headphones,Electronics,West,Maharashtra,Corporate,3,3026.17,8170.67,0.1,1064.75
ORD12143,2025-09-28,Keyboard,Electronics,East,West Bengal,Consumer,2,1692.04,3384.07,0.0,494.31
ORD12144,2025-06-18,Tablet,Electronics,South,Telangana,Consumer,3,23790.01,64233.02,0.1,6893.45
ORD12145,2023-01-17,Backpack,Accessories,North,Punjab,Corporate,2,1594.78,2870.61,0.1,602.73
ORD12146,2023-09-19,Notebook,Office Supplies,West,Rajasthan,Small Business,2,329.44,592.99,0.1,133.4
ORD12147,2025-03-31,Notebook,Office Supplies,East,Bihar,Small Business,2,404.01,686.82,0.15,134.68
ORD12148,2023-10-30,Smartphone,Electronics,North,Haryana,Small Business,2,26104.16,44377.08,0.15,5890.28
ORD12149,2023-07-20,Laptop,Electronics,West,Gujarat,Consumer,2,59751.02,119502.05,0.0,18662.2
ORD12150,2023-05-15,Keyboard,Electronics,West,Gujarat,Consumer,2,1490.29,2384.46,0.2,303.23
ORD12151,2023-09-14,Printer,Office Supplies,East,Bihar,Corporate,1,15948.96,14354.06,0.1,3144.58
ORD12152,2025-01-26,Smartphone,Electronics,South,Karnataka,Consumer,2,26984.83,48572.69,0.1,6738.07
ORD12153,2024-11-02,Keyboard,Electronics,West,Rajasthan,Consumer,4,1998.64,7594.83,0.05,1173.63
ORD12154,2023-01-09,Monitor,Electronics,South,Telangana,Small Business,3,15528.21,46584.64,0.0,6497.49
ORD12155,2023-11-14,Backpack,Accessories,North,Delhi,Small Business,3,2015.74,6047.21,0.0,1258.65
ORD12156,2024-08-02,Printer,Office Supplies,West,Gujarat,Consumer,5,13873.7,69368.48,0.0,15442.17
ORD12157,2023-06-18,Notebook,Office Supplies,West,Rajasthan,Consumer,3,291.14,829.76,0.05,169.32
ORD12158,2024-06-27,Desk,Furniture,West,Gujarat,Corporate,1,11744.17,11156.96,0.05,1906.87
ORD12159,2023-10-17,Keyboard,Electronics,South,Tamil Nadu,Corporate,3,1656.53,4472.64,0.1,615.72
ORD12160,2025-10-27,Keyboard,Electronics,South,Tamil Nadu,Small Business,5,2026.47,9119.12,0.1,1579.41
ORD12161,2024-12-11,Office Chair,Furniture,South,Tamil Nadu,Small Business,1,8842.88,7958.59,0.1,1444.91
ORD12162,2023-10-03,Mouse,Electronics,East,West Bengal,Corporate,4,885.59,3365.23,0.05,434.78
ORD12163,2025-05-05,Printer,Office Supplies,North,Haryana,Consumer,3,12970.15,38910.46,0.0,8738.1
ORD12164,2024-05-03,Backpack,Accessories,West,Gujarat,Small Business,4,2077.19,7062.45,0.15,1464.11
ORD12165,2024-07-13,Printer,Office Supplies,East,Bihar,Corporate,5,15093.2,67919.41,0.1,14125.38
ORD12166,2023-04-22,Headphones,Electronics,East,Bihar,Small Business,4,3469.78,12491.2,0.1,1589.04
ORD12167,2025-11-28,Headphones,Electronics,South,Tamil Nadu,Corporate,4,3930.56,15722.23,0.0,1708.67
ORD12168,2025-06-14,Notebook,Office Supplies,West,Gujarat,Consumer,3,372.54,1117.62,0.0,236.68
ORD12169,2023-08-09,Office Chair,Furniture,West,Rajasthan,Small Business,2,8811.21,15860.19,0.1,2646.77
ORD12170,2023-03-06,Desk,Furniture,West,Maharashtra,Consumer,4,10719.26,36445.49,0.15,6629.4
ORD12171,2024-09-17,Desk,Furniture,East,Bihar,Small Business,3,11894.48,35683.43,0.0,6457.94
ORD12172,2025-03-08,Smartphone,Electronics,West,Maharashtra,Consumer,1,28633.43,25770.08,0.1,3254.2
ORD12173,2025-10-11,Monitor,Electronics,East,West Bengal,Consumer,3,14259.25,38499.97,0.1,5238.76
ORD12174,2025-08-19,Keyboard,Electronics,South,Tamil Nadu,Small Business,2,1883.49,3578.63,0.05,411.74
ORD12175,2025-04-17,Laptop,Electronics,East,West Bengal,Corporate,1,55619.46,55619.46,0.0,7535.42
ORD12176,2024-01-30,Printer,Office Supplies,North,Delhi,Consumer,1,15423.86,13881.47,0.1,2889.31
ORD12177,2025-11-13,Laptop,Electronics,South,Telangana,Consumer,3,57190.61,162993.23,0.05,18102.22
ORD12178,2025-06-17,Notebook,Office Supplies,East,West Bengal,Consumer,3,336.05,907.35,0.1,209.47
ORD12179,2025-12-16,Notebook,Office Supplies,East,West Bengal,Small Business,4,351.54,1335.85,0.05,267.7
ORD12180,2025-11-07,Notebook,Office Supplies,West,Rajasthan,Corporate,3,372.46,1117.38,0.0,231.34
ORD12181,2025-10-06,Printer,Office Supplies,West,Rajasthan,Small Business,2,14572.92,24773.96,0.15,4809.58
ORD12182,2024-11-22,Desk,Furniture,West,Maharashtra,Consumer,5,12730.8,57288.59,0.1,10369.13
ORD12183,2025-12-27,Printer,Office Supplies,East,Odisha,Consumer,1,15625.44,14062.9,0.1,3013.67
ORD12184,2023-07-17,Mouse,Electronics,North,Punjab,Consumer,3,818.86,2333.75,0.05,314.77
ORD12185,2024-06-22,Keyboard,Electronics,South,Tamil Nadu,Small Business,3,1821.51,5464.52,0.0,861.94
ORD12186,2024-04-11,Backpack,Accessories,North,Delhi,Small Business,3,1893.13,5111.45,0.1,952.76
ORD12187,2024-02-11,Mouse,Electronics,East,Odisha,Consumer,2,936.79,1779.91,0.05,260.96
ORD12188,2025-12-18,Notebook,Office Supplies,North,Delhi,Consumer,5,334.04,1670.21,0.0,303.29
ORD12189,2024-01-05,Notebook,Office Supplies,West,Gujarat,Corporate,1,361.16,306.98,0.15,63.77
ORD12190,2024-09-25,Mouse,Electronics,South,Karnataka,Consumer,4,870.2,2784.63,0.2,361.67
ORD12191,2024-05-07,Headphones,Electronics,North,Punjab,Consumer,4,3209.53,12838.13,0.0,1710.27
ORD12192,2023-02-07,Desk,Furniture,West,Rajasthan,Consumer,2,11030.26,20957.5,0.05,3837.73
ORD12193,2023-06-08,Keyboard,Electronics,South,Tamil Nadu,Consumer,4,1773.84,5676.3,0.2,904.95
ORD12194,2023-01-13,Monitor,Electronics,North,Delhi,Corporate,4,14210.49,48315.68,0.15,6576.62
ORD12195,2024-07-29,Smartphone,Electronics,East,Bihar,Consumer,2,28787.59,57575.19,0.0,8889.97
ORD12196,2024-05-13,Keyboard,Electronics,East,Odisha,Corporate,2,1800.25,3060.43,0.15,418.53
ORD12197,2024-12-14,Tablet,Electronics,West,Gujarat,Consumer,5,28760.45,143802.27,0.0,17700.29
ORD12198,2025-10-11,Backpack,Accessories,South,Telangana,Small Business,4,1584.7,5704.92,0.1,1130.32
ORD12199,2025-04-07,Notebook,Office Supplies,East,West Bengal,Consumer,2,330.52,627.98,0.05,120.85
ORD12200,2024-12-03,Tablet,Electronics,North,Punjab,Consumer,4,24665.83,83863.81,0.15,9973.94
ORD12201,2025-11-27,Headphones,Electronics,East,Odisha,Consumer,4,3209.53,12838.11,0.0,1889.86
ORD12202,2023-08-01,Backpack,Accessories,West,Gujarat,Small Business,4,1784.55,6781.29,0.05,1327.3
ORD12203,2025-01-03,Keyboard,Electronics,North,Haryana,Consumer,1,1971.32,1774.19,0.1,226.15
ORD12204,2023-01-02,Mouse,Electronics,East,Bihar,Corporate,5,922.21,4611.06,0.0,669.72
ORD12205,2025-03-12,Desk,Furniture,East,Odisha,Small Business,5,9979.21,49896.07,0.0,9745.67
ORD12206,2023-08-24,Mouse,Electronics,South,Karnataka,Small Business,4,901.19,3604.77,0.0,511.86
ORD12207,2025-06-13,Smartphone,Electronics,West,Rajasthan,Consumer,5,23180.5,104312.24,0.1,13880.04
ORD12208,2025-02-14,Backpack,Accessories,North,Delhi,Consumer,4,1988.18,7157.44,0.1,1200.22
ORD12209,2023-01-04,Notebook,Office Supplies,West,Rajasthan,Small Business,3,322.6,871.01,0.1,200.65
ORD12210,2023-03-30,Printer,Office Supplies,South,Telangana,Corporate,2,15640.69,28153.24,0.1,6368.32
ORD12211,2025-12-23,Printer,Office Supplies,South,Telangana,Corporate,5,13893.0,69465.02,0.0,15698.11
ORD12212,2024-12-28,Tablet,Electronics,West,Maharashtra,Consumer,2,23609.65,47219.3,0.0,6352.22
ORD12213,2023-03-07,Backpack,Accessories,East,Odisha,Small Business,5,1714.6,7715.7,0.1,1402.1
ORD12214,2023-02-22,Headphones,Electronics,West,Rajasthan,Corporate,2,3238.84,6477.67,0.0,847.45
ORD12215,2025-06-29,Monitor,Electronics,West,Maharashtra,Corporate,1,14810.68,12589.07,0.15,1566.16
ORD12216,2025-02-11,Office Chair,Furniture,East,West Bengal,Consumer,5,7836.68,33305.9,0.15,3934.28
ORD12217,2024-07-23,Mouse,Electronics,North,Punjab,Small Business,1,884.36,795.93,0.1,115.88
ORD12218,2024-11-12,Printer,Office Supplies,East,Bihar,Small Business,5,14528.51,65378.31,0.1,13527.97
ORD12219,2025-12-22,Desk,Furniture,North,Punjab,Corporate,2,13182.0,23727.6,0.1,4567.72
ORD12220,2023-02-16,Monitor,Electronics,South,Tamil Nadu,Small Business,1,14219.64,12797.67,0.1,1608.68
ORD12221,2024-12-29,Tablet,Electronics,South,Telangana,Consumer,1,21949.25,19754.33,0.1,2729.02
ORD12222,2023-08-20,Mouse,Electronics,West,Maharashtra,Consumer,4,854.96,2735.87,0.2,335.37
ORD12223,2025-05-16,Backpack,Accessories,South,Karnataka,Corporate,4,1897.62,6831.43,0.1,1303.94
ORD12224,2025-08-22,Desk,Furniture,North,Delhi,Consumer,1,11252.35,11252.35,0.0,1976.71
ORD12225,2025-05-13,Backpack,Accessories,East,Odisha,Corporate,4,1607.13,6428.52,0.0,1267.93
ORD12226,2023-02-04,Desk,Furniture,East,Bihar,Small Business,5,12498.94,56245.21,0.1,9421.64
ORD12227,2023-02-02,Printer,Office Supplies,North,Delhi,Consumer,5,12208.57,57990.7,0.05,10253.78
ORD12228,2025-12-15,Headphones,Electronics,North,Delhi,Consumer,3,3390.87,10172.6,0.0,1589.59
ORD12229,2025-12-21,Monitor,Electronics,West,Rajasthan,Consumer,2,14491.84,26085.31,0.1,3679.57
ORD12230,2024-05-31,Monitor,Electronics,East,West Bengal,Corporate,2,14229.08,24189.44,0.15,3689.49
ORD12231,2024-10-28,Backpack,Accessories,North,Haryana,Consumer,1,1651.12,1568.57,0.05,311.89
ORD12232,2024-12-18,Printer,Office Supplies,East,Bihar,Small Business,4,13103.37,44551.46,0.15,9218.62
ORD12233,2025-03-24,Tablet,Electronics,West,Maharashtra,Corporate,3,22417.15,67251.44,0.0,10693.53
ORD12234,2025-03-17,Printer,Office Supplies,South,Karnataka,Small Business,2,13377.23,25416.73,0.05,4895.75
ORD12235,2024-08-24,Keyboard,Electronics,East,West Bengal,Corporate,5,1593.97,7172.88,0.1,1262.57
ORD12236,2024-07-26,Smartphone,Electronics,North,Punjab,Corporate,4,24793.8,94216.44,0.05,15324.3
ORD12237,2025-06-07,Laptop,Electronics,West,Rajasthan,Small Business,5,50687.81,228095.14,0.1,29692.51
ORD12238,2023-06-28,Smartphone,Electronics,South,Tamil Nadu,Corporate,5,25131.58,113092.09,0.1,17092.03
ORD12239,2023-08-27,Smartphone,Electronics,North,Haryana,Consumer,2,27700.21,49860.38,0.1,5960.83
ORD12240,2025-07-05,Notebook,Office Supplies,North,Haryana,Corporate,3,300.38,901.13,0.0,219.51
ORD12241,2025-12-30,Monitor,Electronics,South,Tamil Nadu,Consumer,3,13502.99,36458.07,0.1,4741.64
ORD12242,2024-12-09,Smartphone,Electronics,North,Punjab,Consumer,3,30981.4,92944.2,0.0,16759.85
ORD12243,2023-04-21,Office Chair,Furniture,East,West Bengal,Corporate,2,9056.94,18113.88,0.0,3066.73
ORD12244,2024-05-19,Office Chair,Furniture,East,Bihar,Corporate,1,9447.33,8502.6,0.1,1444.96
ORD12245,2024-02-16,Mouse,Electronics,West,Maharashtra,Corporate,1,980.31,833.26,0.15,126.13
ORD12246,2025-04-19,Backpack,Accessories,East,West Bengal,Corporate,2,1858.81,3717.63,0.0,828.92
ORD12247,2025-10-03,Office Chair,Furniture,North,Punjab,Small Business,1,8133.62,8133.62,0.0,1563.12
ORD12248,2024-12-20,Printer,Office Supplies,North,Haryana,Consumer,2,14447.21,26004.98,0.1,5731.24
ORD12249,2025-08-13,Printer,Office Supplies,South,Karnataka,Consumer,1,13375.61,12038.05,0.1,2260.9
ORD12250,2024-12-23,Tablet,Electronics,North,Haryana,Small Business,2,21889.21,39400.58,0.1,6488.4
ORD12251,2023-03-01,Smartphone,Electronics,East,Bihar,Corporate,3,29389.84,83761.03,0.05,14765.76
ORD12252,2023-05-03,Backpack,Accessories,North,Haryana,Corporate,1,1693.44,1608.77,0.05,263.73
ORD12253,2025-06-04,Desk,Furniture,West,Gujarat,Corporate,3,11866.27,32038.92,0.1,5192.6
ORD12254,2024-11-06,Printer,Office Supplies,West,Rajasthan,Consumer,5,12806.48,51225.9,0.2,10247.61
ORD12255,2024-10-27,Headphones,Electronics,North,Delhi,Consumer,4,3160.19,10744.64,0.15,1362.8
ORD12256,2025-08-22,Mouse,Electronics,West,Gujarat,Consumer,1,902.56,812.3,0.1,111.94
ORD12257,2024-02-04,Headphones,Electronics,East,West Bengal,Small Business,4,3629.15,14516.61,0.0,2277.81
ORD12258,2023-03-25,Notebook,Office Supplies,South,Karnataka,Consumer,4,322.95,1098.02,0.15,234.7
ORD12259,2023-10-02,Backpack,Accessories,South,Telangana,Small Business,5,1701.98,7658.93,0.1,1292.87
ORD12260,2023-01-07,Notebook,Office Supplies,West,Gujarat,Consumer,1,372.72,316.81,0.15,71.17
ORD12261,2024-04-08,Desk,Furniture,North,Haryana,Corporate,3,13048.5,37188.22,0.05,6601.04
ORD12262,2025-08-31,Backpack,Accessories,South,Tamil Nadu,Small Business,1,1501.15,1501.15,0.0,311.48
ORD12263,2024-12-04,Monitor,Electronics,North,Delhi,Corporate,2,14856.67,29713.34,0.0,3871.86
ORD12264,2025-03-13,Keyboard,Electronics,North,Haryana,Consumer,5,2060.69,10303.44,0.0,1280.51
ORD12265,2024-03-26,Office Chair,Furniture,East,Bihar,Small Business,2,7398.74,14797.48,0.0,2428.23
ORD12266,2024-07-25,Desk,Furniture,South,Tamil Nadu,Consumer,5,12164.63,51699.68,0.15,9042.85
ORD12267,2024-02-16,Office Chair,Furniture,North,Haryana,Consumer,4,9115.37,36461.49,0.0,6383.71
ORD12268,2024-09-11,Printer,Office Supplies,South,Telangana,Consumer,3,13335.99,40007.98,0.0,8259.17
ORD12269,2024-04-14,Keyboard,Electronics,West,Gujarat,Corporate,4,1721.51,6886.03,0.0,813.01
ORD12270,2023-02-11,Mouse,Electronics,North,Punjab,Corporate,1,1014.62,913.15,0.1,115.58
ORD12271,2024-04-18,Tablet,Electronics,East,Odisha,Corporate,1,21573.91,20495.21,0.05,2294.06
ORD12272,2023-08-22,Monitor,Electronics,East,West Bengal,Consumer,2,14536.36,29072.71,0.0,3877.22
ORD12273,2025-01-28,Laptop,Electronics,East,Odisha,Consumer,4,48980.42,166533.42,0.15,23489.83
ORD12274,2024-08-28,Headphones,Electronics,South,Telangana,Small Business,4,4103.48,16413.92,0.0,2258.25
ORD12275,2023-10-19,Laptop,Electronics,South,Karnataka,Consumer,1,53890.55,48501.49,0.1,6879.49
ORD12276,2023-04-27,Monitor,Electronics,West,Gujarat,Consumer,5,17789.76,84501.38,0.05,10685.9
ORD12277,2024-02-28,Tablet,Electronics,West,Gujarat,Small Business,2,22143.06,44286.11,0.0,5747.63
ORD12278,2023-03-09,Printer,Office Supplies,West,Rajasthan,Consumer,3,12420.42,35398.2,0.05,7702.33
ORD12279,2025-02-20,Printer,Office Supplies,South,Telangana,Consumer,5,14112.3,67033.44,0.05,16612.7
ORD12280,2024-12-05,Keyboard,Electronics,South,Tamil Nadu,Consumer,1,1755.69,1755.69,0.0,226.29
ORD12281,2024-11-27,Office Chair,Furniture,West,Gujarat,Corporate,1,9302.76,9302.76,0.0,1755.97
ORD12282,2024-02-25,Keyboard,Electronics,South,Karnataka,Consumer,5,1856.82,8819.89,0.05,1036.6
ORD12283,2024-12-19,Backpack,Accessories,South,Telangana,Small Business,3,1776.67,5330.02,0.0,1037.19
ORD12284,2023-01-30,Laptop,Electronics,North,Delhi,Small Business,3,53542.95,160628.86,0.0,21281.66
ORD12285,2023-04-12,Office Chair,Furniture,South,Telangana,Consumer,2,9068.89,16324.0,0.1,2457.99
ORD12286,2025-06-09,Smartphone,Electronics,South,Telangana,Corporate,2,24402.32,48804.65,0.0,6192.65
ORD12287,2024-06-06,Tablet,Electronics,East,West Bengal,Consumer,3,25461.54,61107.69,0.2,7924.63
ORD12288,2023-05-27,Laptop,Electronics,East,Bihar,Consumer,4,50839.18,162685.39,0.2,17833.95
ORD12289,2024-06-28,Notebook,Office Supplies,East,Odisha,Small Business,5,387.82,1745.2,0.1,359.53
ORD12290,2023-04-08,Office Chair,Furniture,East,West Bengal,Corporate,1,8985.71,8087.14,0.1,1502.22
ORD12291,2025-03-01,Backpack,Accessories,East,Bihar,Consumer,5,2052.44,8722.89,0.15,1658.4
ORD12292,2024-06-03,Desk,Furniture,North,Punjab,Corporate,2,11072.73,21038.19,0.05,3900.69
ORD12293,2023-09-11,Keyboard,Electronics,West,Maharashtra,Consumer,4,2055.24,8220.97,0.0,1192.61
ORD12294,2025-06-03,Monitor,Electronics,West,Gujarat,Consumer,3,15293.35,43586.05,0.05,5416.21
ORD12295,2023-08-19,Backpack,Accessories,West,Gujarat,Small Business,4,2065.58,8262.32,0.0,1389.03
ORD12296,2024-02-21,Mouse,Electronics,West,Maharashtra,Corporate,5,868.52,3691.21,0.15,585.32
ORD12297,2024-02-27,Monitor,Electronics,East,Odisha,Corporate,2,15187.72,28856.67,0.05,3509.95
ORD12298,2024-10-06,Mouse,Electronics,North,Haryana,Consumer,5,779.13,3895.66,0.0,553.63
ORD12299,2025-09-30,Backpack,Accessories,West,Gujarat,Small Business,1,1835.64,1652.08,0.1,319.96
ORD12300,2023-04-20,Office Chair,Furniture,North,Haryana,Corporate,2,9292.14,15796.64,0.15,2340.57
ORD12301,2025-10-29,Desk,Furniture,East,Odisha,Small Business,4,11236.07,38202.65,0.15,6394.34
ORD12302,2025-08-11,Tablet,Electronics,North,Delhi,Small Business,2,25055.95,50111.9,0.0,7000.52
ORD12303,2023-08-11,Printer,Office Supplies,West,Rajasthan,Small Business,3,12967.15,38901.46,0.0,8648.48
ORD12304,2023-02-23,Mouse,Electronics,North,Haryana,Corporate,4,900.19,3240.69,0.1,496.61
ORD12305,2025-04-23,Printer,Office Supplies,East,West Bengal,Consumer,3,14625.06,39487.67,0.1,8764.47
ORD12306,2024-08-22,Keyboard,Electronics,West,Rajasthan,Corporate,1,1739.93,1565.94,0.1,241.08
ORD12307,2023-05-30,Printer,Office Supplies,West,Maharashtra,Corporate,3,16693.72,45073.05,0.1,10555.17
ORD12308,2024-09-20,Printer,Office Supplies,West,Maharashtra,Corporate,2,13745.21,24741.38,0.1,5292.04
ORD12309,2025-01-22,Office Chair,Furniture,North,Punjab,Consumer,5,8875.07,37719.05,0.15,5701.41
ORD12310,2023-09-18,Backpack,Accessories,South,Karnataka,Small Business,5,1709.05,7690.71,0.1,1401.65
ORD12311,2025-03-03,Mouse,Electronics,East,Odisha,Consumer,2,983.79,1967.57,0.0,309.89
ORD12312,2023-10-27,Desk,Furniture,South,Tamil Nadu,Small Business,3,12329.46,36988.39,0.0,7176.16
ORD12313,2024-03-06,Backpack,Accessories,East,West Bengal,Corporate,4,1724.7,6208.92,0.1,1080.06
ORD12314,2024-07-02,Notebook,Office Supplies,North,Delhi,Consumer,4,380.8,1294.72,0.15,282.09
ORD12315,2023-09-01,Office Chair,Furniture,South,Tamil Nadu,Consumer,1,8043.56,7641.38,0.05,1453.51
ORD12316,2025-11-08,Desk,Furniture,North,Delhi,Small Business,5,13533.55,60900.98,0.1,10201.89
ORD12317,2023-03-07,Monitor,Electronics,West,Gujarat,Corporate,1,14247.2,13534.84,0.05,1861.81
ORD12318,2023-06-11,Office Chair,Furniture,North,Delhi,Corporate,1,7513.11,6761.8,0.1,1205.32
ORD12319,2025-03-26,Notebook,Office Supplies,East,Odisha,Small Business,5,355.25,1687.42,0.05,374.65
ORD12320,2023-03-02,Smartphone,Electronics,East,West Bengal,Consumer,2,29542.73,53176.91,0.1,7398.86
ORD12321,2024-02-01,Mouse,Electronics,East,Odisha,Consumer,5,805.16,4025.8,0.0,651.92
ORD12322,2025-06-17,Monitor,Electronics,South,Karnataka,Consumer,2,14361.92,25851.46,0.1,2941.88
ORD12323,2023-05-09,Smartphone,Electronics,South,Telangana,Corporate,2,31561.3,56810.34,0.1,7053.72
ORD12324,2023-04-18,Monitor,Electronics,North,Haryana,Corporate,4,13894.44,52798.88,0.05,7206.57
ORD12325,2024-02-13,Backpack,Accessories,North,Delhi,Corporate,1,1809.45,1718.98,0.05,328.32
ORD12326,2025-01-09,Monitor,Electronics,West,Gujarat,Corporate,1,15965.84,14369.26,0.1,2062.91
ORD12327,2025-12-29,Desk,Furniture,South,Tamil Nadu,Consumer,4,12309.72,44314.98,0.1,7452.95
ORD12328,2023-12-10,Notebook,Office Supplies,West,Maharashtra,Corporate,2,334.35,568.4,0.15,122.73
ORD12329,2023-10-01,Printer,Office Supplies,South,Karnataka,Consumer,4,14928.53,59714.11,0.0,12255.43
ORD12330,2024-10-23,Office Chair,Furniture,West,Maharashtra,Small Business,5,8170.33,36766.46,0.1,5772.58
ORD12331,2023-09-17,Backpack,Accessories,West,Maharashtra,Small Business,5,1918.06,9590.32,0.0,1654.05
ORD12332,2023-09-21,Headphones,Electronics,North,Delhi,Consumer,1,3237.11,2751.54,0.15,461.63
ORD12333,2024-09-12,Monitor,Electronics,South,Telangana,Consumer,3,16738.76,50216.27,0.0,6240.2
ORD12334,2024-02-05,Mouse,Electronics,South,Tamil Nadu,Consumer,4,817.13,2941.66,0.1,387.2
ORD12335,2023-10-30,Headphones,Electronics,North,Haryana,Small Business,3,3295.07,9885.21,0.0,1416.03
ORD12336,2025-12-06,Monitor,Electronics,West,Gujarat,Consumer,2,15397.67,30795.34,0.0,4099.64
ORD12337,2024-05-20,Keyboard,Electronics,West,Rajasthan,Consumer,3,1766.02,4503.36,0.15,663.29
ORD12338,2025-03-05,Desk,Furniture,North,Haryana,Consumer,1,11697.07,11697.07,0.0,2220.58
ORD12339,2024-10-07,Backpack,Accessories,East,West Bengal,Consumer,4,1776.61,6040.49,0.15,1099.81
ORD12340,2025-01-06,Smartphone,Electronics,South,Telangana,Small Business,3,22138.48,59773.9,0.1,7027.94
ORD12341,2025-05-11,Desk,Furniture,South,Karnataka,Consumer,4,10837.34,39014.44,0.1,6018.57
ORD12342,2024-05-13,Office Chair,Furniture,South,Telangana,Small Business,1,7827.12,7435.76,0.05,1244.19
ORD12343,2023-12-07,Desk,Furniture,West,Maharashtra,Small Business,3,11952.61,32272.04,0.1,4925.01
ORD12344,2025-01-18,Mouse,Electronics,North,Delhi,Consumer,4,890.82,3206.96,0.1,356.33
ORD12345,2023-03-21,Mouse,Electronics,West,Gujarat,Consumer,5,781.32,3711.27,0.05,534.52
ORD12346,2024-07-20,Monitor,Electronics,South,Karnataka,Consumer,2,14061.28,23904.18,0.15,2550.17
ORD12347,2023-04-09,Smartphone,Electronics,West,Gujarat,Consumer,3,27262.26,77697.44,0.05,12205.35
ORD12348,2023-12-04,Backpack,Accessories,South,Karnataka,Small Business,4,1950.49,6631.65,0.15,1286.0
ORD12349,2025-02-06,Desk,Furniture,West,Maharashtra,Consumer,1,10831.81,9207.04,0.15,1442.87
ORD12350,2025-08-17,Tablet,Electronics,East,West Bengal,Small Business,2,24845.01,47205.52,0.05,7755.2
ORD12351,2025-07-18,Monitor,Electronics,North,Delhi,Small Business,1,13314.69,11983.22,0.1,1408.82
ORD12352,2025-06-29,Keyboard,Electronics,North,Punjab,Consumer,4,2025.33,7696.27,0.05,1167.45
ORD12353,2025-07-11,Desk,Furniture,South,Telangana,Small Business,1,11898.55,9518.84,0.2,1511.22
ORD12354,2025-06-20,Printer,Office Supplies,South,Telangana,Consumer,2,12783.7,23010.67,0.1,4879.84
ORD12355,2024-09-15,Headphones,Electronics,East,West Bengal,Consumer,2,3835.25,6903.45,0.1,990.97
ORD12356,2023-06-10,Keyboard,Electronics,East,Odisha,Consumer,2,1923.61,3270.14,0.15,346.3
ORD12357,2023-05-17,Laptop,Electronics,West,Gujarat,Consumer,3,52804.53,142572.22,0.1,18681.11
ORD12358,2024-08-17,Smartphone,Electronics,West,Gujarat,Consumer,4,28436.91,102372.88,0.1,14637.95
ORD12359,2025-12-16,Mouse,Electronics,East,Bihar,Consumer,1,834.38,750.94,0.1,89.65
ORD12360,2024-02-23,Mouse,Electronics,East,Bihar,Small Business,2,975.72,1853.88,0.05,241.22
ORD12361,2025-10-09,Keyboard,Electronics,South,Tamil Nadu,Consumer,2,1820.7,3459.34,0.05,484.81
ORD12362,2025-10-09,Smartphone,Electronics,West,Maharashtra,Consumer,1,24553.84,22098.45,0.1,2644.95
ORD12363,2024-11-03,Keyboard,Electronics,West,Gujarat,Corporate,1,1856.03,1856.03,0.0,247.17
ORD12364,2024-09-06,Monitor,Electronics,North,Punjab,Consumer,5,14939.54,74697.71,0.0,9114.22
ORD12365,2024-08-23,Keyboard,Electronics,East,Odisha,Small Business,1,1736.0,1649.2,0.05,238.83
ORD12366,2024-07-28,Office Chair,Furniture,North,Punjab,Consumer,2,7943.35,14298.03,0.1,2441.87
ORD12367,2023-02-27,Smartphone,Electronics,East,Bihar,Consumer,1,30806.67,26185.67,0.15,2784.58
ORD12368,2024-10-28,Notebook,Office Supplies,North,Delhi,Consumer,5,377.98,1700.89,0.1,317.91
ORD12369,2023-06-11,Monitor,Electronics,South,Tamil Nadu,Consumer,5,13510.26,64173.72,0.05,7910.34
ORD12370,2024-10-12,Tablet,Electronics,North,Haryana,Small Business,4,25252.86,101011.43,0.0,15810.95
ORD12371,2025-12-11,Smartphone,Electronics,West,Gujarat,Small Business,5,26616.19,126426.92,0.05,15831.48
ORD12372,2024-02-15,Smartphone,Electronics,East,Odisha,Corporate,2,29899.19,53818.54,0.1,6765.89
ORD12373,2023-04-15,Smartphone,Electronics,South,Tamil Nadu,Corporate,2,28812.78,51863.0,0.1,7176.52
ORD12374,2024-04-27,Headphones,Electronics,West,Maharashtra,Consumer,5,3750.97,16879.37,0.1,2134.92
ORD12375,2024-10-10,Desk,Furniture,East,West Bengal,Corporate,5,13271.98,59723.93,0.1,9759.35
ORD12376,2025-10-19,Keyboard,Electronics,East,Bihar,Consumer,5,1897.55,9013.34,0.05,1011.62
ORD12377,2024-11-25,Notebook,Office Supplies,West,Rajasthan,Consumer,3,347.15,937.31,0.1,192.72
ORD12378,2024-10-18,Printer,Office Supplies,West,Maharashtra,Consumer,2,15334.93,30669.86,0.0,6950.19
ORD12379,2023-02-26,Printer,Office Supplies,South,Karnataka,Corporate,4,15526.17,55894.2,0.1,10586.44
ORD12380,2025-06-18,Keyboard,Electronics,North,Haryana,Small Business,2,1832.8,3299.04,0.1,442.41
ORD12381,2024-04-24,Monitor,Electronics,East,Bihar,Consumer,1,16644.67,16644.67,0.0,2739.15
ORD12382,2024-09-29,Office Chair,Furniture,East,West Bengal,Small Business,1,8500.23,8500.23,0.0,1584.41
ORD12383,2024-07-18,Smartphone,Electronics,East,Bihar,Corporate,4,26696.5,101446.68,0.05,13482.24
ORD12384,2023-01-04,Backpack,Accessories,North,Haryana,Consumer,1,1563.97,1407.58,0.1,262.39
ORD12385,2024-11-15,Headphones,Electronics,West,Rajasthan,Consumer,3,3572.68,10718.03,0.0,1527.95
ORD12386,2024-09-02,Mouse,Electronics,North,Delhi,Consumer,3,874.64,2361.53,0.1,325.15
ORD12387,2025-10-05,Printer,Office Supplies,South,Karnataka,Small Business,4,15414.59,58575.43,0.05,12347.94
ORD12388,2023-08-11,Headphones,Electronics,South,Telangana,Corporate,2,3657.77,6583.99,0.1,1017.99
ORD12389,2025-05-01,Printer,Office Supplies,West,Rajasthan,Consumer,3,14277.54,42832.61,0.0,9496.97
ORD12390,2024-11-28,Notebook,Office Supplies,West,Rajasthan,Corporate,5,384.17,1824.8,0.05,386.7
ORD12391,2023-05-28,Laptop,Electronics,South,Tamil Nadu,Consumer,3,53993.97,161981.92,0.0,22655.7
ORD12392,2023-01-05,Monitor,Electronics,West,Maharashtra,Consumer,4,13594.07,48938.64,0.1,7891.52
ORD12393,2025-06-17,Monitor,Electronics,West,Maharashtra,Corporate,3,15492.27,41829.12,0.1,5395.54
ORD12394,2023-09-05,Headphones,Electronics,West,Maharashtra,Small Business,3,3415.41,10246.24,0.0,1381.53
ORD12395,2023-11-01,Notebook,Office Supplies,East,Bihar,Consumer,5,344.62,1723.12,0.0,376.21
ORD12396,2024-01-01,Monitor,Electronics,East,West Bengal,Consumer,1,13845.28,13845.28,0.0,1478.39
ORD12397,2025-07-04,Notebook,Office Supplies,South,Tamil Nadu,Consumer,3,365.39,1096.18,0.0,247.54
ORD12398,2023-02-01,Mouse,Electronics,West,Rajasthan,Consumer,2,851.06,1702.11,0.0,247.87
ORD12399,2025-01-16,Office Chair,Furniture,North,Haryana,Small Business,4,8684.79,34739.15,0.0,5528.39
ORD12400,2025-04-08,Smartphone,Electronics,North,Punjab,Small Business,5,27188.29,115550.25,0.15,14882.49
ORD12401,2025-12-08,Smartphone,Electronics,South,Tamil Nadu,Small Business,3,28038.4,67292.15,0.2,8753.71
ORD12402,2023-12-04,Printer,Office Supplies,South,Tamil Nadu,Corporate,4,13113.66,52454.64,0.0,11263.75
ORD12403,2023-02-14,Office Chair,Furniture,East,Bihar,Small Business,3,7529.1,20328.58,0.1,3202.42
ORD12404,2023-01-20,Monitor,Electronics,North,Haryana,Corporate,2,13623.53,21797.65,0.2,2911.17
ORD12405,2023-10-05,Desk,Furniture,North,Delhi,Corporate,5,11243.14,53404.91,0.05,8929.88
ORD12406,2025-07-06,Desk,Furniture,North,Delhi,Corporate,3,11757.77,31745.98,0.1,5985.62
ORD12407,2024-09-03,Laptop,Electronics,East,West Bengal,Corporate,1,50372.88,47854.23,0.05,5902.22
ORD12408,2025-01-31,Headphones,Electronics,West,Maharashtra,Corporate,3,3709.45,10571.92,0.05,1368.28
ORD12409,2024-07-11,Laptop,Electronics,South,Karnataka,Consumer,2,56263.57,106900.79,0.05,14329.7
ORD12410,2023-11-24,Desk,Furniture,South,Karnataka,Consumer,2,13155.54,24995.52,0.05,4586.14
ORD12411,2024-12-03,Mouse,Electronics,East,West Bengal,Corporate,5,973.37,4136.83,0.15,574.89
ORD12412,2023-05-11,Headphones,Electronics,West,Maharashtra,Consumer,3,3439.94,9287.83,0.1,958.21
ORD12413,2024-10-23,Headphones,Electronics,North,Punjab,Consumer,2,3798.83,7217.77,0.05,900.19
ORD12414,2025-12-31,Laptop,Electronics,East,Odisha,Small Business,5,49611.5,235654.62,0.05,34994.67
ORD12415,2024-07-01,Laptop,Electronics,North,Haryana,Consumer,2,58085.06,104553.11,0.1,13406.9
ORD12416,2025-09-28,Desk,Furniture,West,Rajasthan,Small Business,4,11290.74,45162.96,0.0,7737.94
ORD12417,2024-01-07,Headphones,Electronics,West,Gujarat,Corporate,4,3919.53,15678.13,0.0,2276.26
ORD12418,2023-12-23,Office Chair,Furniture,South,Telangana,Consumer,3,8988.36,24268.57,0.1,4339.71
ORD12419,2024-05-14,Desk,Furniture,North,Punjab,Consumer,3,10647.43,27150.94,0.15,3897.71
ORD12420,2024-11-05,Backpack,Accessories,North,Punjab,Consumer,4,1657.34,5966.43,0.1,1155.85
ORD12421,2025-06-08,Notebook,Office Supplies,North,Delhi,Small Business,4,374.59,1348.53,0.1,270.06
ORD12422,2025-11-05,Laptop,Electronics,South,Telangana,Small Business,1,57954.88,55057.14,0.05,7876.6
ORD12423,2023-01-28,Mouse,Electronics,South,Karnataka,Consumer,5,809.97,3847.36,0.05,627.16
ORD12424,2023-10-12,Monitor,Electronics,West,Rajasthan,Consumer,4,13033.22,41706.3,0.2,4204.38
ORD12425,2023-10-17,Tablet,Electronics,North,Punjab,Small Business,5,26820.47,127397.22,0.05,18861.94
ORD12426,2024-12-17,Notebook,Office Supplies,South,Telangana,Consumer,5,293.8,1468.99,0.0,311.18
ORD12427,2025-08-29,Mouse,Electronics,East,Odisha,Small Business,5,879.49,3957.72,0.1,539.35
ORD12428,2025-12-22,Mouse,Electronics,South,Karnataka,Small Business,2,976.06,1756.91,0.1,244.94
ORD12429,2024-06-23,Smartphone,Electronics,East,Bihar,Consumer,5,27801.21,132055.76,0.05,17508.34
ORD12430,2024-01-16,Smartphone,Electronics,West,Maharashtra,Consumer,5,30670.48,153352.38,0.0,17714.06
ORD12431,2023-02-18,Smartphone,Electronics,East,West Bengal,Small Business,1,26294.27,26294.27,0.0,3436.48
ORD12432,2025-11-05,Laptop,Electronics,North,Delhi,Consumer,2,58118.3,104612.94,0.1,14267.44
ORD12433,2024-09-03,Printer,Office Supplies,South,Karnataka,Consumer,2,11884.65,23769.3,0.0,5350.18
ORD12434,2025-06-13,Monitor,Electronics,North,Punjab,Consumer,4,15967.59,57483.31,0.1,6132.12
ORD12435,2023-03-27,Backpack,Accessories,West,Rajasthan,Consumer,3,1783.66,5083.44,0.05,868.15
ORD12436,2023-07-02,Tablet,Electronics,West,Maharashtra,Consumer,2,23047.12,41484.82,0.1,6195.03
ORD12437,2023-10-26,Smartphone,Electronics,East,Odisha,Corporate,1,25102.43,25102.43,0.0,3005.67
ORD12438,2023-10-03,Notebook,Office Supplies,North,Haryana,Consumer,2,352.03,633.66,0.1,122.27
ORD12439,2025-01-20,Desk,Furniture,East,West Bengal,Consumer,1,12782.61,11504.34,0.1,1897.24
ORD12440,2025-08-31,Keyboard,Electronics,North,Delhi,Corporate,4,1566.28,5012.09,0.2,755.91
ORD12441,2023-11-08,Backpack,Accessories,South,Tamil Nadu,Consumer,2,1698.37,3226.9,0.05,601.65
ORD12442,2023-02-27,Smartphone,Electronics,East,Bihar,Corporate,3,27933.59,79610.73,0.05,10903.66
ORD12443,2024-01-01,Laptop,Electronics,West,Rajasthan,Consumer,5,53832.12,269160.6,0.0,37157.96
ORD12444,2023-08-17,Tablet,Electronics,North,Haryana,Corporate,4,25602.11,97288.03,0.05,12051.96
ORD12445,2025-02-27,Mouse,Electronics,South,Telangana,Corporate,4,993.7,3179.85,0.2,463.87
ORD12446,2024-06-12,Monitor,Electronics,East,Odisha,Corporate,3,17536.84,52610.53,0.0,7251.85
ORD12447,2025-08-22,Mouse,Electronics,West,Rajasthan,Consumer,5,974.07,4626.86,0.05,677.01
ORD12448,2024-08-02,Printer,Office Supplies,East,West Bengal,Corporate,2,14255.96,28511.93,0.0,6579.51
ORD12449,2025-01-18,Notebook,Office Supplies,South,Karnataka,Consumer,5,402.7,1812.17,0.1,333.39
ORD12450,2025-03-21,Desk,Furniture,West,Maharashtra,Small Business,5,12016.4,57077.88,0.05,9584.56
ORD12451,2024-02-20,Backpack,Accessories,West,Maharashtra,Consumer,1,2102.38,2102.38,0.0,446.65
ORD12452,2023-10-13,Notebook,Office Supplies,East,West Bengal,Small Business,1,311.66,311.66,0.0,66.77
ORD12453,2023-08-17,Backpack,Accessories,West,Gujarat,Consumer,2,1843.44,3318.18,0.1,675.36
ORD12454,2023-12-30,Monitor,Electronics,South,Tamil Nadu,Corporate,5,15327.07,61308.27,0.2,8250.77
ORD12455,2024-05-09,Notebook,Office Supplies,East,Bihar,Consumer,4,328.32,1181.94,0.1,269.49
ORD12456,2024-07-10,Notebook,Office Supplies,South,Telangana,Consumer,5,375.7,1784.57,0.05,361.62
ORD12457,2024-09-06,Laptop,Electronics,West,Gujarat,Consumer,1,48707.74,46272.35,0.05,6148.11
ORD12458,2023-12-17,Backpack,Accessories,South,Telangana,Consumer,1,1668.75,1501.87,0.1,270.13
ORD12459,2023-02-13,Tablet,Electronics,South,Karnataka,Corporate,2,24172.1,43509.79,0.1,6073.16
ORD12460,2023-12-09,Printer,Office Supplies,South,Karnataka,Consumer,5,14679.46,62387.69,0.15,13325.49
ORD12461,2023-01-07,Keyboard,Electronics,East,West Bengal,Consumer,2,1549.71,2944.45,0.05,456.35
ORD12462,2025-12-01,Laptop,Electronics,South,Tamil Nadu,Consumer,4,53904.85,194057.47,0.1,29521.21
ORD12463,2025-03-20,Tablet,Electronics,East,Bihar,Corporate,5,22236.73,111183.66,0.0,14693.86
ORD12464,2025-05-14,Laptop,Electronics,North,Delhi,Small Business,5,50902.25,241785.69,0.05,35019.29
ORD12465,2024-05-19,Laptop,Electronics,West,Maharashtra,Corporate,4,51576.42,195990.39,0.05,26204.54
ORD12466,2025-05-19,Notebook,Office Supplies,South,Tamil Nadu,Small Business,1,341.95,341.95,0.0,77.32
ORD12467,2025-10-12,Notebook,Office Supplies,North,Haryana,Consumer,2,365.21,657.37,0.1,145.54
ORD12468,2023-07-09,Mouse,Electronics,North,Haryana,Corporate,5,810.06,4050.29,0.0,513.56
ORD12469,2024-10-29,Headphones,Electronics,East,West Bengal,Consumer,3,3502.05,9980.85,0.05,1474.1
ORD12470,2023-05-08,Laptop,Electronics,West,Gujarat,Small Business,2,50958.24,81533.18,0.2,10746.31
ORD12471,2023-02-08,Headphones,Electronics,South,Tamil Nadu,Consumer,4,3258.77,11731.57,0.1,1410.57
ORD12472,2023-04-04,Desk,Furniture,South,Karnataka,Corporate,5,13336.95,63350.53,0.05,12093.36
ORD12473,2023-08-22,Tablet,Electronics,West,Rajasthan,Corporate,1,23162.96,19688.51,0.15,2706.31
ORD12474,2025-01-18,Laptop,Electronics,East,Odisha,Consumer,3,53874.14,161622.42,0.0,25129.95
ORD12475,2024-12-04,Backpack,Accessories,West,Rajasthan,Consumer,1,1713.1,1370.48,0.2,252.66
ORD12476,2023-10-29,Printer,Office Supplies,South,Karnataka,Corporate,3,13933.47,41800.42,0.0,8635.09
ORD12477,2024-05-24,Headphones,Electronics,East,Odisha,Consumer,3,3099.28,8368.05,0.1,1000.49
ORD12478,2025-03-09,Keyboard,Electronics,South,Karnataka,Consumer,4,1538.81,5539.72,0.1,636.62
ORD12479,2024-05-18,Laptop,Electronics,East,Bihar,Corporate,5,49800.33,224101.51,0.1,31698.89
ORD12480,2024-12-30,Backpack,Accessories,North,Delhi,Corporate,3,1610.42,4589.68,0.05,943.7
ORD12481,2023-06-27,Mouse,Electronics,South,Karnataka,Consumer,2,883.21,1501.47,0.15,226.84
ORD12482,2025-09-24,Printer,Office Supplies,South,Telangana,Consumer,5,12558.63,59653.48,0.05,10233.67
ORD12483,2025-12-07,Mouse,Electronics,North,Punjab,Small Business,3,893.59,2546.73,0.05,377.53
ORD12484,2025-08-10,Keyboard,Electronics,East,Bihar,Consumer,1,1970.13,1970.13,0.0,240.74
ORD12485,2025-02-12,Office Chair,Furniture,South,Telangana,Consumer,3,9627.86,28883.57,0.0,5736.81
ORD12486,2023-06-04,Keyboard,Electronics,West,Maharashtra,Small Business,1,1621.02,1621.02,0.0,251.79
ORD12487,2025-12-29,Monitor,Electronics,South,Tamil Nadu,Consumer,5,17100.76,68403.05,0.2,11492.41
ORD12488,2025-06-14,Laptop,Electronics,North,Punjab,Consumer,4,51985.38,207941.51,0.0,25839.55
ORD12489,2024-11-19,Notebook,Office Supplies,North,Delhi,Small Business,3,339.63,967.93,0.05,236.25
ORD12490,2025-06-04,Notebook,Office Supplies,East,Bihar,Corporate,3,328.48,886.9,0.1,187.43
ORD12491,2024-12-10,Monitor,Electronics,West,Gujarat,Consumer,4,14865.97,47571.1,0.2,7050.03
ORD12492,2024-04-11,Mouse,Electronics,South,Karnataka,Corporate,1,992.71,943.08,0.05,128.72
ORD12493,2025-07-02,Backpack,Accessories,North,Punjab,Consumer,5,1835.2,8258.41,0.1,1554.6
ORD12494,2025-11-18,Printer,Office Supplies,West,Rajasthan,Consumer,5,11226.64,50519.89,0.1,11770.78
ORD12495,2023-03-09,Keyboard,Electronics,North,Punjab,Small Business,2,1593.63,2868.54,0.1,379.92
ORD12496,2024-12-18,Laptop,Electronics,South,Telangana,Corporate,3,51270.98,153812.93,0.0,21350.55
ORD12497,2025-05-27,Printer,Office Supplies,South,Karnataka,Corporate,5,15338.57,76692.85,0.0,16559.51
ORD12498,2025-03-28,Smartphone,Electronics,East,Odisha,Corporate,1,30444.41,28922.19,0.05,3910.36
ORD12499,2024-03-04,Printer,Office Supplies,South,Telangana,Consumer,2,12742.84,24211.39,0.05,5298.11
ORD12500,2025-06-22,Mouse,Electronics,South,Tamil Nadu,Small Business,2,743.15,1411.99,0.05,194.83
ORD12501,2023-09-07,Keyboard,Electronics,South,Tamil Nadu,Small Business,3,1647.2,4200.35,0.15,475.22
ORD12502,2023-08-08,Mouse,Electronics,South,Tamil Nadu,Consumer,1,899.57,854.59,0.05,110.32
ORD12503,2024-02-22,Keyboard,Electronics,South,Tamil Nadu,Small Business,5,1832.69,7788.92,0.15,1045.7
ORD12504,2024-12-13,Office Chair,Furniture,South,Tamil Nadu,Consumer,1,7529.21,7152.75,0.05,1444.43
ORD12505,2023-03-04,Smartphone,Electronics,North,Punjab,Consumer,1,23066.31,20759.68,0.1,3213.81
ORD12506,2023-08-09,Mouse,Electronics,West,Maharashtra,Consumer,5,804.78,4023.9,0.0,542.33
ORD12507,2023-11-03,Office Chair,Furniture,South,Tamil Nadu,Corporate,2,8776.96,16676.22,0.05,3000.14
ORD12508,2024-09-14,Smartphone,Electronics,East,West Bengal,Consumer,3,29435.34,83890.72,0.05,11490.01
ORD12509,2023-05-30,Office Chair,Furniture,North,Delhi,Corporate,5,9150.5,41177.25,0.1,6697.3
ORD12510,2024-12-28,Office Chair,Furniture,South,Telangana,Consumer,4,8549.0,27356.81,0.2,4760.7
ORD12511,2025-08-04,Printer,Office Supplies,East,Odisha,Corporate,3,14409.94,43229.82,0.0,9504.23
ORD12512,2023-05-19,Smartphone,Electronics,North,Delhi,Consumer,4,29990.17,101966.58,0.15,14768.91
ORD12513,2023-06-06,Notebook,Office Supplies,North,Punjab,Small Business,5,349.62,1660.7,0.05,346.59
ORD12514,2024-06-14,Headphones,Electronics,North,Punjab,Consumer,5,3425.22,16269.79,0.05,2614.59
ORD12515,2023-02-01,Smartphone,Electronics,South,Telangana,Corporate,3,25315.03,72147.85,0.05,9076.59
ORD12516,2025-03-09,Tablet,Electronics,East,West Bengal,Small Business,4,24269.31,92223.38,0.05,12698.32
ORD12517,2024-06-06,Tablet,Electronics,West,Maharashtra,Consumer,4,24187.17,87073.82,0.1,13189.97
ORD12518,2023-12-11,Notebook,Office Supplies,South,Karnataka,Consumer,2,337.43,674.87,0.0,134.86
ORD12519,2025-05-28,Desk,Furniture,West,Rajasthan,Small Business,4,11340.97,43095.7,0.05,7254.9
ORD12520,2024-06-08,Smartphone,Electronics,West,Maharashtra,Consumer,3,26896.48,68586.02,0.15,6955.16
ORD12521,2024-07-13,Mouse,Electronics,East,Odisha,Consumer,3,872.02,2354.44,0.1,298.07
ORD12522,2024-05-19,Office Chair,Furniture,North,Punjab,Corporate,2,8630.22,13808.35,0.2,2248.65
ORD12523,2024-02-02,Tablet,Electronics,East,West Bengal,Consumer,2,26225.69,47206.25,0.1,6503.14
ORD12524,2025-03-10,Tablet,Electronics,North,Haryana,Consumer,3,24758.28,74274.83,0.0,9841.66
ORD12525,2025-04-15,Backpack,Accessories,East,West Bengal,Corporate,3,1866.55,5319.67,0.05,991.34
ORD12526,2024-10-02,Desk,Furniture,West,Gujarat,Small Business,1,13007.76,12357.37,0.05,2142.15
ORD12527,2025-10-22,Headphones,Electronics,West,Maharashtra,Consumer,1,3320.54,3320.54,0.0,516.89
ORD12528,2023-02-10,Office Chair,Furniture,West,Maharashtra,Consumer,2,8910.04,15147.07,0.15,2421.68
ORD12529,2024-01-17,Smartphone,Electronics,West,Rajasthan,Consumer,5,28857.25,122643.3,0.15,13238.76
ORD12530,2024-01-11,Office Chair,Furniture,South,Karnataka,Consumer,3,9324.44,27973.32,0.0,4368.45
ORD12531,2023-09-18,Tablet,Electronics,South,Telangana,Consumer,1,24153.98,24153.98,0.0,3360.99
ORD12532,2024-08-05,Laptop,Electronics,South,Tamil Nadu,Corporate,1,47006.66,42306.0,0.1,5356.5
ORD12533,2023-02-19,Desk,Furniture,West,Rajasthan,Consumer,4,11151.65,40145.93,0.1,7078.54
ORD12534,2024-11-30,Laptop,Electronics,West,Gujarat,Consumer,2,54778.61,104079.36,0.05,14019.51
ORD12535,2023-12-27,Backpack,Accessories,South,Karnataka,Consumer,1,1546.3,1546.3,0.0,289.63
ORD12536,2025-06-06,Laptop,Electronics,West,Maharashtra,Corporate,4,52526.56,189095.6,0.1,23657.65
ORD12537,2025-08-09,Headphones,Electronics,South,Tamil Nadu,Consumer,3,3785.83,9653.87,0.15,1426.56
ORD12538,2023-12-28,Printer,Office Supplies,South,Karnataka,Consumer,2,15783.29,28409.92,0.1,5065.14
ORD12539,2023-07-25,Mouse,Electronics,East,West Bengal,Consumer,2,1016.8,1931.92,0.05,309.35
ORD12540,2025-07-26,Printer,Office Supplies,East,Bihar,Small Business,2,13917.87,23660.37,0.15,4360.03
ORD12541,2023-05-24,Backpack,Accessories,North,Haryana,Consumer,1,1739.46,1739.46,0.0,386.5
ORD12542,2025-01-24,Printer,Office Supplies,South,Karnataka,Consumer,3,13514.83,40544.5,0.0,8702.16
ORD12543,2023-12-24,Laptop,Electronics,East,West Bengal,Corporate,1,56480.72,48008.61,0.15,6367.3
ORD12544,2024-03-14,Headphones,Electronics,South,Karnataka,Consumer,3,4199.5,11338.65,0.1,1448.35
ORD12545,2024-02-24,Keyboard,Electronics,East,Bihar,Consumer,5,1718.32,8162.01,0.05,1141.07
ORD12546,2025-07-04,Monitor,Electronics,West,Rajasthan,Consumer,3,14713.61,41933.79,0.05,6119.01
ORD12547,2025-08-21,Printer,Office Supplies,South,Tamil Nadu,Consumer,4,15401.46,55445.27,0.1,11805.18
ORD12548,2025-12-14,Headphones,Electronics,North,Punjab,Corporate,4,4065.0,14634.01,0.1,1698.45
ORD12549,2023-03-15,Tablet,Electronics,East,West Bengal,Consumer,5,23284.96,98961.1,0.15,12937.08
ORD12550,2024-07-20,Laptop,Electronics,West,Rajasthan,Consumer,2,47751.24,90727.35,0.05,11444.32
ORD12551,2025-07-25,Mouse,Electronics,North,Delhi,Corporate,4,873.08,3143.08,0.1,441.83
ORD12552,2025-03-04,Smartphone,Electronics,North,Haryana,Consumer,5,26918.76,134593.82,0.0,18008.97
ORD12553,2023-02-26,Mouse,Electronics,West,Gujarat,Consumer,5,878.04,4170.67,0.05,542.61
ORD12554,2023-04-21,Keyboard,Electronics,South,Karnataka,Corporate,3,1946.14,5838.41,0.0,728.07
ORD12555,2025-12-01,Office Chair,Furniture,East,Odisha,Consumer,3,8245.16,23498.7,0.05,4112.99
ORD12556,2023-06-18,Smartphone,Electronics,South,Telangana,Corporate,2,28245.8,56491.6,0.0,8327.66
ORD12557,2024-08-23,Office Chair,Furniture,East,Bihar,Consumer,3,9145.13,27435.4,0.0,5152.62
ORD12558,2025-08-18,Monitor,Electronics,East,West Bengal,Consumer,3,13691.34,36966.63,0.1,5776.97
ORD12559,2025-12-30,Tablet,Electronics,West,Rajasthan,Corporate,4,23788.33,85637.98,0.1,10469.04
ORD12560,2024-12-09,Mouse,Electronics,East,Bihar,Small Business,1,918.66,826.79,0.1,95.59
ORD12561,2024-09-12,Desk,Furniture,South,Tamil Nadu,Corporate,3,10857.1,29314.17,0.1,5161.38
ORD12562,2024-10-24,Tablet,Electronics,West,Rajasthan,Corporate,5,25656.84,128284.19,0.0,16848.22
ORD12563,2023-04-26,Mouse,Electronics,North,Delhi,Corporate,5,924.9,3699.61,0.2,433.41
ORD12564,2024-04-10,Keyboard,Electronics,West,Gujarat,Consumer,1,1769.04,1592.14,0.1,229.24
ORD12565,2024-10-29,Desk,Furniture,West,Maharashtra,Corporate,1,11928.76,11928.76,0.0,2212.33
ORD12566,2025-07-31,Office Chair,Furniture,East,Odisha,Consumer,2,8943.74,17887.47,0.0,3272.39
ORD12567,2024-10-12,Desk,Furniture,North,Punjab,Corporate,5,11001.69,49507.6,0.1,9276.9
ORD12568,2025-01-31,Headphones,Electronics,South,Telangana,Consumer,3,3725.07,11175.22,0.0,1418.78
ORD12569,2025-09-01,Smartphone,Electronics,West,Rajasthan,Corporate,3,27462.26,78267.43,0.05,9606.76
ORD12570,2023-02-23,Laptop,Electronics,West,Rajasthan,Corporate,5,56628.13,254826.6,0.1,33885.64
ORD12571,2024-06-20,Smartphone,Electronics,West,Rajasthan,Corporate,4,26997.62,107990.47,0.0,13787.61
ORD12572,2023-11-29,Desk,Furniture,East,Odisha,Corporate,1,11205.64,10645.36,0.05,1787.64
ORD12573,2024-07-06,Smartphone,Electronics,South,Karnataka,Small Business,3,27837.55,79337.01,0.05,9933.69
ORD12574,2024-06-16,Keyboard,Electronics,West,Gujarat,Consumer,2,1717.13,3090.83,0.1,430.48
ORD12575,2023-11-10,Smartphone,Electronics,East,West Bengal,Consumer,4,26967.64,97083.51,0.1,13876.52
ORD12576,2023-06-25,Headphones,Electronics,North,Delhi,Corporate,4,3452.83,13811.34,0.0,1888.85
ORD12577,2024-07-10,Laptop,Electronics,West,Rajasthan,Small Business,4,47285.69,189142.77,0.0,30871.61
ORD12578,2025-08-31,Mouse,Electronics,South,Telangana,Corporate,2,845.88,1522.59,0.1,179.95
ORD12579,2025-02-10,Notebook,Office Supplies,North,Punjab,Small Business,3,311.37,840.69,0.1,181.6
ORD12580,2025-01-24,Mouse,Electronics,South,Telangana,Consumer,4,964.55,3472.37,0.1,466.84
ORD12581,2024-06-04,Desk,Furniture,West,Maharashtra,Corporate,1,10342.22,9308.0,0.1,1575.57
ORD12582,2025-09-08,Mouse,Electronics,South,Telangana,Consumer,2,1049.47,1889.05,0.1,258.05
ORD12583,2025-03-19,Mouse,Electronics,North,Haryana,Consumer,1,907.76,816.99,0.1,90.97
ORD12584,2023-05-27,Mouse,Electronics,South,Telangana,Consumer,1,890.99,846.44,0.05,99.55
ORD12585,2023-09-24,Office Chair,Furniture,East,Odisha,Consumer,1,8462.38,8039.26,0.05,1444.24
ORD12586,2025-04-22,Tablet,Electronics,North,Punjab,Consumer,1,24508.33,22057.5,0.1,2607.42
ORD12587,2024-03-05,Notebook,Office Supplies,East,Bihar,Small Business,3,342.56,1027.69,0.0,232.34
ORD12588,2025-11-21,Backpack,Accessories,West,Rajasthan,Consumer,1,1757.42,1581.67,0.1,280.47
ORD12589,2025-09-27,Backpack,Accessories,South,Tamil Nadu,Small Business,4,1603.0,5770.79,0.1,963.36
ORD12590,2023-04-03,Keyboard,Electronics,West,Gujarat,Small Business,5,1755.06,8336.54,0.05,1018.46
ORD12591,2023-06-01,Headphones,Electronics,South,Karnataka,Small Business,5,3602.04,16209.17,0.1,2253.11
ORD12592,2025-12-11,Laptop,Electronics,North,Haryana,Corporate,3,54251.01,138340.06,0.15,19656.21
ORD12593,2025-02-18,Monitor,Electronics,South,Karnataka,Corporate,1,15279.78,14515.79,0.05,1931.74
ORD12594,2025-03-14,Headphones,Electronics,East,Bihar,Small Business,4,3562.15,14248.62,0.0,2427.05
ORD12595,2024-12-04,Smartphone,Electronics,West,Maharashtra,Corporate,1,26501.36,22526.16,0.15,3164.97
ORD12596,2025-09-19,Headphones,Electronics,North,Punjab,Corporate,1,3972.13,3972.13,0.0,594.28
ORD12597,2024-10-14,Desk,Furniture,South,Karnataka,Consumer,5,11316.15,50922.68,0.1,9016.88
ORD12598,2023-12-15,Tablet,Electronics,North,Delhi,Corporate,5,21804.48,98120.15,0.1,14267.02
ORD12599,2023-04-08,Smartphone,Electronics,North,Delhi,Small Business,5,25884.86,116481.88,0.1,13513.09
ORD12600,2024-07-10,Laptop,Electronics,East,Odisha,Consumer,2,50959.64,81535.42,0.2,11625.73
ORD12601,2023-03-15,Backpack,Accessories,East,West Bengal,Corporate,5,1852.94,8801.48,0.05,1462.36
ORD12602,2024-06-15,Notebook,Office Supplies,North,Punjab,Corporate,1,392.99,334.05,0.15,66.73
ORD12603,2023-05-25,Desk,Furniture,East,Bihar,Corporate,3,11255.75,30390.53,0.1,4537.27
ORD12604,2023-02-21,Office Chair,Furniture,West,Maharashtra,Consumer,5,8677.21,39047.44,0.1,5936.92
ORD12605,2025-12-31,Backpack,Accessories,East,West Bengal,Consumer,2,1698.31,3396.62,0.0,652.08
ORD12606,2025-02-03,Smartphone,Electronics,South,Karnataka,Corporate,1,28938.32,26044.49,0.1,3216.41
ORD12607,2024-11-15,Office Chair,Furniture,North,Delhi,Small Business,3,8688.84,24763.19,0.05,4988.24
ORD12608,2025-10-11,Backpack,Accessories,North,Delhi,Corporate,5,1794.83,8525.44,0.05,1706.27
ORD12609,2023-11-06,Monitor,Electronics,East,West Bengal,Consumer,4,16974.94,67899.74,0.0,9962.33
ORD12610,2025-12-26,Desk,Furniture,South,Karnataka,Consumer,3,12371.71,31547.86,0.15,5082.7
ORD12611,2023-01-01,Backpack,Accessories,South,Tamil Nadu,Consumer,4,1769.7,6724.87,0.05,1489.69
ORD12612,2025-10-23,Smartphone,Electronics,South,Karnataka,Corporate,3,29952.85,76379.77,0.15,10213.94
ORD12613,2025-12-09,Smartphone,Electronics,North,Haryana,Corporate,4,28486.38,96853.71,0.15,14300.96
ORD12614,2023-12-10,Headphones,Electronics,South,Telangana,Small Business,4,4123.39,16493.58,0.0,2326.17
ORD12615,2025-03-17,Tablet,Electronics,East,West Bengal,Consumer,3,23183.27,62594.83,0.1,7363.54
ORD12616,2024-10-02,Desk,Furniture,West,Rajasthan,Small Business,2,12353.64,24707.28,0.0,4546.2
ORD12617,2024-10-20,Backpack,Accessories,East,Odisha,Consumer,2,1558.08,2960.35,0.05,607.32
ORD12618,2024-10-07,Backpack,Accessories,South,Karnataka,Consumer,4,1861.93,6330.56,0.15,1134.31
ORD12619,2025-07-31,Mouse,Electronics,West,Maharashtra,Consumer,1,919.54,919.54,0.0,142.43
ORD12620,2025-10-06,Mouse,Electronics,North,Haryana,Consumer,5,928.47,4642.34,0.0,693.26
ORD12621,2025-07-14,Mouse,Electronics,North,Haryana,Consumer,2,1025.97,1744.14,0.15,264.23
ORD12622,2023-09-17,Printer,Office Supplies,East,Odisha,Small Business,2,14070.51,25326.91,0.1,5084.27
ORD12623,2024-05-15,Mouse,Electronics,North,Punjab,Corporate,1,933.31,933.31,0.0,115.35
ORD12624,2024-11-26,Tablet,Electronics,East,Odisha,Consumer,1,25356.73,25356.73,0.0,3066.22
ORD12625,2024-06-30,Notebook,Office Supplies,East,Odisha,Consumer,5,323.93,1457.67,0.1,312.39
ORD12626,2024-02-13,Backpack,Accessories,East,Odisha,Small Business,2,1994.98,3590.96,0.1,657.32
ORD12627,2025-06-08,Monitor,Electronics,East,Bihar,Consumer,2,15166.58,27299.85,0.1,3738.56
ORD12628,2023-05-30,Tablet,Electronics,South,Tamil Nadu,Small Business,1,22309.55,22309.55,0.0,3192.76
ORD12629,2023-01-13,Tablet,Electronics,North,Haryana,Consumer,2,24511.32,49022.64,0.0,5867.89
ORD12630,2024-12-17,Monitor,Electronics,West,Gujarat,Small Business,1,13189.3,11870.37,0.1,1421.92
ORD12631,2024-09-03,Desk,Furniture,West,Rajasthan,Consumer,3,13286.06,33879.44,0.15,6228.16
ORD12632,2024-07-07,Monitor,Electronics,South,Karnataka,Consumer,4,16239.71,61710.91,0.05,6245.34
ORD12633,2025-05-12,Monitor,Electronics,South,Tamil Nadu,Corporate,3,14676.24,44028.72,0.0,6124.4
ORD12634,2025-10-28,Monitor,Electronics,West,Gujarat,Corporate,4,16309.46,58714.07,0.1,7702.42
ORD12635,2024-07-11,Monitor,Electronics,North,Delhi,Consumer,2,16827.92,30290.25,0.1,4558.74
ORD12636,2024-10-25,Backpack,Accessories,South,Karnataka,Consumer,1,1870.53,1589.95,0.15,296.12
ORD12637,2023-07-12,Tablet,Electronics,North,Haryana,Consumer,1,22428.01,21306.61,0.05,3335.77
ORD12638,2025-01-31,Tablet,Electronics,South,Telangana,Corporate,4,20814.06,83256.26,0.0,9783.15
ORD12639,2024-03-21,Notebook,Office Supplies,West,Gujarat,Consumer,2,363.03,653.45,0.1,135.3
ORD12640,2023-11-06,Smartphone,Electronics,South,Tamil Nadu,Corporate,3,26656.01,75969.64,0.05,8065.06
ORD12641,2024-09-16,Laptop,Electronics,North,Delhi,Small Business,1,51890.23,44106.7,0.15,6349.09
ORD12642,2025-12-05,Mouse,Electronics,East,Odisha,Consumer,4,920.57,3314.05,0.1,413.94
ORD12643,2024-08-16,Mouse,Electronics,North,Delhi,Consumer,2,940.33,1786.63,0.05,251.7
ORD12644,2025-10-31,Backpack,Accessories,North,Delhi,Consumer,2,1775.04,3372.57,0.05,662.38
ORD12645,2025-07-29,Tablet,Electronics,West,Maharashtra,Small Business,3,21998.11,59394.88,0.1,8521.05
ORD12646,2025-08-05,Notebook,Office Supplies,North,Haryana,Corporate,5,342.17,1539.77,0.1,347.97
ORD12647,2025-12-15,Keyboard,Electronics,West,Rajasthan,Consumer,2,1552.1,3104.2,0.0,415.32
ORD12648,2025-02-22,Backpack,Accessories,East,West Bengal,Corporate,5,1921.45,9607.23,0.0,1923.39
ORD12649,2024-04-17,Monitor,Electronics,East,West Bengal,Small Business,3,14782.02,37694.15,0.15,4869.62
ORD12650,2023-01-30,Office Chair,Furniture,East,Bihar,Corporate,1,8501.64,8501.64,0.0,1565.01
ORD12651,2023-04-20,Laptop,Electronics,West,Maharashtra,Corporate,3,52606.29,157818.87,0.0,22864.59
ORD12652,2024-05-13,Printer,Office Supplies,East,Odisha,Consumer,3,15757.22,42544.49,0.1,10554.85
ORD12653,2025-09-27,Tablet,Electronics,East,Bihar,Consumer,3,22647.77,61148.99,0.1,7890.27
ORD12654,2023-08-13,Desk,Furniture,West,Maharashtra,Corporate,1,11739.27,11152.31,0.05,2035.4
ORD12655,2025-11-11,Notebook,Office Supplies,West,Gujarat,Consumer,4,365.49,1315.76,0.1,311.57
ORD12656,2025-03-11,Laptop,Electronics,South,Karnataka,Consumer,5,49323.7,209625.72,0.15,26243.5
ORD12657,2023-02-05,Laptop,Electronics,North,Haryana,Corporate,1,57380.26,51642.23,0.1,8350.4
ORD12658,2024-10-21,Printer,Office Supplies,East,Bihar,Corporate,1,14267.56,14267.56,0.0,3392.71
ORD12659,2025-08-14,Backpack,Accessories,South,Telangana,Small Business,2,2058.89,4117.77,0.0,836.25
ORD12660,2025-04-16,Laptop,Electronics,East,West Bengal,Consumer,2,46007.76,82813.97,0.1,12656.86
ORD12661,2023-03-16,Mouse,Electronics,East,West Bengal,Consumer,3,930.41,2791.24,0.0,380.45
ORD12662,2024-12-22,Keyboard,Electronics,North,Haryana,Corporate,3,1815.9,5175.33,0.05,690.81
ORD12663,2024-03-22,Tablet,Electronics,North,Haryana,Consumer,1,27097.48,25742.61,0.05,3396.52
ORD12664,2023-01-23,Notebook,Office Supplies,North,Haryana,Consumer,1,370.13,314.61,0.15,52.26
ORD12665,2024-01-23,Office Chair,Furniture,South,Telangana,Small Business,5,9810.57,44147.57,0.1,8186.43
ORD12666,2023-03-02,Backpack,Accessories,West,Gujarat,Consumer,3,1891.23,5106.31,0.1,1061.36
ORD12667,2025-02-16,Monitor,Electronics,North,Delhi,Small Business,4,14803.89,50333.23,0.15,7843.9
ORD12668,2023-03-08,Desk,Furniture,East,Bihar,Consumer,4,12284.69,46681.83,0.05,7942.83
ORD12669,2024-04-05,Headphones,Electronics,West,Gujarat,Corporate,3,4048.08,10929.82,0.1,1541.03
ORD12670,2023-06-06,Mouse,Electronics,West,Gujarat,Corporate,2,1080.28,2052.54,0.05,291.3
ORD12671,2025-05-21,Notebook,Office Supplies,North,Punjab,Corporate,3,366.67,1100.01,0.0,236.27
ORD12672,2024-10-26,Headphones,Electronics,East,Odisha,Consumer,5,3566.53,16941.03,0.05,2177.71
ORD12673,2025-01-06,Notebook,Office Supplies,South,Karnataka,Corporate,2,358.62,645.51,0.1,131.34
ORD12674,2025-05-03,Monitor,Electronics,West,Maharashtra,Consumer,4,16334.94,62072.76,0.05,7740.66
ORD12675,2023-02-22,Smartphone,Electronics,West,Gujarat,Consumer,5,27169.99,135849.95,0.0,20786.54
ORD12676,2024-12-09,Notebook,Office Supplies,North,Haryana,Consumer,5,384.75,1827.56,0.05,440.78
ORD12677,2025-02-11,Monitor,Electronics,East,Odisha,Consumer,2,15484.61,29420.75,0.05,4512.94
ORD12678,2024-02-15,Printer,Office Supplies,South,Karnataka,Consumer,5,13488.88,57327.75,0.15,11300.13
ORD12679,2023-10-01,Keyboard,Electronics,East,Bihar,Corporate,1,2021.88,2021.88,0.0,279.12
ORD12680,2023-07-23,Monitor,Electronics,East,Bihar,Corporate,1,14723.09,12514.63,0.15,1679.91
ORD12681,2025-06-23,Monitor,Electronics,East,Odisha,Corporate,2,14154.68,25478.42,0.1,3068.02
ORD12682,2023-05-30,Smartphone,Electronics,North,Punjab,Consumer,2,33272.49,63217.72,0.05,9202.87
ORD12683,2025-01-11,Laptop,Electronics,East,Bihar,Small Business,4,52842.64,211370.57,0.0,28024.95
ORD12684,2023-01-03,Smartphone,Electronics,West,Gujarat,Corporate,4,32840.32,131361.29,0.0,21266.24
ORD12685,2025-03-26,Smartphone,Electronics,West,Rajasthan,Consumer,1,30079.34,27071.41,0.1,4530.69
ORD12686,2023-07-14,Laptop,Electronics,East,Bihar,Consumer,5,61138.24,290406.65,0.05,44715.75
ORD12687,2023-01-07,Mouse,Electronics,West,Gujarat,Consumer,3,713.8,1820.2,0.15,222.37
ORD12688,2023-07-05,Desk,Furniture,East,West Bengal,Corporate,1,12769.82,12769.82,0.0,2416.35
ORD12689,2025-04-02,Tablet,Electronics,North,Punjab,Consumer,5,23477.29,111517.15,0.05,14497.98
ORD12690,2025-11-01,Printer,Office Supplies,North,Delhi,Consumer,1,12389.73,11150.76,0.1,2419.83
ORD12691,2024-07-02,Smartphone,Electronics,North,Haryana,Consumer,3,26158.22,74550.93,0.05,8474.73
ORD12692,2023-02-08,Monitor,Electronics,South,Telangana,Small Business,4,16064.67,54619.87,0.15,7728.0
ORD12693,2023-06-07,Laptop,Electronics,East,West Bengal,Small Business,4,59689.61,214882.59,0.1,29545.04
ORD12694,2025-01-12,Tablet,Electronics,West,Maharashtra,Corporate,5,23216.17,98668.71,0.15,11418.43
ORD12695,2024-04-21,Tablet,Electronics,North,Haryana,Corporate,4,23380.95,74819.05,0.2,9816.24
ORD12696,2023-08-03,Monitor,Electronics,East,West Bengal,Consumer,5,15781.28,71015.76,0.1,8669.15
ORD12697,2023-01-15,Office Chair,Furniture,West,Rajasthan,Consumer,4,7730.24,26282.8,0.15,4785.55
ORD12698,2025-03-01,Office Chair,Furniture,East,Bihar,Consumer,3,8629.19,25887.57,0.0,5301.47
ORD12699,2024-07-12,Headphones,Electronics,East,West Bengal,Corporate,2,3745.88,7117.18,0.05,884.53
ORD12700,2023-08-21,Monitor,Electronics,East,Odisha,Corporate,4,16289.95,61901.82,0.05,8236.8
ORD12701,2025-06-01,Notebook,Office Supplies,East,West Bengal,Small Business,1,345.59,311.03,0.1,68.95
ORD12702,2024-10-04,Keyboard,Electronics,South,Karnataka,Small Business,3,1644.49,4686.79,0.05,659.52
ORD12703,2024-09-10,Headphones,Electronics,South,Karnataka,Consumer,2,3445.99,5513.59,0.2,779.22
ORD12704,2023-01-07,Backpack,Accessories,South,Tamil Nadu,Consumer,5,1853.65,8341.44,0.1,1532.81
ORD12705,2023-01-26,Backpack,Accessories,West,Rajasthan,Consumer,4,1649.34,6267.49,0.05,1157.77
ORD12706,2023-01-20,Smartphone,Electronics,North,Delhi,Corporate,5,25659.22,121881.3,0.05,15615.14
ORD12707,2025-06-04,Desk,Furniture,South,Tamil Nadu,Corporate,5,11094.43,55472.16,0.0,11389.8
ORD12708,2024-06-20,Notebook,Office Supplies,East,West Bengal,Corporate,1,361.38,343.31,0.05,66.96
ORD12709,2023-12-16,Headphones,Electronics,North,Haryana,Small Business,1,3426.69,3426.69,0.0,494.03
ORD12710,2024-05-17,Office Chair,Furniture,North,Punjab,Small Business,5,10647.27,50574.55,0.05,8725.73
ORD12711,2023-12-03,Headphones,Electronics,North,Haryana,Consumer,3,3628.33,9796.5,0.1,1361.99
ORD12712,2025-08-28,Desk,Furniture,East,Odisha,Consumer,3,13337.15,38010.87,0.05,6215.98
ORD12713,2023-06-15,Monitor,Electronics,South,Tamil Nadu,Corporate,3,14821.23,44463.7,0.0,5942.57
ORD12714,2024-02-04,Office Chair,Furniture,East,West Bengal,Small Business,3,8822.58,26467.75,0.0,4290.54
ORD12715,2023-07-18,Keyboard,Electronics,East,Odisha,Consumer,4,1858.19,7061.13,0.05,923.16
ORD12716,2024-08-26,Backpack,Accessories,North,Haryana,Consumer,5,1886.88,8962.69,0.05,1464.22
ORD12717,2024-05-18,Monitor,Electronics,East,West Bengal,Small Business,5,13982.59,66417.31,0.05,10485.48
ORD12718,2023-10-19,Office Chair,Furniture,South,Karnataka,Small Business,1,9353.08,7950.11,0.15,1208.35
ORD12719,2024-08-15,Monitor,Electronics,East,West Bengal,Corporate,4,14060.04,53428.16,0.05,7914.95
ORD12720,2024-07-15,Smartphone,Electronics,West,Gujarat,Small Business,3,29228.73,78917.58,0.1,9470.0
ORD12721,2024-06-16,Mouse,Electronics,North,Delhi,Small Business,1,926.86,787.83,0.15,102.22
ORD12722,2023-08-21,Printer,Office Supplies,South,Tamil Nadu,Small Business,3,14950.18,40365.48,0.1,10129.93
ORD12723,2025-08-23,Office Chair,Furniture,West,Gujarat,Corporate,5,8372.78,35584.32,0.15,5476.64
ORD12724,2023-08-04,Keyboard,Electronics,West,Maharashtra,Consumer,2,1799.12,3418.33,0.05,399.91
ORD12725,2023-03-09,Smartphone,Electronics,South,Tamil Nadu,Consumer,1,29639.61,29639.61,0.0,4753.83
ORD12726,2024-11-20,Office Chair,Furniture,South,Tamil Nadu,Consumer,4,8257.92,29728.52,0.1,5175.77
ORD12727,2025-12-06,Notebook,Office Supplies,East,Odisha,Small Business,3,312.46,843.65,0.1,149.54
ORD12728,2023-03-26,Laptop,Electronics,East,Odisha,Consumer,2,45347.17,86159.62,0.05,13553.89
ORD12729,2023-09-16,Printer,Office Supplies,South,Telangana,Corporate,2,12679.25,25358.5,0.0,5653.42
ORD12730,2025-08-21,Backpack,Accessories,West,Rajasthan,Consumer,3,1974.47,5331.07,0.1,1000.9
ORD12731,2023-06-12,Tablet,Electronics,East,Bihar,Consumer,4,27312.06,109248.25,0.0,15646.22
ORD12732,2024-10-23,Printer,Office Supplies,West,Gujarat,Consumer,1,13508.26,12832.85,0.05,2624.8
ORD12733,2023-12-07,Laptop,Electronics,East,Odisha,Consumer,3,54536.3,139067.55,0.15,18059.31
ORD12734,2025-05-30,Notebook,Office Supplies,North,Punjab,Small Business,3,324.25,972.76,0.0,203.76
ORD12735,2025-12-04,Mouse,Electronics,North,Delhi,Corporate,1,989.62,940.14,0.05,134.11
ORD12736,2024-04-15,Desk,Furniture,North,Punjab,Consumer,4,12065.21,43434.76,0.1,7464.59
ORD12737,2024-09-26,Mouse,Electronics,South,Karnataka,Corporate,4,777.35,2953.93,0.05,420.59
ORD12738,2023-10-06,Backpack,Accessories,East,West Bengal,Corporate,2,1519.65,3039.31,0.0,581.17
ORD12739,2025-04-26,Mouse,Electronics,East,Odisha,Small Business,5,892.62,3793.63,0.15,490.5
ORD12740,2024-03-31,Headphones,Electronics,South,Tamil Nadu,Consumer,3,3892.76,11678.27,0.0,1453.0
ORD12741,2024-02-04,Smartphone,Electronics,South,Tamil Nadu,Consumer,4,29118.92,116475.7,0.0,16106.32
ORD12742,2025-04-21,Desk,Furniture,North,Delhi,Small Business,4,13388.99,48200.36,0.1,6849.66
ORD12743,2025-03-17,Tablet,Electronics,East,Bihar,Corporate,5,25452.02,101808.06,0.2,14614.58
ORD12744,2023-04-08,Monitor,Electronics,East,Bihar,Corporate,5,17107.29,76982.8,0.1,10761.0
ORD12745,2024-02-07,Keyboard,Electronics,South,Karnataka,Consumer,5,1858.11,8361.48,0.1,1155.66
ORD12746,2025-04-09,Office Chair,Furniture,North,Delhi,Corporate,5,8471.02,36001.82,0.15,5712.24
ORD12747,2024-11-19,Tablet,Electronics,South,Tamil Nadu,Small Business,2,26513.28,42421.25,0.2,4605.04
ORD12748,2025-08-16,Mouse,Electronics,West,Gujarat,Corporate,4,860.21,3440.84,0.0,506.66
ORD12749,2025-01-08,Notebook,Office Supplies,East,Bihar,Consumer,5,333.76,1585.36,0.05,342.44
ORD12750,2023-08-16,Headphones,Electronics,North,Delhi,Corporate,4,3082.22,11712.45,0.05,1619.61
ORD12751,2024-01-26,Backpack,Accessories,East,Bihar,Consumer,4,1825.46,6206.55,0.15,1189.33
ORD12752,2025-08-06,Monitor,Electronics,North,Punjab,Corporate,1,17732.52,16845.9,0.05,2210.67
ORD12753,2025-05-16,Laptop,Electronics,West,Gujarat,Small Business,2,51003.38,91806.09,0.1,11943.8
ORD12754,2024-03-13,Printer,Office Supplies,West,Gujarat,Corporate,1,16262.33,13822.98,0.15,3075.72
ORD12755,2023-01-15,Headphones,Electronics,East,Odisha,Corporate,4,3806.11,15224.42,0.0,2069.81
ORD12756,2023-10-26,Office Chair,Furniture,South,Karnataka,Corporate,1,8528.67,7249.37,0.15,1185.25
ORD12757,2025-10-25,Smartphone,Electronics,East,Bihar,Corporate,2,27571.06,55142.12,0.0,8283.2
ORD12758,2023-10-25,Mouse,Electronics,East,West Bengal,Corporate,4,973.14,3697.95,0.05,413.54
ORD12759,2024-12-07,Laptop,Electronics,East,West Bengal,Consumer,2,55917.48,95059.72,0.15,13690.39
ORD12760,2023-03-29,Headphones,Electronics,East,Bihar,Small Business,1,3399.67,3059.7,0.1,457.11
ORD12761,2023-10-08,Headphones,Electronics,West,Gujarat,Small Business,3,3810.99,9146.37,0.2,934.89
ORD12762,2023-10-16,Laptop,Electronics,South,Tamil Nadu,Small Business,3,49117.09,139983.7,0.05,20825.23
ORD12763,2025-07-21,Mouse,Electronics,West,Rajasthan,Corporate,4,853.56,2731.4,0.2,332.44
ORD12764,2025-11-18,Monitor,Electronics,North,Delhi,Consumer,5,13269.16,59711.21,0.1,7891.2
ORD12765,2024-06-13,Keyboard,Electronics,West,Gujarat,Consumer,3,1596.66,4310.98,0.1,543.1
ORD12766,2023-05-19,Laptop,Electronics,South,Telangana,Corporate,2,50125.24,95237.96,0.05,14375.66
ORD12767,2025-12-31,Printer,Office Supplies,South,Telangana,Consumer,4,15532.86,55918.31,0.1,10719.7
ORD12768,2024-10-15,Keyboard,Electronics,East,Bihar,Consumer,2,1689.02,3209.13,0.05,441.67
ORD12769,2023-10-27,Keyboard,Electronics,West,Rajasthan,Corporate,5,1820.82,9104.12,0.0,1268.52
ORD12770,2023-12-15,Notebook,Office Supplies,East,Odisha,Consumer,2,360.25,648.45,0.1,127.3
ORD12771,2023-09-13,Laptop,Electronics,North,Delhi,Consumer,4,53395.41,202902.57,0.05,29979.42
ORD12772,2025-11-24,Printer,Office Supplies,South,Tamil Nadu,Corporate,2,12571.98,20115.17,0.2,4299.34
ORD12773,2024-08-19,Backpack,Accessories,South,Telangana,Small Business,5,2096.0,8908.0,0.15,1477.04
ORD12774,2025-07-18,Mouse,Electronics,North,Punjab,Consumer,1,1044.09,991.88,0.05,126.79
ORD12775,2023-09-01,Notebook,Office Supplies,South,Karnataka,Consumer,4,381.52,1220.88,0.2,245.21
ORD12776,2025-05-11,Keyboard,Electronics,South,Karnataka,Small Business,1,1642.47,1396.1,0.15,167.65
ORD12777,2023-07-28,Notebook,Office Supplies,South,Karnataka,Small Business,4,351.7,1406.81,0.0,322.67
ORD12778,2025-09-28,Backpack,Accessories,South,Karnataka,Small Business,5,1736.13,8246.64,0.05,1598.77
ORD12779,2023-01-15,Backpack,Accessories,North,Punjab,Consumer,3,1901.96,5135.3,0.1,1029.05
ORD12780,2024-02-02,Mouse,Electronics,West,Rajasthan,Consumer,1,908.15,862.74,0.05,113.57
ORD12781,2023-06-20,Laptop,Electronics,South,Telangana,Small Business,5,56091.63,266435.22,0.05,34846.17
ORD12782,2023-04-23,Mouse,Electronics,North,Haryana,Consumer,1,821.49,698.27,0.15,96.75
ORD12783,2023-09-07,Laptop,Electronics,North,Delhi,Corporate,3,44732.71,114068.42,0.15,15665.79
ORD12784,2023-08-13,Office Chair,Furniture,South,Tamil Nadu,Corporate,2,8050.45,16100.9,0.0,2957.03
ORD12785,2023-04-16,Office Chair,Furniture,North,Haryana,Consumer,5,8420.64,37892.87,0.1,6222.01
ORD12786,2024-01-31,Smartphone,Electronics,South,Telangana,Corporate,4,28593.65,102937.15,0.1,14131.62
ORD12787,2024-12-08,Printer,Office Supplies,West,Gujarat,Consumer,3,13251.29,37766.17,0.05,6961.25
ORD12788,2024-04-29,Printer,Office Supplies,North,Haryana,Corporate,4,13234.72,44998.06,0.15,9469.5
ORD12789,2025-01-26,Monitor,Electronics,East,West Bengal,Corporate,4,14373.2,54618.16,0.05,5774.81
ORD12790,2023-08-14,Monitor,Electronics,East,Bihar,Corporate,2,15630.22,28134.4,0.1,4353.33
ORD12791,2024-05-13,Office Chair,Furniture,South,Tamil Nadu,Corporate,4,8043.6,32174.4,0.0,5579.78
ORD12792,2024-02-18,Headphones,Electronics,North,Delhi,Consumer,5,3557.63,17788.14,0.0,2412.94
ORD12793,2023-10-01,Monitor,Electronics,South,Karnataka,Consumer,3,13126.78,37411.34,0.05,4515.12
ORD12794,2023-10-17,Desk,Furniture,South,Karnataka,Consumer,4,10491.42,35670.83,0.15,6070.08
ORD12795,2025-07-27,Tablet,Electronics,South,Tamil Nadu,Consumer,2,26603.6,42565.77,0.2,5098.64
ORD12796,2025-09-20,Monitor,Electronics,South,Tamil Nadu,Small Business,2,16834.24,30301.62,0.1,4016.93
ORD12797,2023-10-02,Headphones,Electronics,East,Odisha,Corporate,4,2991.68,11368.38,0.05,1504.2
ORD12798,2025-03-21,Backpack,Accessories,North,Haryana,Consumer,2,2067.82,4135.65,0.0,872.45
ORD12799,2024-04-27,Notebook,Office Supplies,South,Telangana,Small Business,4,352.72,1199.25,0.15,233.98
ORD12800,2024-01-19,Keyboard,Electronics,West,Gujarat,Consumer,3,1767.74,5038.05,0.05,713.54
ORD12801,2024-10-01,Monitor,Electronics,North,Delhi,Consumer,5,16854.06,67416.26,0.2,8440.15
ORD12802,2025-05-06,Printer,Office Supplies,South,Telangana,Corporate,2,14767.69,28058.61,0.05,6596.51
ORD12803,2023-02-05,Notebook,Office Supplies,West,Maharashtra,Corporate,3,355.79,960.63,0.1,226.39
ORD12804,2025-03-15,Printer,Office Supplies,North,Delhi,Consumer,2,13307.24,23953.03,0.1,4707.34
ORD12805,2025-09-21,Monitor,Electronics,South,Telangana,Consumer,5,12299.11,61495.53,0.0,10219.73
ORD12806,2023-09-21,Office Chair,Furniture,East,Bihar,Corporate,1,8336.78,7919.94,0.05,1585.23
ORD12807,2024-02-08,Desk,Furniture,South,Telangana,Consumer,1,13025.61,10420.49,0.2,1827.22
ORD12808,2025-01-05,Backpack,Accessories,North,Punjab,Corporate,3,1683.77,4293.6,0.15,817.94
ORD12809,2024-12-03,Smartphone,Electronics,North,Delhi,Consumer,1,25558.92,24280.97,0.05,3032.04
ORD12810,2024-10-28,Monitor,Electronics,South,Tamil Nadu,Small Business,5,17427.68,87138.39,0.0,13114.6
ORD12811,2023-10-25,Mouse,Electronics,West,Gujarat,Small Business,2,822.07,1397.51,0.15,163.1
ORD12812,2024-06-07,Tablet,Electronics,East,Odisha,Consumer,3,23666.94,71000.83,0.0,12161.55
ORD12813,2025-12-22,Keyboard,Electronics,West,Gujarat,Consumer,2,1846.82,3324.28,0.1,425.73
ORD12814,2024-11-13,Smartphone,Electronics,North,Punjab,Corporate,1,28335.25,25501.72,0.1,3213.54
ORD12815,2023-06-24,Smartphone,Electronics,North,Haryana,Consumer,2,27680.23,49824.42,0.1,7456.26
ORD12816,2025-01-24,Notebook,Office Supplies,West,Gujarat,Corporate,5,347.52,1563.85,0.1,296.55
ORD12817,2024-02-18,Desk,Furniture,East,Odisha,Small Business,5,10541.78,44802.56,0.15,8390.17
ORD12818,2024-10-31,Notebook,Office Supplies,North,Delhi,Consumer,5,330.85,1488.82,0.1,332.06
ORD12819,2023-01-24,Laptop,Electronics,North,Punjab,Consumer,3,47092.53,141277.58,0.0,20501.12
ORD12820,2024-04-14,Keyboard,Electronics,East,Bihar,Small Business,5,1891.62,8512.3,0.1,1046.74
ORD12821,2024-09-18,Backpack,Accessories,West,Gujarat,Consumer,3,1887.02,5378.01,0.05,1080.73
ORD12822,2024-02-27,Smartphone,Electronics,South,Karnataka,Consumer,2,24867.94,47249.08,0.05,5546.11
ORD12823,2024-03-12,Backpack,Accessories,South,Karnataka,Corporate,2,1991.29,3385.19,0.15,667.88
ORD12824,2024-11-24,Notebook,Office Supplies,East,West Bengal,Corporate,1,319.81,303.82,0.05,71.89
ORD12825,2025-12-14,Backpack,Accessories,North,Punjab,Small Business,4,1909.78,7639.11,0.0,1563.04
ORD12826,2023-08-29,Desk,Furniture,West,Maharashtra,Small Business,1,12172.31,10955.08,0.1,2138.61
ORD12827,2024-10-12,Printer,Office Supplies,East,Bihar,Corporate,2,14773.16,26591.69,0.1,4782.6
ORD12828,2024-02-01,Backpack,Accessories,East,West Bengal,Corporate,4,1874.13,7121.69,0.05,1538.01
ORD12829,2024-03-20,Desk,Furniture,South,Tamil Nadu,Small Business,3,11918.33,32179.49,0.1,5793.29
ORD12830,2023-09-09,Laptop,Electronics,West,Gujarat,Consumer,4,53984.99,215939.98,0.0,32698.19
ORD12831,2025-03-17,Smartphone,Electronics,North,Punjab,Consumer,2,29780.36,53604.64,0.1,7420.48
ORD12832,2023-05-28,Laptop,Electronics,West,Maharashtra,Consumer,5,61686.34,293010.14,0.05,37968.43
ORD12833,2023-07-05,Monitor,Electronics,West,Rajasthan,Corporate,1,12979.07,11681.16,0.1,1877.82
ORD12834,2023-09-19,Mouse,Electronics,East,West Bengal,Corporate,5,900.46,3826.94,0.15,531.96
ORD12835,2023-08-10,Notebook,Office Supplies,North,Haryana,Consumer,3,321.32,819.36,0.15,189.58
ORD12836,2023-06-27,Printer,Office Supplies,East,Odisha,Consumer,2,13966.67,26536.67,0.05,6241.11
ORD12837,2025-10-21,Monitor,Electronics,North,Delhi,Corporate,5,14960.5,71062.36,0.05,10482.0
ORD12838,2024-10-20,Printer,Office Supplies,South,Karnataka,Corporate,4,13439.98,48383.95,0.1,10492.4
ORD12839,2024-12-10,Desk,Furniture,South,Tamil Nadu,Consumer,4,12681.43,50725.7,0.0,8910.42
ORD12840,2025-09-24,Headphones,Electronics,North,Haryana,Consumer,5,3750.21,18751.04,0.0,2734.42
ORD12841,2024-11-11,Smartphone,Electronics,North,Delhi,Consumer,2,27321.01,54642.01,0.0,6699.19
ORD12842,2023-12-07,Monitor,Electronics,North,Delhi,Consumer,1,15657.45,14874.58,0.05,2191.46
ORD12843,2024-05-24,Monitor,Electronics,North,Delhi,Corporate,2,14089.44,25360.99,0.1,3670.26
ORD12844,2024-06-22,Smartphone,Electronics,West,Gujarat,Corporate,5,29701.2,141080.69,0.05,18768.45
ORD12845,2023-07-07,Desk,Furniture,West,Maharashtra,Consumer,2,12307.89,20923.41,0.15,3733.43
ORD12846,2024-10-04,Desk,Furniture,West,Maharashtra,Corporate,1,11763.74,11175.55,0.05,1907.54
ORD12847,2025-09-01,Headphones,Electronics,South,Telangana,Small Business,5,3687.88,16595.44,0.1,2284.94
ORD12848,2023-09-07,Smartphone,Electronics,West,Rajasthan,Corporate,4,25899.64,93238.7,0.1,11424.06
ORD12849,2024-01-29,Headphones,Electronics,East,West Bengal,Corporate,4,2765.92,10510.51,0.05,1159.64
ORD12850,2023-11-19,Backpack,Accessories,West,Gujarat,Consumer,1,1872.12,1684.91,0.1,300.58
ORD12851,2023-07-05,Headphones,Electronics,West,Rajasthan,Corporate,4,3877.46,14734.35,0.05,1936.07
ORD12852,2025-06-21,Smartphone,Electronics,East,Bihar,Corporate,1,26925.22,25578.96,0.05,3495.11
ORD12853,2025-08-10,Monitor,Electronics,West,Rajasthan,Corporate,1,16022.28,14420.05,0.1,1970.47
ORD12854,2024-08-27,Tablet,Electronics,East,Odisha,Consumer,5,24016.81,120084.04,0.0,15882.38
ORD12855,2025-08-03,Printer,Office Supplies,West,Rajasthan,Corporate,5,14206.27,60376.65,0.15,10740.25
ORD12856,2023-01-19,Tablet,Electronics,North,Delhi,Corporate,4,22270.13,84626.5,0.05,10035.5
ORD12857,2023-08-24,Notebook,Office Supplies,East,Odisha,Consumer,3,354.21,956.36,0.1,170.65
ORD12858,2025-06-03,Tablet,Electronics,South,Tamil Nadu,Corporate,3,25189.84,71791.04,0.05,11159.6
ORD12859,2025-01-01,Office Chair,Furniture,North,Punjab,Consumer,3,8332.04,23746.32,0.05,4373.26
ORD12860,2025-09-02,Smartphone,Electronics,North,Haryana,Corporate,3,28463.67,76851.92,0.1,11000.9
ORD12861,2023-07-10,Headphones,Electronics,South,Telangana,Small Business,2,3655.37,6214.13,0.15,973.48
ORD12862,2025-05-19,Monitor,Electronics,East,Odisha,Consumer,4,14882.25,59528.98,0.0,8455.28
ORD12863,2025-08-02,Mouse,Electronics,West,Rajasthan,Consumer,3,805.52,2295.72,0.05,343.01
ORD12864,2023-08-31,Notebook,Office Supplies,West,Gujarat,Consumer,1,327.77,311.38,0.05,63.79
ORD12865,2023-07-29,Keyboard,Electronics,East,Odisha,Consumer,2,1603.34,2725.68,0.15,327.86
ORD12866,2024-01-28,Smartphone,Electronics,North,Haryana,Corporate,1,29941.01,28443.96,0.05,3836.58
ORD12867,2023-09-04,Headphones,Electronics,North,Punjab,Consumer,3,3683.37,10497.6,0.05,1349.68
ORD12868,2025-03-20,Keyboard,Electronics,North,Delhi,Corporate,5,2092.92,9941.36,0.05,1471.74
ORD12869,2023-09-16,Headphones,Electronics,West,Gujarat,Corporate,2,3462.82,6579.36,0.05,878.51
ORD12870,2024-04-05,Printer,Office Supplies,South,Tamil Nadu,Small Business,3,14750.32,44250.96,0.0,9032.59
ORD12871,2025-03-02,Smartphone,Electronics,South,Karnataka,Consumer,1,29959.9,28461.9,0.05,3506.73
ORD12872,2025-12-11,Notebook,Office Supplies,East,West Bengal,Consumer,5,301.08,1505.38,0.0,309.08
ORD12873,2023-09-01,Mouse,Electronics,West,Gujarat,Consumer,3,924.0,2633.4,0.05,365.85
ORD12874,2023-03-07,Laptop,Electronics,East,Bihar,Consumer,5,48837.74,219769.81,0.1,28883.31
ORD12875,2025-01-26,Backpack,Accessories,South,Karnataka,Consumer,4,1683.23,6059.64,0.1,1081.44
ORD12876,2024-09-18,Smartphone,Electronics,East,Bihar,Consumer,4,28189.03,95842.72,0.15,13106.13
ORD12877,2025-10-19,Headphones,Electronics,East,Odisha,Corporate,5,3199.14,15195.9,0.05,2071.54
ORD12878,2024-03-17,Printer,Office Supplies,West,Gujarat,Corporate,5,12873.96,57932.8,0.1,11132.87
ORD12879,2023-01-07,Desk,Furniture,South,Telangana,Corporate,1,12551.47,11923.89,0.05,1859.42
ORD12880,2025-01-21,Laptop,Electronics,South,Tamil Nadu,Small Business,3,53468.02,128323.25,0.2,19497.18
ORD12881,2023-05-14,Monitor,Electronics,West,Gujarat,Corporate,3,15850.29,45173.32,0.05,5511.44
ORD12882,2025-02-09,Mouse,Electronics,West,Rajasthan,Small Business,2,1048.95,2097.9,0.0,320.59
ORD12883,2025-12-26,Tablet,Electronics,South,Karnataka,Consumer,2,25032.11,50064.23,0.0,7355.79
ORD12884,2023-06-03,Backpack,Accessories,South,Tamil Nadu,Corporate,1,1929.27,1929.27,0.0,403.78
ORD12885,2023-05-08,Laptop,Electronics,North,Delhi,Consumer,4,55991.06,201567.81,0.1,26568.2
ORD12886,2024-07-01,Tablet,Electronics,East,Bihar,Corporate,2,20312.59,40625.19,0.0,5128.96
ORD12887,2024-04-28,Backpack,Accessories,East,West Bengal,Corporate,2,1427.15,2426.16,0.15,438.3
ORD12888,2025-05-16,Monitor,Electronics,East,Odisha,Small Business,5,14147.35,63663.08,0.1,8442.7
ORD12889,2025-07-31,Monitor,Electronics,West,Rajasthan,Consumer,2,14006.9,28013.81,0.0,3851.65
ORD12890,2025-06-20,Smartphone,Electronics,East,West Bengal,Consumer,1,22993.21,20693.88,0.1,2827.43
ORD12891,2023-12-02,Smartphone,Electronics,North,Punjab,Corporate,4,28871.39,98162.74,0.15,10800.07
ORD12892,2023-01-24,Office Chair,Furniture,West,Rajasthan,Consumer,1,8990.46,7641.89,0.15,1073.22
ORD12893,2023-09-30,Backpack,Accessories,North,Punjab,Small Business,1,1663.12,1496.81,0.1,289.97
ORD12894,2024-09-29,Monitor,Electronics,East,Bihar,Small Business,1,15045.78,12036.62,0.2,1545.24
ORD12895,2025-05-22,Smartphone,Electronics,South,Telangana,Corporate,2,29459.38,53026.89,0.1,7780.65
ORD12896,2024-03-05,Smartphone,Electronics,East,Odisha,Small Business,4,27687.89,94138.83,0.15,11681.98
ORD12897,2025-07-23,Notebook,Office Supplies,North,Haryana,Consumer,1,324.89,308.65,0.05,68.95
ORD12898,2023-01-13,Laptop,Electronics,North,Delhi,Consumer,4,45326.06,145043.39,0.2,18166.0
ORD12899,2025-06-05,Desk,Furniture,West,Gujarat,Consumer,5,11638.37,58191.85,0.0,8788.94
ORD12900,2024-05-04,Headphones,Electronics,East,West Bengal,Consumer,1,3378.35,3378.35,0.0,428.04
ORD12901,2024-01-15,Office Chair,Furniture,South,Tamil Nadu,Consumer,1,9002.78,8552.64,0.05,1591.15
ORD12902,2023-01-01,Backpack,Accessories,South,Karnataka,Consumer,3,1725.21,4658.06,0.1,726.33
ORD12903,2025-04-23,Backpack,Accessories,West,Gujarat,Small Business,1,1618.34,1456.51,0.1,294.08
ORD12904,2024-06-04,Laptop,Electronics,North,Punjab,Small Business,5,51120.77,230043.45,0.1,29524.41
ORD12905,2024-07-25,Mouse,Electronics,West,Gujarat,Consumer,4,948.3,3413.89,0.1,537.3
ORD12906,2025-01-16,Office Chair,Furniture,East,Odisha,Consumer,1,9991.47,9491.9,0.05,1567.24
ORD12907,2025-11-24,Headphones,Electronics,North,Haryana,Consumer,2,3462.95,5887.01,0.15,753.84
ORD12908,2024-12-25,Tablet,Electronics,North,Haryana,Consumer,1,26243.52,23619.16,0.1,3114.56
ORD12909,2025-12-30,Notebook,Office Supplies,South,Karnataka,Small Business,5,350.71,1753.57,0.0,370.46
ORD12910,2024-12-17,Keyboard,Electronics,South,Tamil Nadu,Consumer,4,1738.97,5912.5,0.15,697.66
ORD12911,2023-02-11,Monitor,Electronics,North,Delhi,Corporate,5,14800.66,66602.95,0.1,8499.18
ORD12912,2024-04-08,Office Chair,Furniture,North,Haryana,Corporate,3,9387.99,26755.78,0.05,4443.27
ORD12913,2024-05-18,Office Chair,Furniture,North,Haryana,Consumer,5,8508.87,38289.93,0.1,6975.69
ORD12914,2025-12-25,Tablet,Electronics,West,Rajasthan,Corporate,5,22486.85,95569.13,0.15,11370.59
ORD12915,2025-06-19,Mouse,Electronics,West,Maharashtra,Consumer,4,990.77,3963.09,0.0,639.15
ORD12916,2024-04-24,Backpack,Accessories,East,Odisha,Corporate,2,1999.03,3398.35,0.15,653.42
ORD12917,2024-02-12,Printer,Office Supplies,South,Tamil Nadu,Consumer,5,15601.18,70205.33,0.1,14054.46
ORD12918,2024-04-26,Office Chair,Furniture,East,West Bengal,Consumer,1,9503.09,9027.94,0.05,1661.17
ORD12919,2025-04-30,Monitor,Electronics,North,Delhi,Consumer,3,14362.29,43086.86,0.0,6750.68
ORD12920,2024-11-11,Office Chair,Furniture,East,Bihar,Small Business,3,8826.57,26479.71,0.0,5598.59
ORD12921,2023-06-17,Printer,Office Supplies,East,Odisha,Consumer,3,13265.48,37806.63,0.05,7733.75
ORD12922,2023-03-20,Mouse,Electronics,South,Karnataka,Consumer,2,986.48,1972.96,0.0,275.69
ORD12923,2023-05-02,Tablet,Electronics,South,Telangana,Consumer,4,24760.46,94089.76,0.05,11355.5
ORD12924,2023-10-16,Tablet,Electronics,East,Odisha,Consumer,3,24807.21,63258.38,0.15,9307.14
ORD12925,2024-12-07,Laptop,Electronics,West,Rajasthan,Corporate,3,52595.4,142007.59,0.1,20661.52
ORD12926,2025-10-30,Keyboard,Electronics,West,Maharashtra,Small Business,4,1943.92,7775.7,0.0,1228.28
ORD12927,2023-06-03,Backpack,Accessories,East,West Bengal,Corporate,5,1758.16,7911.71,0.1,1457.96
ORD12928,2025-12-18,Mouse,Electronics,North,Delhi,Corporate,3,950.48,2708.87,0.05,416.32
ORD12929,2023-04-28,Tablet,Electronics,North,Punjab,Small Business,3,22894.93,61816.31,0.1,8295.16
ORD12930,2024-07-10,Notebook,Office Supplies,South,Karnataka,Consumer,5,388.66,1943.32,0.0,429.2
ORD12931,2024-06-01,Headphones,Electronics,East,Odisha,Corporate,1,2863.08,2433.61,0.15,310.51
ORD12932,2023-08-12,Keyboard,Electronics,West,Rajasthan,Corporate,4,1889.2,6423.26,0.15,776.5
ORD12933,2025-08-12,Keyboard,Electronics,North,Haryana,Small Business,2,1809.12,3256.41,0.1,348.05
ORD12934,2024-06-08,Tablet,Electronics,South,Tamil Nadu,Corporate,4,25597.94,92152.6,0.1,11966.61
ORD12935,2023-06-10,Backpack,Accessories,North,Delhi,Small Business,4,2086.07,7509.86,0.1,1259.16
ORD12936,2023-12-03,Smartphone,Electronics,West,Gujarat,Corporate,3,26746.96,68204.76,0.15,9259.32
ORD12937,2025-02-09,Mouse,Electronics,South,Telangana,Consumer,5,985.2,4433.42,0.1,655.86
ORD12938,2023-02-02,Office Chair,Furniture,East,West Bengal,Consumer,1,7771.55,7771.55,0.0,1578.6
ORD12939,2023-02-23,Backpack,Accessories,West,Gujarat,Small Business,5,1874.06,8433.29,0.1,1497.01
ORD12940,2025-11-12,Mouse,Electronics,South,Karnataka,Corporate,4,825.13,2970.47,0.1,418.04
ORD12941,2023-09-03,Printer,Office Supplies,South,Telangana,Consumer,1,11845.1,11845.1,0.0,2505.04
ORD12942,2024-08-03,Laptop,Electronics,South,Telangana,Consumer,3,55941.76,167825.29,0.0,21720.92
ORD12943,2024-05-09,Desk,Furniture,East,Bihar,Consumer,3,11108.05,29991.73,0.1,5343.62
ORD12944,2024-07-15,Monitor,Electronics,North,Punjab,Small Business,5,15907.39,71583.27,0.1,9037.73
ORD12945,2024-05-07,Laptop,Electronics,East,West Bengal,Corporate,4,55605.59,222422.36,0.0,32044.49
ORD12946,2023-09-07,Printer,Office Supplies,South,Telangana,Corporate,3,13358.3,38071.15,0.05,8183.04
ORD12947,2023-01-07,Monitor,Electronics,North,Delhi,Small Business,3,17474.21,49801.49,0.05,6904.64
ORD12948,2025-01-25,Headphones,Electronics,North,Haryana,Corporate,5,3560.02,17800.08,0.0,2435.11
ORD12949,2025-03-19,Monitor,Electronics,North,Punjab,Consumer,2,13423.73,22820.34,0.15,3200.34
ORD12950,2025-08-24,Tablet,Electronics,West,Rajasthan,Consumer,5,25620.39,128101.94,0.0,17992.1
ORD12951,2023-12-31,Notebook,Office Supplies,West,Maharashtra,Small Business,1,348.89,331.44,0.05,75.26
ORD12952,2025-05-08,Backpack,Accessories,East,Bihar,Corporate,1,1645.59,1645.59,0.0,296.36
ORD12953,2024-06-09,Desk,Furniture,North,Punjab,Small Business,3,12476.46,37429.39,0.0,6068.06
ORD12954,2023-01-07,Laptop,Electronics,West,Maharashtra,Corporate,4,48439.5,184070.09,0.05,23213.75
ORD12955,2024-09-27,Smartphone,Electronics,South,Karnataka,Small Business,1,32775.81,29498.23,0.1,4125.29
ORD12956,2025-07-29,Headphones,Electronics,South,Tamil Nadu,Corporate,5,3409.5,15342.74,0.1,2249.11
ORD12957,2024-07-07,Backpack,Accessories,East,Bihar,Consumer,4,1958.29,7833.15,0.0,1343.38
ORD12958,2023-02-11,Laptop,Electronics,North,Punjab,Consumer,2,48709.4,87676.92,0.1,12951.23
ORD12959,2025-03-13,Mouse,Electronics,North,Punjab,Consumer,2,1110.8,2221.61,0.0,318.5
ORD12960,2023-04-12,Backpack,Accessories,West,Rajasthan,Corporate,4,1688.78,6079.62,0.1,1089.85
ORD12961,2024-05-12,Office Chair,Furniture,West,Gujarat,Consumer,5,8664.92,38992.16,0.1,6388.51
ORD12962,2025-11-03,Mouse,Electronics,West,Maharashtra,Corporate,3,892.26,2275.26,0.15,287.2
ORD12963,2025-01-22,Office Chair,Furniture,East,West Bengal,Consumer,2,8558.23,16260.64,0.05,3043.48
ORD12964,2023-11-29,Notebook,Office Supplies,South,Telangana,Consumer,4,368.14,1251.68,0.15,264.3
ORD12965,2025-02-01,Printer,Office Supplies,North,Haryana,Corporate,5,13304.35,56543.5,0.15,10141.32
ORD12966,2024-08-13,Backpack,Accessories,North,Delhi,Small Business,4,1687.6,6750.41,0.0,1485.82
ORD12967,2023-01-03,Desk,Furniture,South,Telangana,Corporate,1,12610.77,11980.23,0.05,1982.52
ORD12968,2024-06-05,Keyboard,Electronics,West,Gujarat,Small Business,5,1865.67,8861.93,0.05,1167.66
ORD12969,2025-08-15,Backpack,Accessories,East,Odisha,Consumer,4,2099.79,7139.29,0.15,1410.05
ORD12970,2025-12-05,Monitor,Electronics,North,Haryana,Corporate,5,14600.31,65701.38,0.1,10250.87
ORD12971,2024-01-27,Headphones,Electronics,West,Maharashtra,Consumer,5,3567.27,17836.34,0.0,2305.38
ORD12972,2024-01-04,Mouse,Electronics,South,Telangana,Small Business,2,803.49,1365.94,0.15,191.75
ORD12973,2024-11-03,Notebook,Office Supplies,West,Maharashtra,Corporate,3,347.28,885.56,0.15,166.55
ORD12974,2025-09-06,Laptop,Electronics,South,Telangana,Small Business,1,45537.27,45537.27,0.0,7447.48
ORD12975,2025-03-17,Mouse,Electronics,South,Telangana,Small Business,1,1013.74,963.05,0.05,136.0
ORD12976,2025-01-16,Notebook,Office Supplies,South,Tamil Nadu,Consumer,1,398.29,358.46,0.1,74.87
ORD12977,2023-01-16,Headphones,Electronics,West,Gujarat,Corporate,5,3071.59,13054.26,0.15,1507.7
ORD12978,2023-03-31,Backpack,Accessories,West,Maharashtra,Corporate,4,1780.43,6053.48,0.15,1192.54
ORD12979,2023-12-05,Backpack,Accessories,West,Maharashtra,Consumer,5,2028.67,10143.36,0.0,1877.63
ORD12980,2025-11-23,Printer,Office Supplies,North,Punjab,Small Business,5,12673.16,57029.21,0.1,13777.48
ORD12981,2023-04-30,Mouse,Electronics,North,Punjab,Corporate,2,989.25,1780.66,0.1,204.03
ORD12982,2024-10-24,Tablet,Electronics,South,Karnataka,Small Business,3,21444.26,61116.15,0.05,8464.66
ORD12983,2024-12-26,Smartphone,Electronics,East,Bihar,Consumer,5,29403.68,147018.42,0.0,21907.18
ORD12984,2023-08-02,Backpack,Accessories,West,Gujarat,Consumer,4,1556.87,5604.74,0.1,1050.11
ORD12985,2024-04-15,Monitor,Electronics,South,Karnataka,Corporate,1,16051.01,13643.36,0.15,1676.29
ORD12986,2025-03-05,Smartphone,Electronics,South,Telangana,Corporate,1,27242.33,24518.1,0.1,3695.39
ORD12987,2024-09-16,Desk,Furniture,North,Delhi,Small Business,3,11714.81,31629.98,0.1,5960.54
ORD12988,2024-10-15,Tablet,Electronics,East,West Bengal,Corporate,1,26024.82,26024.82,0.0,3208.44
ORD12989,2024-05-15,Laptop,Electronics,West,Rajasthan,Small Business,3,49088.23,132538.21,0.1,17426.11
ORD12990,2023-02-04,Headphones,Electronics,South,Telangana,Corporate,1,3292.71,2798.8,0.15,445.23
ORD12991,2025-09-02,Backpack,Accessories,West,Rajasthan,Corporate,5,1428.22,6426.97,0.1,1224.14
ORD12992,2025-08-08,Smartphone,Electronics,North,Haryana,Consumer,2,27043.46,54086.92,0.0,7284.66
ORD12993,2024-06-30,Monitor,Electronics,South,Tamil Nadu,Consumer,1,16102.23,15297.12,0.05,2020.21
ORD12994,2023-09-22,Office Chair,Furniture,West,Rajasthan,Consumer,2,8898.22,15126.98,0.15,2802.46
ORD12995,2024-09-16,Headphones,Electronics,West,Gujarat,Consumer,5,3143.6,12574.39,0.2,1782.9
ORD12996,2024-04-08,Backpack,Accessories,North,Haryana,Small Business,3,1762.23,5286.7,0.0,1078.39
ORD12997,2025-09-12,Smartphone,Electronics,South,Karnataka,Consumer,3,31232.08,89011.42,0.05,12087.25
ORD12998,2024-01-06,Headphones,Electronics,South,Telangana,Corporate,2,3538.7,6369.66,0.1,924.59
ORD12999,2023-12-24,Smartphone,Electronics,South,Telangana,Consumer,1,28834.41,27392.69,0.05,3610.66
ORD13000,2025-02-13,Mouse,Electronics,East,Odisha,Consumer,5,853.57,3841.07,0.1,538.56
ORD13001,2024-10-31,Notebook,Office Supplies,North,Haryana,Consumer,4,348.04,1322.55,0.05,210.28
ORD13002,2025-01-26,Notebook,Office Supplies,East,West Bengal,Consumer,5,322.09,1610.43,0.0,362.58
ORD13003,2025-10-04,Monitor,Electronics,East,Odisha,Small Business,1,13954.18,12558.77,0.1,1630.2
ORD13004,2024-07-08,Monitor,Electronics,South,Tamil Nadu,Consumer,1,15113.47,14357.79,0.05,2043.89
ORD13005,2024-06-02,Headphones,Electronics,East,West Bengal,Small Business,3,3174.08,9522.24,0.0,1342.19
ORD13006,2023-11-29,Mouse,Electronics,South,Tamil Nadu,Consumer,5,790.88,3954.38,0.0,629.71
ORD13007,2024-05-04,Printer,Office Supplies,North,Punjab,Consumer,3,14110.48,38098.3,0.1,7445.07
ORD13008,2023-06-27,Mouse,Electronics,South,Karnataka,Consumer,1,822.25,822.25,0.0,110.15
ORD13009,2023-11-09,Printer,Office Supplies,West,Rajasthan,Corporate,2,14242.1,27059.98,0.05,5387.19
ORD13010,2024-07-04,Tablet,Electronics,North,Punjab,Corporate,1,21796.2,19616.58,0.1,2627.29
ORD13011,2024-08-25,Laptop,Electronics,West,Gujarat,Corporate,5,54830.03,260442.65,0.05,33315.87
ORD13012,2025-02-20,Smartphone,Electronics,South,Tamil Nadu,Corporate,1,30985.16,30985.16,0.0,4403.29
ORD13013,2024-12-15,Backpack,Accessories,South,Karnataka,Small Business,2,1970.64,3350.08,0.15,575.99
ORD13014,2023-11-28,Office Chair,Furniture,South,Tamil Nadu,Corporate,2,8594.96,16330.43,0.05,2752.94
ORD13015,2023-11-20,Notebook,Office Supplies,East,Odisha,Consumer,3,362.41,978.5,0.1,192.99
ORD13016,2023-12-11,Mouse,Electronics,East,Bihar,Consumer,5,941.15,4470.47,0.05,572.11
ORD13017,2024-12-30,Smartphone,Electronics,East,West Bengal,Consumer,1,27421.97,26050.88,0.05,3808.42
ORD13018,2024-11-28,Tablet,Electronics,West,Gujarat,Corporate,1,28038.83,23833.0,0.15,2842.89
ORD13019,2023-07-14,Printer,Office Supplies,South,Telangana,Consumer,1,14674.45,13207.0,0.1,2888.88
ORD13020,2025-02-06,Tablet,Electronics,East,West Bengal,Consumer,5,23393.07,111117.06,0.05,16797.86
ORD13021,2024-03-18,Backpack,Accessories,North,Delhi,Consumer,2,1762.96,3173.32,0.1,600.27
ORD13022,2023-03-20,Office Chair,Furniture,North,Haryana,Consumer,2,8009.8,16019.59,0.0,3096.24
ORD13023,2024-04-12,Notebook,Office Supplies,North,Delhi,Consumer,3,388.21,1106.39,0.05,243.86
ORD13024,2023-03-29,Tablet,Electronics,East,Odisha,Consumer,3,25185.19,64222.24,0.15,7986.48
ORD13025,2023-04-16,Tablet,Electronics,North,Delhi,Corporate,1,21950.55,21950.55,0.0,2971.18
ORD13026,2023-07-21,Office Chair,Furniture,East,West Bengal,Corporate,4,9710.9,34959.22,0.1,5858.57
ORD13027,2024-08-29,Notebook,Office Supplies,East,West Bengal,Consumer,4,430.9,1551.23,0.1,337.74
ORD13028,2024-02-28,Smartphone,Electronics,East,Bihar,Consumer,1,28086.03,25277.43,0.1,2823.58
ORD13029,2023-04-25,Mouse,Electronics,East,West Bengal,Consumer,3,871.52,2353.11,0.1,367.45
ORD13030,2025-06-27,Monitor,Electronics,North,Delhi,Small Business,2,15182.37,25810.03,0.15,3374.63
ORD13031,2025-05-08,Monitor,Electronics,South,Karnataka,Corporate,5,16667.71,75004.7,0.1,11340.48
ORD13032,2025-10-20,Headphones,Electronics,South,Karnataka,Small Business,5,3358.25,13433.01,0.2,2097.47
ORD13033,2025-01-22,Tablet,Electronics,North,Punjab,Corporate,3,23736.69,60528.55,0.15,7707.67
ORD13034,2025-02-26,Desk,Furniture,West,Gujarat,Consumer,1,13281.5,11953.35,0.1,1956.49
ORD13035,2025-09-20,Monitor,Electronics,South,Telangana,Corporate,4,17027.08,57892.08,0.15,9548.68
ORD13036,2025-08-17,Tablet,Electronics,West,Maharashtra,Small Business,2,26865.59,51044.62,0.05,5843.72
ORD13037,2023-07-11,Backpack,Accessories,South,Telangana,Consumer,2,1749.37,3148.86,0.1,593.89
ORD13038,2025-03-14,Desk,Furniture,East,Bihar,Consumer,1,12323.75,11707.56,0.05,2221.06
ORD13039,2024-08-03,Smartphone,Electronics,West,Maharashtra,Corporate,4,28407.9,102268.43,0.1,13673.88
ORD13040,2023-11-13,Mouse,Electronics,West,Gujarat,Corporate,3,761.09,2054.95,0.1,284.61
ORD13041,2024-11-02,Laptop,Electronics,East,West Bengal,Consumer,2,47065.35,94130.69,0.0,13354.38
ORD13042,2024-03-08,Office Chair,Furniture,West,Gujarat,Consumer,4,9742.25,37020.57,0.05,6301.69
ORD13043,2025-12-14,Office Chair,Furniture,East,West Bengal,Small Business,4,7937.06,31748.25,0.0,5450.58
ORD13044,2023-08-30,Printer,Office Supplies,North,Haryana,Consumer,5,12490.49,53084.59,0.15,11386.43
ORD13045,2023-07-09,Laptop,Electronics,North,Punjab,Corporate,3,51716.13,124118.71,0.2,11194.6
ORD13046,2024-09-02,Headphones,Electronics,East,West Bengal,Consumer,1,3851.48,3081.19,0.2,343.93
ORD13047,2024-04-17,Smartphone,Electronics,North,Punjab,Consumer,2,26128.97,52257.93,0.0,6919.98
ORD13048,2025-12-28,Smartphone,Electronics,North,Punjab,Corporate,4,26013.49,98851.26,0.05,13654.16
ORD13049,2025-12-09,Backpack,Accessories,South,Tamil Nadu,Consumer,1,1438.95,1151.16,0.2,192.36
ORD13050,2025-12-24,Keyboard,Electronics,North,Delhi,Small Business,1,1686.66,1686.66,0.0,288.12
ORD13051,2025-03-19,Mouse,Electronics,West,Maharashtra,Corporate,4,895.98,3225.51,0.1,368.15
ORD13052,2025-01-02,Smartphone,Electronics,West,Rajasthan,Small Business,5,28186.04,140930.2,0.0,21464.73
ORD13053,2023-06-24,Notebook,Office Supplies,West,Maharashtra,Corporate,1,327.72,294.95,0.1,58.2
ORD13054,2024-01-04,Desk,Furniture,East,Odisha,Consumer,4,12304.86,44297.48,0.1,6858.25
ORD13055,2024-09-17,Office Chair,Furniture,North,Punjab,Consumer,5,9122.6,38771.04,0.15,6204.83
ORD13056,2024-12-31,Smartphone,Electronics,East,Bihar,Corporate,5,28496.12,128232.53,0.1,16295.75
ORD13057,2023-01-29,Headphones,Electronics,West,Gujarat,Consumer,3,3564.98,9625.45,0.1,1421.41
ORD13058,2024-11-29,Office Chair,Furniture,South,Tamil Nadu,Consumer,5,8454.88,42274.42,0.0,5641.88
ORD13059,2025-06-16,Office Chair,Furniture,South,Tamil Nadu,Corporate,1,8448.51,7181.24,0.15,1303.95
ORD13060,2024-11-01,Keyboard,Electronics,North,Delhi,Consumer,5,1588.06,7940.28,0.0,1021.28
ORD13061,2025-01-12,Monitor,Electronics,West,Maharashtra,Corporate,2,15070.58,27127.04,0.1,2991.33
ORD13062,2025-04-02,Monitor,Electronics,South,Karnataka,Consumer,2,16684.95,28364.42,0.15,3110.65
ORD13063,2024-11-08,Mouse,Electronics,West,Maharashtra,Consumer,5,787.5,3937.51,0.0,573.91
ORD13064,2024-10-26,Mouse,Electronics,East,West Bengal,Corporate,2,853.94,1707.88,0.0,274.1
ORD13065,2024-01-20,Laptop,Electronics,East,Bihar,Small Business,1,61746.4,52484.44,0.15,7453.92
ORD13066,2025-01-01,Notebook,Office Supplies,North,Haryana,Consumer,1,368.26,331.44,0.1,71.53
ORD13067,2024-01-22,Laptop,Electronics,West,Maharashtra,Small Business,4,48162.87,192651.48,0.0,21409.95
ORD13068,2024-01-15,Monitor,Electronics,North,Punjab,Consumer,4,15645.34,56323.23,0.1,7560.49
ORD13069,2023-06-25,Notebook,Office Supplies,North,Delhi,Small Business,2,371.08,742.15,0.0,169.36
ORD13070,2024-09-03,Backpack,Accessories,South,Telangana,Corporate,4,1695.36,6781.45,0.0,1307.38
ORD13071,2024-01-17,Laptop,Electronics,North,Haryana,Consumer,5,54472.6,272363.02,0.0,41851.47
ORD13072,2023-05-10,Monitor,Electronics,South,Karnataka,Corporate,5,15737.27,74752.06,0.05,9468.45
ORD13073,2024-11-23,Notebook,Office Supplies,West,Maharashtra,Small Business,5,315.42,1498.24,0.05,341.73
ORD13074,2024-02-08,Laptop,Electronics,South,Telangana,Consumer,2,48173.79,96347.58,0.0,15354.72
ORD13075,2024-06-12,Keyboard,Electronics,South,Karnataka,Corporate,5,2039.45,10197.27,0.0,1297.26
ORD13076,2025-04-08,Keyboard,Electronics,North,Punjab,Consumer,1,1832.29,1557.45,0.15,199.13
ORD13077,2025-04-04,Notebook,Office Supplies,North,Delhi,Consumer,4,382.08,1451.91,0.05,307.03
ORD13078,2023-03-01,Desk,Furniture,North,Haryana,Small Business,3,11336.96,30609.79,0.1,5173.57
ORD13079,2025-05-10,Office Chair,Furniture,East,West Bengal,Small Business,2,8673.16,14744.38,0.15,2904.14
ORD13080,2024-06-07,Backpack,Accessories,East,West Bengal,Consumer,5,1781.88,8463.92,0.05,1877.54
ORD13081,2024-02-03,Keyboard,Electronics,South,Telangana,Consumer,1,1802.11,1621.9,0.1,223.39
ORD13082,2025-04-09,Office Chair,Furniture,North,Punjab,Consumer,3,7928.85,19029.25,0.2,3157.29
ORD13083,2023-04-03,Office Chair,Furniture,East,Odisha,Small Business,5,8065.6,38311.61,0.05,7376.55
ORD13084,2025-01-07,Keyboard,Electronics,North,Haryana,Small Business,4,1770.84,7083.35,0.0,1061.95
ORD13085,2025-10-10,Smartphone,Electronics,West,Gujarat,Corporate,1,25012.85,22511.57,0.1,2931.36
ORD13086,2024-06-14,Laptop,Electronics,East,Odisha,Corporate,3,50786.67,152360.0,0.0,20119.06
ORD13087,2025-12-28,Notebook,Office Supplies,South,Telangana,Consumer,1,385.7,347.13,0.1,70.16
ORD13088,2025-09-26,Smartphone,Electronics,West,Maharashtra,Consumer,3,27514.26,70161.37,0.15,10004.07
ORD13089,2025-06-18,Laptop,Electronics,East,Bihar,Corporate,1,47896.47,43106.83,0.1,6692.9
ORD13090,2024-03-16,Printer,Office Supplies,West,Gujarat,Corporate,1,13823.19,11749.71,0.15,2376.06
ORD13091,2025-01-04,Backpack,Accessories,South,Karnataka,Corporate,1,1728.08,1728.08,0.0,364.06
ORD13092,2023-11-22,Notebook,Office Supplies,East,West Bengal,Consumer,4,388.52,1476.37,0.05,366.21
ORD13093,2024-11-13,Tablet,Electronics,North,Punjab,Small Business,4,23240.8,83666.88,0.1,12845.65
ORD13094,2023-06-30,Notebook,Office Supplies,North,Delhi,Corporate,2,370.09,703.17,0.05,157.9
ORD13095,2025-01-02,Mouse,Electronics,North,Delhi,Consumer,4,1024.96,3689.87,0.1,542.8
ORD13096,2023-01-09,Office Chair,Furniture,North,Punjab,Corporate,5,7657.46,36372.96,0.05,6770.55
ORD13097,2025-09-18,Notebook,Office Supplies,North,Haryana,Consumer,2,318.27,604.71,0.05,129.65
ORD13098,2025-04-29,Desk,Furniture,East,West Bengal,Consumer,1,11591.39,11591.39,0.0,1929.07
ORD13099,2023-08-05,Headphones,Electronics,East,West Bengal,Small Business,1,3364.83,3028.34,0.1,429.42
ORD13100,2023-03-09,Keyboard,Electronics,East,Bihar,Small Business,2,1897.53,3415.56,0.1,492.2
ORD13101,2024-02-01,Backpack,Accessories,South,Tamil Nadu,Consumer,3,1920.8,5474.29,0.05,1186.51
ORD13102,2023-03-30,Tablet,Electronics,West,Gujarat,Consumer,5,22798.17,102591.78,0.1,9704.04
ORD13103,2025-10-18,Mouse,Electronics,South,Karnataka,Corporate,1,980.91,833.77,0.15,81.14
ORD13104,2023-08-18,Tablet,Electronics,North,Haryana,Consumer,2,24087.11,40948.09,0.15,5701.46
ORD13105,2025-10-28,Tablet,Electronics,East,Odisha,Corporate,2,23590.9,40104.53,0.15,5070.39
ORD13106,2023-06-25,Backpack,Accessories,South,Karnataka,Small Business,5,1590.23,7156.02,0.1,1404.67
ORD13107,2024-03-04,Backpack,Accessories,West,Maharashtra,Consumer,4,1798.68,7194.73,0.0,1442.05
ORD13108,2024-03-28,Mouse,Electronics,East,Bihar,Corporate,1,853.55,810.87,0.05,99.49
ORD13109,2025-08-05,Tablet,Electronics,East,West Bengal,Small Business,4,26979.22,86333.51,0.2,14103.15
ORD13110,2025-09-04,Smartphone,Electronics,North,Punjab,Consumer,5,24072.77,120363.83,0.0,16338.35
ORD13111,2025-08-31,Smartphone,Electronics,West,Maharashtra,Small Business,1,25892.62,25892.62,0.0,4143.61
ORD13112,2023-11-05,Desk,Furniture,West,Rajasthan,Consumer,1,10649.78,10649.78,0.0,1848.23
ORD13113,2024-02-06,Mouse,Electronics,South,Tamil Nadu,Corporate,2,843.26,1602.19,0.05,201.93
ORD13114,2023-05-20,Tablet,Electronics,South,Tamil Nadu,Corporate,5,22837.46,108477.96,0.05,17049.93
ORD13115,2024-09-25,Notebook,Office Supplies,West,Maharashtra,Small Business,2,322.23,515.58,0.2,104.66
ORD13116,2024-06-20,Tablet,Electronics,South,Telangana,Corporate,3,24819.95,74459.84,0.0,13415.04
ORD13117,2023-04-24,Mouse,Electronics,East,Bihar,Consumer,2,1032.45,1858.4,0.1,242.07
ORD13118,2025-12-01,Laptop,Electronics,North,Punjab,Small Business,2,47858.3,86144.95,0.1,10528.36
ORD13119,2023-11-21,Keyboard,Electronics,West,Maharashtra,Consumer,4,1841.94,7367.76,0.0,1151.67
ORD13120,2024-05-17,Smartphone,Electronics,West,Maharashtra,Consumer,5,26757.42,120408.39,0.1,15813.57
ORD13121,2023-11-14,Backpack,Accessories,East,West Bengal,Small Business,2,1695.91,2883.05,0.15,633.2
ORD13122,2024-12-13,Desk,Furniture,North,Haryana,Small Business,2,12037.21,20463.25,0.15,3443.85
ORD13123,2023-04-04,Desk,Furniture,West,Rajasthan,Corporate,1,12299.71,10454.76,0.15,1684.21
ORD13124,2024-02-18,Desk,Furniture,South,Telangana,Consumer,3,12474.94,37424.82,0.0,7082.7
ORD13125,2023-06-21,Tablet,Electronics,South,Tamil Nadu,Small Business,4,22330.86,84857.26,0.05,12048.67
ORD13126,2024-06-03,Smartphone,Electronics,East,Bihar,Corporate,5,26593.02,113020.32,0.15,15116.16
ORD13127,2024-05-26,Desk,Furniture,East,Bihar,Consumer,3,13908.25,37552.27,0.1,7228.75
ORD13128,2023-03-19,Mouse,Electronics,West,Rajasthan,Corporate,1,804.75,764.52,0.05,100.51
ORD13129,2025-07-24,Backpack,Accessories,West,Rajasthan,Small Business,1,1917.12,1821.27,0.05,397.17
ORD13130,2024-12-17,Tablet,Electronics,South,Tamil Nadu,Small Business,5,22147.59,110737.97,0.0,14154.33
ORD13131,2025-10-06,Desk,Furniture,South,Telangana,Corporate,2,12855.56,24425.56,0.05,4066.89
ORD13132,2024-02-02,Tablet,Electronics,West,Gujarat,Consumer,4,23754.39,76014.04,0.2,8359.4
ORD13133,2023-10-17,Smartphone,Electronics,North,Haryana,Corporate,3,29029.42,82733.84,0.05,9976.42
ORD13134,2025-03-29,Monitor,Electronics,South,Tamil Nadu,Consumer,1,16408.35,15587.93,0.05,2959.3
ORD13135,2024-05-15,Monitor,Electronics,North,Delhi,Small Business,3,15648.61,39903.97,0.15,5037.51
ORD13136,2025-11-23,Printer,Office Supplies,South,Karnataka,Consumer,2,13590.11,23103.19,0.15,4678.22
ORD13137,2024-07-09,Keyboard,Electronics,North,Haryana,Corporate,2,1767.79,3358.8,0.05,514.89
ORD13138,2023-11-21,Backpack,Accessories,South,Tamil Nadu,Consumer,3,1792.42,5377.26,0.0,1157.08
ORD13139,2023-02-09,Keyboard,Electronics,South,Karnataka,Corporate,3,2011.95,5432.26,0.1,640.6
ORD13140,2023-05-01,Printer,Office Supplies,East,Odisha,Consumer,5,13811.51,62151.79,0.1,12001.56
ORD13141,2025-10-30,Headphones,Electronics,South,Tamil Nadu,Consumer,4,3620.33,13757.27,0.05,1577.36
ORD13142,2025-03-23,Headphones,Electronics,West,Gujarat,Small Business,3,3217.22,9651.65,0.0,1172.42
ORD13143,2023-07-22,Desk,Furniture,East,Odisha,Small Business,2,10725.2,20377.88,0.05,3721.99
ORD13144,2024-06-23,Backpack,Accessories,South,Tamil Nadu,Consumer,1,1944.86,1944.86,0.0,389.18
ORD13145,2024-04-02,Smartphone,Electronics,East,Odisha,Consumer,4,30548.8,122195.2,0.0,18094.58
ORD13146,2023-04-30,Tablet,Electronics,East,Bihar,Consumer,1,25325.29,24059.03,0.05,3078.35
ORD13147,2024-01-09,Mouse,Electronics,West,Gujarat,Corporate,3,1070.28,2889.75,0.1,359.8
ORD13148,2025-10-04,Headphones,Electronics,East,Odisha,Consumer,5,3596.85,17085.05,0.05,2043.04
ORD13149,2025-08-25,Office Chair,Furniture,West,Maharashtra,Consumer,5,7506.23,31901.48,0.15,5419.04
ORD13150,2025-11-01,Smartphone,Electronics,South,Tamil Nadu,Consumer,2,32324.62,54951.85,0.15,7132.46
ORD13151,2023-01-02,Office Chair,Furniture,West,Gujarat,Corporate,1,7672.17,6904.96,0.1,1223.68
ORD13152,2024-11-02,Mouse,Electronics,North,Haryana,Corporate,5,971.23,4613.33,0.05,601.58
ORD13153,2024-02-01,Monitor,Electronics,North,Haryana,Consumer,4,14089.6,56358.4,0.0,7369.83
ORD13154,2025-01-30,Backpack,Accessories,East,West Bengal,Small Business,5,2082.4,9370.79,0.1,1826.83
ORD13155,2023-11-05,Laptop,Electronics,South,Karnataka,Corporate,3,50189.81,150569.44,0.0,14410.03
ORD13156,2024-08-03,Printer,Office Supplies,West,Rajasthan,Corporate,4,16805.95,60501.42,0.1,13543.45
ORD13157,2025-10-03,Smartphone,Electronics,West,Rajasthan,Consumer,4,29669.74,118678.97,0.0,17586.97
ORD13158,2023-12-23,Tablet,Electronics,West,Rajasthan,Small Business,5,21886.78,103962.23,0.05,16327.6
ORD13159,2023-09-22,Laptop,Electronics,East,Bihar,Consumer,3,50540.92,128879.34,0.15,17100.58
ORD13160,2024-08-05,Office Chair,Furniture,East,Bihar,Corporate,2,8223.17,16446.33,0.0,3209.95
ORD13161,2023-02-24,Mouse,Electronics,North,Delhi,Corporate,5,803.0,4015.01,0.0,601.09
ORD13162,2024-07-23,Printer,Office Supplies,West,Maharashtra,Corporate,4,14290.93,54305.52,0.05,12360.2
ORD13163,2024-11-06,Notebook,Office Supplies,South,Karnataka,Small Business,5,293.76,1321.92,0.1,250.61
ORD13164,2024-08-22,Keyboard,Electronics,East,Bihar,Small Business,1,1737.56,1476.93,0.15,179.44
ORD13165,2023-01-19,Office Chair,Furniture,East,Bihar,Corporate,3,7811.92,21092.19,0.1,4388.09
ORD13166,2023-03-27,Smartphone,Electronics,North,Punjab,Consumer,2,26089.33,52178.65,0.0,7046.81
ORD13167,2025-09-06,Printer,Office Supplies,North,Punjab,Consumer,3,12608.19,34042.12,0.1,7231.99
ORD13168,2025-12-16,Office Chair,Furniture,West,Rajasthan,Consumer,5,8606.09,38727.42,0.1,7310.21
ORD13169,2024-01-25,Backpack,Accessories,South,Telangana,Consumer,4,1872.28,7489.11,0.0,1444.51
ORD13170,2025-12-21,Keyboard,Electronics,West,Maharashtra,Consumer,1,1952.31,1757.08,0.1,249.45
ORD13171,2024-11-03,Mouse,Electronics,East,West Bengal,Corporate,5,944.37,4013.55,0.15,497.76
ORD13172,2024-10-26,Office Chair,Furniture,North,Punjab,Consumer,1,8278.62,7864.69,0.05,1327.5
ORD13173,2025-11-13,Smartphone,Electronics,North,Haryana,Small Business,1,32303.97,27458.37,0.15,3167.88
ORD13174,2023-05-08,Smartphone,Electronics,South,Karnataka,Small Business,5,28314.79,120337.87,0.15,13596.64
ORD13175,2024-10-18,Backpack,Accessories,East,Odisha,Corporate,1,1842.02,1473.62,0.2,240.2
ORD13176,2025-01-14,Desk,Furniture,East,West Bengal,Consumer,3,12350.17,29640.4,0.2,4726.77
ORD13177,2024-01-06,Notebook,Office Supplies,North,Punjab,Small Business,4,329.14,1250.74,0.05,244.2
ORD13178,2025-04-10,Keyboard,Electronics,North,Delhi,Consumer,3,1689.99,4055.98,0.2,468.98
ORD13179,2024-12-23,Notebook,Office Supplies,North,Delhi,Small Business,5,310.67,1553.33,0.0,318.87
ORD13180,2024-11-22,Monitor,Electronics,East,Bihar,Consumer,5,14574.34,65584.51,0.1,8032.12
ORD13181,2024-06-18,Notebook,Office Supplies,West,Rajasthan,Corporate,3,376.54,1016.65,0.1,229.62
ORD13182,2023-05-17,Tablet,Electronics,South,Karnataka,Small Business,4,28175.7,95797.39,0.15,13645.97
ORD13183,2024-06-28,Smartphone,Electronics,South,Telangana,Consumer,4,29652.18,106747.83,0.1,13390.67
ORD13184,2023-03-29,Office Chair,Furniture,West,Rajasthan,Consumer,5,8287.87,41439.34,0.0,7174.6
ORD13185,2024-04-12,Keyboard,Electronics,South,Karnataka,Corporate,4,1874.9,7124.6,0.05,966.27
ORD13186,2024-10-25,Mouse,Electronics,West,Gujarat,Corporate,4,854.74,3077.08,0.1,430.54
ORD13187,2024-01-27,Headphones,Electronics,East,West Bengal,Consumer,5,3647.61,18238.05,0.0,2247.86
ORD13188,2023-12-17,Office Chair,Furniture,North,Haryana,Consumer,2,8376.08,15914.56,0.05,2533.96
ORD13189,2024-11-03,Keyboard,Electronics,South,Telangana,Consumer,4,1583.7,6018.08,0.05,860.8
ORD13190,2023-09-09,Desk,Furniture,West,Maharashtra,Consumer,4,13218.14,50228.93,0.05,8479.2
ORD13191,2025-02-11,Laptop,Electronics,North,Punjab,Consumer,5,47033.24,223407.87,0.05,32402.4
ORD13192,2024-06-11,Laptop,Electronics,East,Odisha,Consumer,2,57806.45,109832.25,0.05,17405.3
ORD13193,2024-01-22,Office Chair,Furniture,West,Gujarat,Corporate,3,8432.13,22766.75,0.1,4428.32
ORD13194,2023-01-17,Printer,Office Supplies,East,Odisha,Consumer,2,13039.56,22167.26,0.15,3945.33
ORD13195,2025-06-10,Notebook,Office Supplies,North,Delhi,Corporate,1,362.12,344.01,0.05,70.11
ORD13196,2024-05-24,Notebook,Office Supplies,West,Gujarat,Consumer,1,340.76,306.68,0.1,63.83
ORD13197,2025-11-24,Desk,Furniture,East,Odisha,Corporate,2,11145.92,20062.66,0.1,2930.6
ORD13198,2025-09-21,Printer,Office Supplies,North,Punjab,Small Business,4,14331.05,48725.58,0.15,9378.79
ORD13199,2024-01-23,Printer,Office Supplies,West,Maharashtra,Small Business,4,14188.03,48239.3,0.15,10713.72
ORD13200,2024-09-28,Keyboard,Electronics,West,Rajasthan,Small Business,4,1888.06,6797.02,0.1,893.96
ORD13201,2024-02-16,Smartphone,Electronics,South,Telangana,Small Business,2,23870.17,47740.33,0.0,6910.78
ORD13202,2025-10-01,Printer,Office Supplies,West,Gujarat,Consumer,1,15516.53,13189.05,0.15,2733.52
ORD13203,2023-07-18,Monitor,Electronics,South,Tamil Nadu,Consumer,1,16367.98,14731.18,0.1,1784.9
ORD13204,2025-03-12,Desk,Furniture,South,Telangana,Small Business,1,11654.98,11072.23,0.05,1944.56
ORD13205,2024-10-22,Mouse,Electronics,East,Bihar,Consumer,1,979.1,881.19,0.1,125.75
ORD13206,2024-10-28,Laptop,Electronics,East,Bihar,Corporate,5,57735.68,259810.58,0.1,41215.72
ORD13207,2025-07-11,Headphones,Electronics,North,Punjab,Consumer,3,3477.55,10432.65,0.0,1482.55
ORD13208,2023-08-26,Tablet,Electronics,South,Telangana,Small Business,4,24277.46,82543.37,0.15,10635.54
ORD13209,2024-02-12,Keyboard,Electronics,West,Rajasthan,Corporate,3,1995.55,5986.65,0.0,862.65
ORD13210,2025-05-15,Mouse,Electronics,West,Maharashtra,Corporate,3,993.22,2532.72,0.15,290.06
ORD13211,2025-08-12,Monitor,Electronics,East,Bihar,Consumer,1,11940.75,11343.71,0.05,1364.14
ORD13212,2024-04-28,Keyboard,Electronics,East,West Bengal,Consumer,5,1947.3,8762.85,0.1,1206.23
ORD13213,2024-11-04,Notebook,Office Supplies,South,Tamil Nadu,Corporate,4,322.42,1096.21,0.15,210.77
ORD13214,2025-03-26,Laptop,Electronics,West,Rajasthan,Consumer,4,45842.35,165032.46,0.1,23710.73
ORD13215,2025-02-01,Office Chair,Furniture,East,Odisha,Consumer,5,8958.45,40313.05,0.1,6704.95
ORD13216,2025-08-18,Printer,Office Supplies,South,Telangana,Consumer,3,12888.03,34797.68,0.1,7934.53
ORD13217,2024-01-04,Backpack,Accessories,South,Tamil Nadu,Consumer,3,2088.65,5952.64,0.05,1084.11
ORD13218,2024-01-28,Laptop,Electronics,North,Punjab,Consumer,5,57982.38,260920.73,0.1,28680.92
ORD13219,2025-10-17,Notebook,Office Supplies,West,Maharashtra,Consumer,5,353.83,1503.77,0.15,274.31
ORD13220,2023-07-26,Laptop,Electronics,West,Gujarat,Consumer,5,53119.9,252319.51,0.05,32749.2
ORD13221,2023-10-20,Backpack,Accessories,East,Odisha,Consumer,5,1703.88,7241.49,0.15,1304.91
ORD13222,2025-03-05,Smartphone,Electronics,South,Karnataka,Consumer,3,30774.53,87707.4,0.05,12276.25
ORD13223,2025-06-10,Mouse,Electronics,North,Punjab,Corporate,1,976.01,780.81,0.2,84.56
ORD13224,2024-09-19,Monitor,Electronics,West,Rajasthan,Consumer,4,14162.9,56651.59,0.0,8514.06
ORD13225,2025-07-29,Notebook,Office Supplies,West,Maharashtra,Small Business,2,342.64,685.29,0.0,141.38
ORD13226,2024-05-08,Headphones,Electronics,South,Telangana,Corporate,4,3745.02,14231.09,0.05,2076.83
ORD13227,2025-10-16,Headphones,Electronics,West,Rajasthan,Consumer,2,3419.6,6497.25,0.05,831.18
ORD13228,2023-10-22,Laptop,Electronics,West,Gujarat,Corporate,4,49318.24,197272.98,0.0,25720.93
ORD13229,2024-01-10,Office Chair,Furniture,East,West Bengal,Corporate,5,8310.01,41550.07,0.0,8047.14
ORD13230,2025-04-06,Printer,Office Supplies,North,Punjab,Consumer,5,13296.58,56510.47,0.15,11927.43
ORD13231,2025-05-04,Backpack,Accessories,South,Telangana,Consumer,4,1937.68,7750.73,0.0,1570.58
ORD13232,2024-01-26,Laptop,Electronics,West,Maharashtra,Consumer,5,50540.37,252701.86,0.0,34766.34
ORD13233,2024-04-27,Mouse,Electronics,South,Karnataka,Consumer,1,911.11,865.56,0.05,139.33
ORD13234,2023-08-21,Mouse,Electronics,North,Delhi,Consumer,3,939.0,2535.3,0.1,322.0
ORD13235,2025-01-25,Office Chair,Furniture,North,Haryana,Consumer,4,8217.45,27939.35,0.15,4567.88
ORD13236,2025-08-30,Monitor,Electronics,West,Gujarat,Small Business,1,13771.78,13771.78,0.0,1916.6
ORD13237,2025-01-03,Smartphone,Electronics,North,Punjab,Consumer,3,24943.0,71087.54,0.05,9605.38
ORD13238,2025-04-12,Desk,Furniture,West,Rajasthan,Consumer,4,11282.22,45128.9,0.0,9009.65
ORD13239,2025-11-06,Headphones,Electronics,West,Rajasthan,Corporate,5,3355.61,16778.03,0.0,2319.33
ORD13240,2024-11-25,Mouse,Electronics,East,Odisha,Corporate,5,819.64,3688.37,0.1,394.47
ORD13241,2025-01-27,Laptop,Electronics,West,Rajasthan,Consumer,5,52509.61,236293.26,0.1,23880.59
ORD13242,2023-10-06,Headphones,Electronics,North,Punjab,Corporate,4,3434.24,13736.95,0.0,1873.66
ORD13243,2024-05-14,Smartphone,Electronics,South,Karnataka,Small Business,3,27888.17,79481.28,0.05,11355.46
ORD13244,2023-03-27,Mouse,Electronics,South,Tamil Nadu,Consumer,1,816.47,775.65,0.05,81.03
ORD13245,2025-12-17,Desk,Furniture,West,Gujarat,Consumer,3,12580.04,37740.13,0.0,6116.24
ORD13246,2024-04-02,Laptop,Electronics,North,Punjab,Corporate,2,51476.43,82362.29,0.2,11748.04
ORD13247,2025-07-21,Monitor,Electronics,North,Haryana,Consumer,4,13649.52,51868.19,0.05,8196.38
ORD13248,2024-07-10,Smartphone,Electronics,North,Haryana,Small Business,1,26575.73,25246.95,0.05,3463.2
ORD13249,2024-06-19,Keyboard,Electronics,South,Telangana,Consumer,5,1744.94,7852.25,0.1,1143.9
ORD13250,2024-06-24,Monitor,Electronics,West,Rajasthan,Consumer,2,15602.43,26524.14,0.15,3117.68
ORD13251,2025-09-01,Keyboard,Electronics,North,Haryana,Consumer,5,1768.25,7515.08,0.15,1090.17
ORD13252,2023-11-19,Headphones,Electronics,South,Telangana,Consumer,5,3375.14,16875.68,0.0,2242.68
ORD13253,2024-07-28,Desk,Furniture,South,Telangana,Corporate,3,10481.07,31443.22,0.0,5966.17
ORD13254,2025-08-21,Keyboard,Electronics,East,Odisha,Consumer,4,1733.86,6241.9,0.1,792.18
ORD13255,2025-02-03,Laptop,Electronics,South,Tamil Nadu,Corporate,4,45350.11,181400.45,0.0,27461.83
ORD13256,2025-11-24,Headphones,Electronics,South,Telangana,Consumer,5,3681.85,15647.88,0.15,1879.18
ORD13257,2023-04-06,Laptop,Electronics,South,Karnataka,Corporate,2,44711.25,80480.25,0.1,9925.48
ORD13258,2024-01-02,Mouse,Electronics,West,Gujarat,Corporate,3,837.18,2385.97,0.05,347.89
ORD13259,2025-07-19,Printer,Office Supplies,West,Rajasthan,Corporate,1,14301.39,11441.11,0.2,2373.49
ORD13260,2024-02-21,Laptop,Electronics,West,Maharashtra,Corporate,5,48753.82,207203.75,0.15,28523.53
ORD13261,2025-11-27,Tablet,Electronics,East,West Bengal,Small Business,2,25222.96,47923.63,0.05,6199.14
ORD13262,2024-08-16,Office Chair,Furniture,West,Gujarat,Consumer,3,9657.15,26074.31,0.1,4829.21
ORD13263,2023-03-30,Printer,Office Supplies,North,Delhi,Consumer,3,15080.13,45240.4,0.0,9233.08
ORD13264,2025-09-08,Smartphone,Electronics,North,Haryana,Corporate,5,27495.07,123727.81,0.1,14577.85
ORD13265,2025-07-04,Keyboard,Electronics,North,Delhi,Consumer,3,1871.19,5052.21,0.1,624.47
ORD13266,2025-12-20,Desk,Furniture,North,Haryana,Corporate,3,12870.8,38612.39,0.0,7693.8
ORD13267,2025-09-05,Tablet,Electronics,West,Rajasthan,Corporate,4,24958.67,94842.94,0.05,12879.78
ORD13268,2023-10-09,Headphones,Electronics,West,Gujarat,Small Business,4,3664.12,13923.67,0.05,1982.2
ORD13269,2024-04-30,Smartphone,Electronics,South,Telangana,Consumer,3,30490.56,86898.09,0.05,11859.24
ORD13270,2023-07-24,Printer,Office Supplies,North,Punjab,Corporate,3,13711.83,37021.94,0.1,7615.3
ORD13271,2024-03-13,Laptop,Electronics,West,Gujarat,Small Business,5,48237.07,192948.27,0.2,25003.89
ORD13272,2024-03-23,Notebook,Office Supplies,West,Maharashtra,Small Business,3,382.03,1031.48,0.1,225.4
ORD13273,2023-04-19,Keyboard,Electronics,South,Karnataka,Small Business,5,2011.83,9053.22,0.1,1372.19
ORD13274,2024-10-05,Notebook,Office Supplies,East,Bihar,Small Business,1,308.12,308.12,0.0,60.81
ORD13275,2023-05-30,Tablet,Electronics,North,Delhi,Consumer,4,21917.68,83287.18,0.05,11316.39
ORD13276,2024-03-05,Headphones,Electronics,South,Tamil Nadu,Consumer,3,3479.1,10437.3,0.0,1409.64
ORD13277,2025-03-05,Notebook,Office Supplies,North,Haryana,Consumer,1,343.43,309.09,0.1,64.35
ORD13278,2024-10-22,Keyboard,Electronics,North,Haryana,Consumer,4,1726.98,5871.73,0.15,714.41
ORD13279,2023-09-28,Mouse,Electronics,North,Haryana,Consumer,4,923.98,3511.13,0.05,442.38
ORD13280,2023-03-27,Keyboard,Electronics,North,Delhi,Corporate,1,1437.91,1222.22,0.15,174.54
ORD13281,2025-03-06,Keyboard,Electronics,North,Punjab,Small Business,3,1899.85,5699.55,0.0,667.83
ORD13282,2023-09-19,Tablet,Electronics,North,Punjab,Consumer,5,25116.0,113021.98,0.1,15228.57
ORD13283,2025-05-22,Monitor,Electronics,North,Punjab,Corporate,3,16241.57,48724.72,0.0,6328.05
ORD13284,2025-02-28,Backpack,Accessories,North,Haryana,Small Business,3,1733.14,5199.42,0.0,1147.27
ORD13285,2024-08-25,Printer,Office Supplies,West,Gujarat,Corporate,4,13730.4,52175.51,0.05,10690.32
ORD13286,2024-07-26,Office Chair,Furniture,West,Gujarat,Consumer,2,10085.97,18154.74,0.1,3159.93
ORD13287,2024-09-12,Tablet,Electronics,West,Rajasthan,Corporate,1,23622.45,21260.21,0.1,2980.52
ORD13288,2025-08-22,Mouse,Electronics,West,Gujarat,Consumer,4,887.72,3018.26,0.15,457.98
ORD13289,2025-04-19,Office Chair,Furniture,West,Rajasthan,Corporate,4,7767.4,26409.16,0.15,4339.78
ORD13290,2024-12-16,Smartphone,Electronics,East,West Bengal,Consumer,5,27805.84,132077.74,0.05,18564.83
ORD13291,2024-04-29,Keyboard,Electronics,South,Tamil Nadu,Consumer,2,1738.12,3128.62,0.1,427.25
ORD13292,2023-03-04,Notebook,Office Supplies,North,Haryana,Consumer,1,329.36,279.96,0.15,59.94
ORD13293,2023-02-14,Keyboard,Electronics,East,Odisha,Consumer,5,1857.74,9288.72,0.0,1225.27
ORD13294,2025-02-08,Laptop,Electronics,East,West Bengal,Consumer,1,55581.78,50023.6,0.1,7530.61
ORD13295,2025-11-26,Backpack,Accessories,East,West Bengal,Consumer,2,1703.24,3065.84,0.1,576.06
ORD13296,2025-03-20,Monitor,Electronics,East,West Bengal,Corporate,5,14905.35,67074.05,0.1,9021.56
ORD13297,2025-07-27,Backpack,Accessories,West,Maharashtra,Consumer,2,1804.72,3609.45,0.0,804.97
ORD13298,2025-03-21,Smartphone,Electronics,West,Maharashtra,Consumer,5,31336.25,148847.2,0.05,15601.07
ORD13299,2024-11-22,Laptop,Electronics,South,Karnataka,Corporate,2,50688.44,101376.87,0.0,13934.29
ORD13300,2024-04-01,Office Chair,Furniture,South,Telangana,Corporate,2,8330.68,14995.23,0.1,2585.56
ORD13301,2025-09-05,Keyboard,Electronics,West,Gujarat,Small Business,2,1866.13,3172.42,0.15,369.95
ORD13302,2024-01-28,Printer,Office Supplies,West,Gujarat,Consumer,3,14801.36,44404.07,0.0,9287.28
ORD13303,2024-07-29,Headphones,Electronics,South,Tamil Nadu,Consumer,4,3723.16,13403.37,0.1,1569.55
ORD13304,2023-01-23,Headphones,Electronics,West,Maharashtra,Consumer,1,3054.94,2596.7,0.15,353.66
ORD13305,2025-02-20,Office Chair,Furniture,West,Rajasthan,Corporate,3,7829.12,23487.37,0.0,4320.16
ORD13306,2023-05-09,Monitor,Electronics,East,West Bengal,Consumer,2,16150.22,29070.4,0.1,3927.66
ORD13307,2024-02-05,Desk,Furniture,East,Bihar,Consumer,2,11370.44,22740.89,0.0,4606.66
ORD13308,2024-10-03,Printer,Office Supplies,West,Gujarat,Consumer,1,12937.46,11643.71,0.1,2855.44
ORD13309,2025-12-12,Headphones,Electronics,West,Rajasthan,Consumer,1,3493.41,2969.4,0.15,264.22
ORD13310,2023-10-31,Laptop,Electronics,West,Maharashtra,Corporate,3,53821.92,161465.75,0.0,24465.03
ORD13311,2024-06-20,Notebook,Office Supplies,East,West Bengal,Consumer,1,373.01,373.01,0.0,82.78
ORD13312,2024-01-26,Smartphone,Electronics,South,Telangana,Small Business,5,30381.12,151905.61,0.0,24943.21
ORD13313,2025-01-16,Monitor,Electronics,South,Karnataka,Consumer,2,17143.65,27429.85,0.2,3328.26
ORD13314,2025-07-23,Laptop,Electronics,East,Odisha,Consumer,5,52929.29,251414.11,0.05,36982.89
ORD13315,2023-10-17,Tablet,Electronics,South,Tamil Nadu,Corporate,1,25986.08,23387.47,0.1,3358.03
ORD13316,2023-09-28,Keyboard,Electronics,North,Delhi,Corporate,4,1787.55,7150.21,0.0,1235.41
ORD13317,2023-04-25,Notebook,Office Supplies,East,Bihar,Consumer,3,339.43,865.54,0.15,187.46
ORD13318,2025-06-09,Printer,Office Supplies,South,Karnataka,Consumer,4,14354.44,54546.88,0.05,12477.0
ORD13319,2024-04-18,Desk,Furniture,South,Karnataka,Consumer,4,12854.09,51416.38,0.0,9113.4
ORD13320,2023-11-09,Monitor,Electronics,West,Maharashtra,Corporate,5,14670.7,66018.17,0.1,9371.57
ORD13321,2025-11-07,Tablet,Electronics,South,Telangana,Small Business,5,24446.7,122233.51,0.0,17554.05
ORD13322,2024-11-07,Printer,Office Supplies,West,Maharashtra,Corporate,3,13992.87,37780.74,0.1,7094.19
ORD13323,2023-05-22,Mouse,Electronics,East,Odisha,Corporate,2,917.6,1559.93,0.15,180.68
ORD13324,2024-11-20,Tablet,Electronics,West,Gujarat,Corporate,1,22370.26,19014.72,0.15,2893.61
ORD13325,2024-02-14,Office Chair,Furniture,East,Bihar,Consumer,1,8504.48,8504.48,0.0,1602.95
ORD13326,2025-10-24,Monitor,Electronics,South,Tamil Nadu,Consumer,2,17456.39,31421.5,0.1,3570.25
ORD13327,2024-05-21,Keyboard,Electronics,East,Odisha,Consumer,1,2012.76,2012.76,0.0,315.29
ORD13328,2024-04-16,Smartphone,Electronics,East,West Bengal,Corporate,3,29080.92,78518.49,0.1,10787.42
ORD13329,2023-07-16,Backpack,Accessories,West,Rajasthan,Consumer,4,1732.3,5889.83,0.15,1045.02
ORD13330,2024-05-16,Office Chair,Furniture,South,Karnataka,Small Business,4,8837.51,35350.02,0.0,5209.8
ORD13331,2025-01-10,Notebook,Office Supplies,North,Delhi,Consumer,1,379.38,341.44,0.1,67.4
ORD13332,2024-08-29,Office Chair,Furniture,North,Haryana,Consumer,4,9721.04,34995.75,0.1,5410.69
ORD13333,2023-11-20,Backpack,Accessories,West,Maharashtra,Corporate,1,1813.39,1541.38,0.15,309.8
ORD13334,2024-12-09,Keyboard,Electronics,West,Gujarat,Small Business,1,1750.15,1575.14,0.1,219.4
ORD13335,2023-04-05,Keyboard,Electronics,West,Maharashtra,Consumer,4,1783.2,6419.51,0.1,924.87
ORD13336,2023-03-08,Monitor,Electronics,North,Delhi,Corporate,5,15243.41,72406.22,0.05,10855.19
ORD13337,2024-07-25,Desk,Furniture,East,Bihar,Corporate,5,13660.76,54643.04,0.2,9548.79
ORD13338,2025-12-08,Office Chair,Furniture,East,Bihar,Corporate,4,8853.01,35412.05,0.0,5371.18
ORD13339,2024-01-28,Monitor,Electronics,West,Rajasthan,Corporate,2,15517.95,31035.9,0.0,5142.31
ORD13340,2023-06-07,Monitor,Electronics,West,Rajasthan,Consumer,1,15779.25,14201.32,0.1,2192.33
ORD13341,2024-12-10,Keyboard,Electronics,West,Maharashtra,Corporate,5,1473.98,6632.92,0.1,811.48
ORD13342,2023-05-31,Monitor,Electronics,South,Telangana,Small Business,4,12536.83,45132.57,0.1,6473.92
ORD13343,2024-04-15,Tablet,Electronics,East,Bihar,Consumer,5,25905.95,116576.8,0.1,13065.01
ORD13344,2025-03-21,Laptop,Electronics,East,Bihar,Consumer,5,45467.22,193235.68,0.15,21712.98
ORD13345,2024-08-21,Office Chair,Furniture,West,Rajasthan,Consumer,5,9747.63,48738.17,0.0,7946.28
ORD13346,2025-06-07,Headphones,Electronics,West,Maharashtra,Small Business,2,3738.1,6354.77,0.15,824.97
ORD13347,2025-06-20,Headphones,Electronics,East,Bihar,Small Business,2,3997.86,7995.71,0.0,879.56
ORD13348,2023-08-24,Headphones,Electronics,East,Bihar,Corporate,1,3455.92,3283.13,0.05,454.85
ORD13349,2023-05-20,Smartphone,Electronics,East,West Bengal,Consumer,2,28549.74,45679.58,0.2,5725.22
ORD13350,2024-08-07,Laptop,Electronics,South,Karnataka,Small Business,5,53685.14,268425.7,0.0,35200.03
ORD13351,2023-07-13,Headphones,Electronics,West,Gujarat,Corporate,3,3433.61,9270.74,0.1,1422.74
ORD13352,2024-03-06,Smartphone,Electronics,North,Delhi,Consumer,5,27646.05,138230.25,0.0,18338.41
ORD13353,2025-09-23,Printer,Office Supplies,South,Tamil Nadu,Consumer,4,15160.12,51544.41,0.15,9119.71
ORD13354,2024-08-02,Office Chair,Furniture,East,West Bengal,Corporate,2,7988.59,15178.32,0.05,2883.23
ORD13355,2025-06-28,Headphones,Electronics,North,Delhi,Corporate,1,2936.47,2936.47,0.0,314.31
ORD13356,2024-10-05,Tablet,Electronics,North,Punjab,Consumer,5,23541.46,105936.56,0.1,13273.6
ORD13357,2025-12-19,Printer,Office Supplies,South,Telangana,Consumer,3,14443.05,43329.14,0.0,8959.42
ORD13358,2023-07-16,Keyboard,Electronics,North,Haryana,Corporate,5,1698.17,8490.86,0.0,1159.39
ORD13359,2023-12-21,Headphones,Electronics,North,Punjab,Consumer,3,3397.69,10193.08,0.0,1530.53
ORD13360,2025-11-30,Tablet,Electronics,North,Haryana,Corporate,1,21158.14,21158.14,0.0,3172.34
ORD13361,2023-04-04,Notebook,Office Supplies,South,Telangana,Small Business,3,393.59,1121.73,0.05,238.49
ORD13362,2024-02-22,Office Chair,Furniture,South,Telangana,Consumer,3,9348.74,28046.22,0.0,5416.58
ORD13363,2025-11-28,Printer,Office Supplies,East,Bihar,Small Business,1,13921.53,13225.45,0.05,2629.52
ORD13364,2024-06-02,Desk,Furniture,East,Odisha,Consumer,2,12174.49,24348.98,0.0,4892.6
ORD13365,2025-08-21,Backpack,Accessories,South,Tamil Nadu,Consumer,2,1743.41,2789.45,0.2,491.71
ORD13366,2023-03-08,Notebook,Office Supplies,North,Delhi,Consumer,2,363.35,654.03,0.1,138.54
ORD13367,2025-03-15,Keyboard,Electronics,North,Haryana,Consumer,5,2039.55,9177.97,0.1,1241.27
ORD13368,2024-04-02,Office Chair,Furniture,South,Tamil Nadu,Consumer,5,7766.95,36893.04,0.05,6416.96
ORD13369,2024-08-07,Tablet,Electronics,South,Telangana,Consumer,3,18821.3,47994.3,0.15,5212.14
ORD13370,2023-10-02,Laptop,Electronics,South,Tamil Nadu,Consumer,3,48603.93,145811.8,0.0,18878.41
ORD13371,2025-10-04,Backpack,Accessories,West,Rajasthan,Corporate,4,1871.23,7110.68,0.05,1521.4
ORD13372,2024-01-07,Mouse,Electronics,East,West Bengal,Small Business,3,896.89,2690.67,0.0,416.29
ORD13373,2024-11-28,Keyboard,Electronics,South,Telangana,Corporate,2,1627.32,3091.91,0.05,388.48
ORD13374,2025-03-19,Printer,Office Supplies,East,Odisha,Small Business,5,12744.08,63720.41,0.0,13882.54
ORD13375,2023-07-30,Office Chair,Furniture,South,Tamil Nadu,Consumer,1,7834.28,6659.14,0.15,1130.61
ORD13376,2023-04-29,Laptop,Electronics,West,Rajasthan,Consumer,5,49131.25,221090.62,0.1,28100.78
ORD13377,2024-05-14,Mouse,Electronics,North,Haryana,Consumer,2,848.66,1442.72,0.15,229.21
ORD13378,2025-07-09,Mouse,Electronics,North,Delhi,Corporate,5,927.58,4174.09,0.1,536.2
ORD13379,2024-04-19,Office Chair,Furniture,South,Karnataka,Consumer,5,8102.56,40512.79,0.0,8008.58
ORD13380,2023-12-15,Printer,Office Supplies,West,Rajasthan,Corporate,5,15460.01,65705.03,0.15,15322.22
ORD13381,2024-07-22,Smartphone,Electronics,West,Gujarat,Consumer,1,29372.81,26435.53,0.1,3714.08
ORD13382,2023-04-02,Office Chair,Furniture,West,Gujarat,Consumer,3,8152.71,24458.12,0.0,4870.46
ORD13383,2024-10-20,Mouse,Electronics,South,Telangana,Corporate,1,931.55,791.82,0.15,113.13
ORD13384,2023-12-15,Laptop,Electronics,North,Delhi,Consumer,5,48814.91,244074.53,0.0,35376.59
ORD13385,2023-09-15,Notebook,Office Supplies,West,Rajasthan,Small Business,2,312.14,593.06,0.05,140.56
ORD13386,2023-11-24,Monitor,Electronics,North,Haryana,Consumer,2,15587.29,31174.57,0.0,3818.27
ORD13387,2023-01-20,Smartphone,Electronics,South,Karnataka,Consumer,1,27872.17,23691.35,0.15,3659.42
ORD13388,2023-12-05,Notebook,Office Supplies,South,Telangana,Corporate,5,357.78,1788.89,0.0,382.33
ORD13389,2024-02-12,Laptop,Electronics,South,Karnataka,Consumer,5,62385.5,249542.0,0.2,27131.35
ORD13390,2023-07-13,Mouse,Electronics,East,West Bengal,Small Business,1,995.87,946.07,0.05,101.0
ORD13391,2025-09-13,Headphones,Electronics,West,Gujarat,Corporate,2,3542.79,7085.58,0.0,992.64
ORD13392,2023-08-21,Laptop,Electronics,West,Maharashtra,Consumer,4,48602.38,165248.1,0.15,20945.58
ORD13393,2025-02-02,Mouse,Electronics,North,Delhi,Corporate,4,923.2,3508.17,0.05,452.83
ORD13394,2023-05-14,Backpack,Accessories,North,Delhi,Consumer,4,1581.42,6325.66,0.0,1254.91
ORD13395,2025-04-25,Smartphone,Electronics,North,Punjab,Corporate,1,25485.22,24210.96,0.05,3517.23
ORD13396,2024-02-28,Desk,Furniture,East,West Bengal,Consumer,1,12593.11,11963.45,0.05,2234.66
ORD13397,2025-08-25,Notebook,Office Supplies,South,Telangana,Small Business,5,357.5,1519.36,0.15,287.06
ORD13398,2025-04-10,Monitor,Electronics,East,Bihar,Corporate,2,15186.3,27335.34,0.1,3354.75
ORD13399,2024-10-18,Office Chair,Furniture,North,Punjab,Consumer,4,8033.97,30529.1,0.05,5117.09
ORD13400,2023-09-01,Mouse,Electronics,South,Karnataka,Corporate,5,992.29,4217.23,0.15,560.45
ORD13401,2025-10-05,Backpack,Accessories,West,Gujarat,Small Business,2,1836.76,3673.52,0.0,842.61
ORD13402,2024-11-14,Headphones,Electronics,East,Bihar,Corporate,5,3420.91,15394.1,0.1,2126.79
ORD13403,2025-11-30,Notebook,Office Supplies,North,Delhi,Consumer,3,368.24,1104.73,0.0,248.18
ORD13404,2024-03-19,Monitor,Electronics,North,Haryana,Small Business,2,16617.42,28249.61,0.15,3487.5
ORD13405,2023-08-15,Mouse,Electronics,North,Haryana,Small Business,3,908.43,2589.04,0.05,389.3
ORD13406,2024-07-30,Headphones,Electronics,West,Gujarat,Consumer,1,3740.55,3740.55,0.0,621.22
ORD13407,2023-09-26,Monitor,Electronics,North,Punjab,Small Business,4,14525.41,55196.55,0.05,7898.21
ORD13408,2025-08-17,Tablet,Electronics,North,Punjab,Consumer,1,23438.89,22266.94,0.05,3324.28
ORD13409,2023-05-03,Mouse,Electronics,West,Rajasthan,Corporate,2,943.96,1699.13,0.1,199.98
ORD13410,2025-01-17,Laptop,Electronics,South,Tamil Nadu,Small Business,2,56303.68,106976.99,0.05,10834.67
ORD13411,2023-01-21,Backpack,Accessories,West,Maharashtra,Corporate,5,1440.64,6122.72,0.15,1033.35
ORD13412,2023-03-21,Keyboard,Electronics,South,Telangana,Consumer,4,1665.55,5995.98,0.1,875.92
ORD13413,2024-01-18,Keyboard,Electronics,South,Tamil Nadu,Consumer,4,1578.34,6313.37,0.0,915.74
ORD13414,2023-09-04,Backpack,Accessories,North,Haryana,Consumer,5,1478.24,6652.09,0.1,1368.75
ORD13415,2025-07-17,Tablet,Electronics,South,Karnataka,Consumer,3,23088.22,58874.97,0.15,6518.97
ORD13416,2024-08-24,Backpack,Accessories,South,Karnataka,Consumer,4,1965.81,7076.91,0.1,1353.07
ORD13417,2023-02-03,Tablet,Electronics,South,Telangana,Corporate,3,25103.54,71545.08,0.05,10556.38
ORD13418,2025-01-25,Notebook,Office Supplies,East,Odisha,Consumer,5,348.6,1655.86,0.05,371.52
ORD13419,2025-07-08,Monitor,Electronics,West,Gujarat,Consumer,1,16156.77,14541.09,0.1,2000.83
ORD13420,2025-07-14,Keyboard,Electronics,South,Karnataka,Corporate,3,1579.57,4738.7,0.0,635.63
ORD13421,2025-06-19,Printer,Office Supplies,West,Maharashtra,Small Business,3,14269.54,38527.77,0.1,8342.13
ORD13422,2023-10-30,Printer,Office Supplies,East,Bihar,Corporate,5,13824.67,65667.2,0.05,14308.91
ORD13423,2024-10-24,Printer,Office Supplies,West,Gujarat,Consumer,1,14198.61,12778.75,0.1,2691.18
ORD13424,2025-04-10,Monitor,Electronics,South,Telangana,Small Business,3,16413.12,41853.45,0.15,6471.23
ORD13425,2025-04-04,Notebook,Office Supplies,East,Bihar,Consumer,2,342.07,615.72,0.1,121.33
ORD13426,2023-02-13,Smartphone,Electronics,North,Delhi,Corporate,3,23667.44,63902.09,0.1,8388.74
ORD13427,2023-08-25,Printer,Office Supplies,South,Karnataka,Consumer,2,14328.48,25791.27,0.1,5565.79
ORD13428,2025-07-23,Monitor,Electronics,South,Tamil Nadu,Consumer,2,13786.39,26194.14,0.05,3352.89
ORD13429,2025-10-03,Tablet,Electronics,South,Tamil Nadu,Small Business,4,24913.63,94671.79,0.05,14304.98
ORD13430,2024-05-02,Desk,Furniture,North,Haryana,Consumer,4,10530.98,42123.93,0.0,8752.18
ORD13431,2025-11-25,Smartphone,Electronics,North,Haryana,Consumer,5,27707.35,110829.42,0.2,13434.0
ORD13432,2023-10-02,Notebook,Office Supplies,East,Bihar,Small Business,3,357.87,966.24,0.1,218.83
ORD13433,2025-12-12,Laptop,Electronics,West,Maharashtra,Corporate,4,50541.28,192056.85,0.05,25725.09
ORD13434,2023-04-09,Mouse,Electronics,East,Bihar,Corporate,3,1011.75,2883.48,0.05,473.31
ORD13435,2025-11-29,Tablet,Electronics,South,Tamil Nadu,Corporate,2,20197.33,40394.66,0.0,6983.86
ORD13436,2025-07-03,Backpack,Accessories,East,Odisha,Corporate,4,1966.72,7866.89,0.0,1604.91
ORD13437,2024-07-26,Printer,Office Supplies,North,Haryana,Corporate,1,15047.13,13542.42,0.1,2530.17
ORD13438,2024-04-16,Backpack,Accessories,East,Bihar,Consumer,2,1565.26,2973.99,0.05,578.4
ORD13439,2023-11-29,Office Chair,Furniture,North,Haryana,Corporate,5,8857.97,35431.89,0.2,5549.4
ORD13440,2025-04-17,Notebook,Office Supplies,West,Rajasthan,Consumer,3,348.45,993.08,0.05,212.01
ORD13441,2025-12-30,Keyboard,Electronics,East,West Bengal,Small Business,1,1925.01,1732.51,0.1,222.48
ORD13442,2024-12-05,Notebook,Office Supplies,East,Bihar,Consumer,3,378.59,1022.21,0.1,213.14
ORD13443,2023-10-12,Backpack,Accessories,West,Maharashtra,Small Business,2,1748.85,3322.81,0.05,632.46
ORD13444,2024-04-26,Office Chair,Furniture,West,Gujarat,Corporate,2,7230.57,13738.08,0.05,2332.53
ORD13445,2025-12-31,Notebook,Office Supplies,West,Maharashtra,Consumer,5,332.41,1495.86,0.1,351.42
ORD13446,2025-08-15,Laptop,Electronics,East,Bihar,Consumer,4,54858.13,197489.27,0.1,20838.76
ORD13447,2025-07-12,Keyboard,Electronics,North,Haryana,Corporate,3,1868.85,5606.55,0.0,679.96
ORD13448,2024-06-15,Tablet,Electronics,North,Delhi,Consumer,3,22267.35,63461.95,0.05,10519.76
ORD13449,2025-10-10,Keyboard,Electronics,East,West Bengal,Consumer,5,2046.97,9723.13,0.05,1482.53
ORD13450,2025-05-03,Monitor,Electronics,North,Delhi,Consumer,5,13658.64,58049.21,0.15,8583.06
ORD13451,2025-04-27,Laptop,Electronics,South,Tamil Nadu,Small Business,5,46849.37,222534.51,0.05,33380.72
ORD13452,2024-08-20,Headphones,Electronics,South,Telangana,Corporate,1,3452.66,3452.66,0.0,491.94
ORD13453,2023-05-29,Mouse,Electronics,South,Tamil Nadu,Corporate,4,897.44,3410.28,0.05,467.87
ORD13454,2025-05-04,Desk,Furniture,South,Karnataka,Consumer,3,11536.98,31149.85,0.1,4363.94
ORD13455,2023-03-08,Printer,Office Supplies,North,Delhi,Consumer,5,14279.47,64257.61,0.1,14254.24
ORD13456,2025-08-07,Printer,Office Supplies,South,Tamil Nadu,Corporate,1,14948.29,14948.29,0.0,3347.66
ORD13457,2025-05-10,Laptop,Electronics,West,Maharashtra,Consumer,3,59238.29,168829.13,0.05,25938.12
ORD13458,2024-04-02,Backpack,Accessories,East,Bihar,Consumer,5,1859.44,8367.46,0.1,1372.61
ORD13459,2024-11-29,Keyboard,Electronics,South,Tamil Nadu,Consumer,2,1607.47,3054.2,0.05,389.71
ORD13460,2025-06-15,Backpack,Accessories,West,Rajasthan,Small Business,3,1818.07,5181.49,0.05,817.61
ORD13461,2025-11-26,Smartphone,Electronics,West,Rajasthan,Consumer,2,28969.2,49247.64,0.15,6368.5
ORD13462,2025-01-10,Monitor,Electronics,North,Punjab,Corporate,2,16380.29,29484.52,0.1,4124.51
ORD13463,2024-04-20,Backpack,Accessories,West,Gujarat,Consumer,3,1723.06,4393.8,0.15,827.74
ORD13464,2025-08-12,Backpack,Accessories,East,Odisha,Consumer,2,1753.57,3156.43,0.1,617.72
ORD13465,2024-10-19,Monitor,Electronics,West,Gujarat,Consumer,2,16585.55,29853.99,0.1,3889.72
ORD13466,2024-09-23,Desk,Furniture,South,Tamil Nadu,Corporate,1,11978.82,11379.88,0.05,2218.24
ORD13467,2023-10-05,Smartphone,Electronics,North,Haryana,Corporate,5,26449.99,132249.94,0.0,13204.34
ORD13468,2025-01-16,Desk,Furniture,South,Karnataka,Consumer,3,12770.6,32565.03,0.15,5133.84
ORD13469,2023-04-03,Keyboard,Electronics,North,Delhi,Corporate,4,1717.81,6184.13,0.1,782.29
ORD13470,2025-03-22,Desk,Furniture,North,Punjab,Corporate,2,11596.68,23193.36,0.0,4215.86
ORD13471,2024-12-21,Notebook,Office Supplies,East,Odisha,Corporate,1,357.2,339.34,0.05,72.31
ORD13472,2024-05-22,Printer,Office Supplies,East,West Bengal,Consumer,1,11873.81,10686.43,0.1,2486.92
ORD13473,2024-03-31,Mouse,Electronics,East,West Bengal,Corporate,5,787.62,3938.08,0.0,558.99
ORD13474,2023-05-01,Office Chair,Furniture,West,Rajasthan,Consumer,3,8504.6,25513.79,0.0,4446.06
ORD13475,2025-03-05,Desk,Furniture,West,Gujarat,Small Business,2,12290.48,22122.86,0.1,4183.21
ORD13476,2025-04-17,Backpack,Accessories,East,West Bengal,Consumer,2,1664.13,2995.44,0.1,541.63
ORD13477,2025-09-08,Office Chair,Furniture,South,Telangana,Corporate,2,8497.33,15295.19,0.1,2501.66
ORD13478,2024-01-28,Monitor,Electronics,East,West Bengal,Small Business,5,14389.97,68352.34,0.05,9654.72
ORD13479,2025-10-29,Backpack,Accessories,North,Haryana,Consumer,1,1896.58,1896.58,0.0,380.36
ORD13480,2025-01-02,Office Chair,Furniture,North,Haryana,Consumer,3,8773.89,23689.51,0.1,4150.14
ORD13481,2024-11-30,Notebook,Office Supplies,North,Delhi,Consumer,2,336.7,639.73,0.05,139.52
ORD13482,2025-11-29,Keyboard,Electronics,South,Tamil Nadu,Corporate,2,1668.4,3003.12,0.1,403.6
ORD13483,2025-12-11,Smartphone,Electronics,North,Punjab,Consumer,1,30462.03,27415.83,0.1,4044.5
ORD13484,2023-02-10,Notebook,Office Supplies,South,Telangana,Corporate,2,389.13,661.52,0.15,150.13
ORD13485,2025-11-20,Keyboard,Electronics,South,Karnataka,Small Business,1,1703.93,1448.34,0.15,176.08
ORD13486,2023-11-18,Notebook,Office Supplies,East,Odisha,Small Business,4,347.03,1388.13,0.0,280.28
ORD13487,2025-02-10,Notebook,Office Supplies,North,Punjab,Consumer,1,332.04,265.63,0.2,56.81
ORD13488,2024-12-31,Monitor,Electronics,East,Odisha,Consumer,3,13634.06,40902.19,0.0,5957.6
ORD13489,2025-12-09,Notebook,Office Supplies,North,Delhi,Consumer,3,361.65,922.21,0.15,193.19
ORD13490,2025-11-19,Laptop,Electronics,North,Punjab,Consumer,3,51872.07,140054.6,0.1,20794.34
ORD13491,2023-01-17,Notebook,Office Supplies,East,Bihar,Corporate,5,334.63,1505.83,0.1,278.53
ORD13492,2025-01-04,Printer,Office Supplies,South,Telangana,Consumer,3,12796.1,36468.88,0.05,7597.07
ORD13493,2025-01-02,Backpack,Accessories,North,Haryana,Consumer,1,1904.95,1619.2,0.15,305.68
ORD13494,2025-11-01,Printer,Office Supplies,South,Tamil Nadu,Corporate,3,14139.18,38175.8,0.1,8027.39
ORD13495,2023-08-29,Mouse,Electronics,West,Gujarat,Small Business,3,790.82,2016.59,0.15,212.59
ORD13496,2025-06-12,Printer,Office Supplies,North,Punjab,Consumer,5,15453.39,61813.55,0.2,13306.59
ORD13497,2023-03-13,Headphones,Electronics,North,Delhi,Corporate,4,3276.14,11138.86,0.15,1253.45
ORD13498,2023-08-07,Office Chair,Furniture,East,Odisha,Corporate,1,8556.88,8129.03,0.05,1310.51
ORD13499,2023-10-25,Monitor,Electronics,South,Telangana,Consumer,3,14874.53,44623.6,0.0,6714.02
ORD13500,2024-06-27,Office Chair,Furniture,West,Maharashtra,Corporate,3,9414.19,26830.44,0.05,5067.03
ORD13501,2025-01-20,Keyboard,Electronics,North,Punjab,Consumer,2,1775.53,3195.95,0.1,470.79
ORD13502,2023-05-30,Tablet,Electronics,West,Maharashtra,Consumer,1,24468.12,20797.9,0.15,2969.08
ORD13503,2023-04-27,Backpack,Accessories,South,Tamil Nadu,Corporate,2,1694.33,3049.8,0.1,575.63
ORD13504,2024-02-05,Tablet,Electronics,East,Bihar,Corporate,1,25155.53,22639.97,0.1,2793.33
ORD13505,2025-03-10,Keyboard,Electronics,West,Gujarat,Consumer,5,1680.28,8401.38,0.0,1122.1
ORD13506,2025-01-22,Notebook,Office Supplies,North,Punjab,Corporate,3,366.64,1044.94,0.05,252.82
ORD13507,2025-04-17,Printer,Office Supplies,North,Haryana,Small Business,1,15670.83,13320.21,0.15,2425.55
ORD13508,2025-06-21,Notebook,Office Supplies,East,Bihar,Consumer,4,312.85,1063.68,0.15,211.59
ORD13509,2023-12-08,Laptop,Electronics,South,Tamil Nadu,Consumer,4,49363.48,177708.54,0.1,21941.69
ORD13510,2024-01-26,Desk,Furniture,North,Haryana,Consumer,3,11597.76,31313.95,0.1,5356.07
ORD13511,2023-10-29,Mouse,Electronics,North,Punjab,Consumer,5,833.96,4169.81,0.0,565.92
ORD13512,2024-03-07,Printer,Office Supplies,East,West Bengal,Corporate,4,14427.37,49053.07,0.15,9472.86
ORD13513,2023-02-16,Headphones,Electronics,East,Odisha,Consumer,5,3553.62,15991.28,0.1,2098.49
ORD13514,2024-07-30,Printer,Office Supplies,West,Maharashtra,Consumer,2,15382.8,29227.32,0.05,7160.9
ORD13515,2025-10-30,Tablet,Electronics,East,West Bengal,Consumer,1,21971.37,18675.67,0.15,2696.87
ORD13516,2023-05-11,Headphones,Electronics,South,Tamil Nadu,Small Business,4,3632.4,14529.6,0.0,1819.69
ORD13517,2024-06-08,Notebook,Office Supplies,West,Maharashtra,Consumer,3,317.95,858.46,0.1,184.49
ORD13518,2023-06-25,Printer,Office Supplies,West,Maharashtra,Corporate,3,14206.46,40488.41,0.05,8264.33
ORD13519,2025-12-19,Headphones,Electronics,West,Rajasthan,Corporate,2,3031.26,5153.14,0.15,668.58
ORD13520,2023-11-04,Tablet,Electronics,North,Delhi,Consumer,3,26417.1,71326.17,0.1,11104.64
ORD13521,2023-06-13,Office Chair,Furniture,East,West Bengal,Consumer,4,7852.75,28269.91,0.1,4680.48
ORD13522,2023-09-28,Monitor,Electronics,North,Punjab,Small Business,2,11643.8,18630.09,0.2,2367.8
ORD13523,2025-02-15,Tablet,Electronics,South,Tamil Nadu,Corporate,4,22639.96,90559.84,0.0,14311.98
ORD13524,2024-05-08,Monitor,Electronics,South,Telangana,Small Business,3,14725.46,44176.37,0.0,6034.49
ORD13525,2024-01-29,Laptop,Electronics,South,Tamil Nadu,Corporate,2,54208.37,102995.91,0.05,14862.13
ORD13526,2025-10-29,Monitor,Electronics,West,Maharashtra,Small Business,5,17198.4,85992.02,0.0,13330.18
ORD13527,2024-07-07,Keyboard,Electronics,West,Gujarat,Consumer,5,1791.3,7613.01,0.15,1135.79
ORD13528,2023-03-22,Desk,Furniture,West,Maharashtra,Corporate,2,11672.65,23345.3,0.0,4036.82
ORD13529,2024-06-29,Smartphone,Electronics,West,Rajasthan,Small Business,4,26937.19,102361.31,0.05,14424.48
ORD13530,2023-11-12,Monitor,Electronics,East,Odisha,Corporate,4,15623.27,56243.76,0.1,7336.56
ORD13531,2024-03-26,Smartphone,Electronics,West,Maharashtra,Consumer,4,24984.86,89945.51,0.1,10691.31
ORD13532,2024-01-01,Office Chair,Furniture,North,Punjab,Small Business,5,6814.87,34074.33,0.0,6811.35
ORD13533,2023-08-05,Keyboard,Electronics,West,Maharashtra,Corporate,1,1644.71,1562.47,0.05,223.89
ORD13534,2025-02-19,Notebook,Office Supplies,South,Karnataka,Small Business,2,348.9,628.02,0.1,142.86
ORD13535,2024-09-21,Desk,Furniture,South,Tamil Nadu,Corporate,1,11702.43,11702.43,0.0,2232.79
ORD13536,2023-05-08,Backpack,Accessories,South,Karnataka,Consumer,5,1789.52,8052.84,0.1,1513.22
ORD13537,2025-02-16,Office Chair,Furniture,East,West Bengal,Small Business,5,8474.73,38136.28,0.1,7339.88
ORD13538,2024-03-23,Tablet,Electronics,North,Punjab,Consumer,3,23028.46,65631.12,0.05,8679.51
ORD13539,2025-01-30,Keyboard,Electronics,North,Punjab,Consumer,4,1580.27,5688.96,0.1,756.74
ORD13540,2023-10-26,Backpack,Accessories,East,West Bengal,Corporate,2,1829.05,3292.3,0.1,614.16
ORD13541,2023-07-17,Mouse,Electronics,North,Delhi,Consumer,2,924.55,1664.19,0.1,241.9
ORD13542,2025-10-12,Smartphone,Electronics,South,Tamil Nadu,Corporate,5,29011.37,145056.84,0.0,21322.71
ORD13543,2024-08-23,Desk,Furniture,South,Karnataka,Consumer,4,11357.05,43156.79,0.05,8377.98
ORD13544,2024-01-18,Office Chair,Furniture,North,Haryana,Consumer,2,8910.68,17821.36,0.0,2832.37
ORD13545,2025-02-23,Notebook,Office Supplies,North,Delhi,Corporate,5,325.25,1544.96,0.05,316.4
ORD13546,2025-07-17,Smartphone,Electronics,West,Rajasthan,Consumer,5,24141.01,108634.53,0.1,15626.61
ORD13547,2023-07-06,Office Chair,Furniture,South,Karnataka,Consumer,2,9425.54,17908.52,0.05,2344.3
ORD13548,2025-09-01,Tablet,Electronics,West,Maharashtra,Corporate,1,24644.97,24644.97,0.0,3477.89
ORD13549,2025-09-07,Monitor,Electronics,West,Rajasthan,Consumer,1,13803.0,11042.4,0.2,1368.82
ORD13550,2023-07-10,Backpack,Accessories,West,Maharashtra,Small Business,1,1842.52,1566.14,0.15,295.85
ORD13551,2023-08-03,Mouse,Electronics,West,Gujarat,Corporate,3,908.62,2316.97,0.15,285.94
ORD13552,2025-03-06,Laptop,Electronics,West,Maharashtra,Small Business,2,54151.94,86643.11,0.2,11309.49
ORD13553,2025-11-28,Printer,Office Supplies,East,West Bengal,Corporate,2,16353.99,27801.78,0.15,6547.9
ORD13554,2024-02-03,Keyboard,Electronics,West,Gujarat,Consumer,4,1930.84,7723.34,0.0,953.69
ORD13555,2024-04-13,Desk,Furniture,South,Tamil Nadu,Consumer,3,12091.82,30834.13,0.15,5725.83
ORD13556,2025-11-07,Laptop,Electronics,West,Rajasthan,Consumer,3,56255.92,151890.97,0.1,15940.15
ORD13557,2023-01-13,Headphones,Electronics,North,Punjab,Consumer,3,3483.09,10449.28,0.0,1307.33
ORD13558,2024-12-02,Laptop,Electronics,North,Delhi,Consumer,1,47694.38,45309.66,0.05,5828.23
ORD13559,2025-12-29,Backpack,Accessories,South,Tamil Nadu,Consumer,2,1758.33,3340.82,0.05,721.37
ORD13560,2025-04-12,Monitor,Electronics,West,Gujarat,Small Business,2,14974.01,29948.02,0.0,4047.86
ORD13561,2025-08-05,Backpack,Accessories,North,Punjab,Corporate,3,1792.6,5377.81,0.0,1160.12
ORD13562,2025-11-26,Smartphone,Electronics,North,Haryana,Small Business,3,23183.26,66072.29,0.05,9846.09
ORD13563,2023-09-22,Smartphone,Electronics,North,Delhi,Corporate,5,29393.05,132268.74,0.1,17388.67
ORD13564,2023-10-06,Backpack,Accessories,South,Tamil Nadu,Consumer,5,1747.48,7426.8,0.15,1375.3
ORD13565,2025-07-22,Mouse,Electronics,South,Karnataka,Corporate,2,989.61,1682.34,0.15,233.58
ORD13566,2023-11-02,Office Chair,Furniture,West,Gujarat,Corporate,5,7986.51,35939.31,0.1,5469.58
ORD13567,2024-01-07,Laptop,Electronics,East,Bihar,Consumer,3,53817.44,161452.31,0.0,20249.69
ORD13568,2025-11-19,Keyboard,Electronics,North,Delhi,Consumer,1,1995.9,1995.9,0.0,275.94
ORD13569,2025-11-22,Desk,Furniture,South,Tamil Nadu,Consumer,3,11389.24,30750.95,0.1,5471.74
ORD13570,2023-11-25,Notebook,Office Supplies,East,Odisha,Small Business,5,365.55,1553.58,0.15,331.98
ORD13571,2023-02-03,Smartphone,Electronics,North,Punjab,Consumer,3,28594.4,77204.88,0.1,8215.07
ORD13572,2024-04-25,Notebook,Office Supplies,South,Tamil Nadu,Corporate,2,340.37,578.64,0.15,112.71
ORD13573,2025-01-29,Laptop,Electronics,South,Karnataka,Consumer,3,46080.59,131329.69,0.05,15430.25
ORD13574,2025-01-15,Tablet,Electronics,South,Karnataka,Corporate,1,23753.7,22566.01,0.05,3196.31
ORD13575,2024-11-01,Office Chair,Furniture,North,Punjab,Consumer,4,9901.26,33664.3,0.15,5751.38
ORD13576,2024-03-04,Notebook,Office Supplies,West,Rajasthan,Consumer,2,387.51,736.27,0.05,185.55
ORD13577,2024-01-05,Tablet,Electronics,North,Haryana,Corporate,5,24156.56,108704.52,0.1,15630.07
ORD13578,2025-02-24,Mouse,Electronics,North,Haryana,Consumer,3,1024.48,3073.43,0.0,438.09
ORD13579,2025-10-26,Notebook,Office Supplies,East,Odisha,Small Business,1,364.63,346.4,0.05,63.54
ORD13580,2023-09-29,Mouse,Electronics,West,Gujarat,Small Business,1,885.48,796.93,0.1,106.62
ORD13581,2023-03-10,Smartphone,Electronics,South,Tamil Nadu,Corporate,4,29598.95,112476.02,0.05,12907.57
ORD13582,2024-09-22,Laptop,Electronics,South,Tamil Nadu,Consumer,1,53663.23,50980.07,0.05,8795.36
ORD13583,2025-11-13,Printer,Office Supplies,West,Rajasthan,Consumer,4,14644.08,58576.32,0.0,12420.01
ORD13584,2023-02-20,Tablet,Electronics,South,Karnataka,Consumer,4,23399.03,88916.31,0.05,13446.85
ORD13585,2025-09-17,Monitor,Electronics,West,Rajasthan,Consumer,5,16610.71,70595.5,0.15,9083.1
ORD13586,2025-07-05,Desk,Furniture,East,West Bengal,Consumer,2,11362.3,19315.91,0.15,3185.15
ORD13587,2025-07-03,Headphones,Electronics,East,West Bengal,Consumer,3,3176.99,9530.97,0.0,1343.02
ORD13588,2023-11-15,Office Chair,Furniture,West,Rajasthan,Consumer,2,8870.83,17741.67,0.0,2696.84
ORD13589,2025-11-11,Desk,Furniture,North,Delhi,Small Business,4,12344.25,39501.61,0.2,5748.48
ORD13590,2023-11-28,Headphones,Electronics,North,Punjab,Consumer,2,3609.93,6497.87,0.1,925.07
ORD13591,2024-07-27,Desk,Furniture,North,Delhi,Consumer,4,12232.44,44036.8,0.1,7767.82
ORD13592,2025-11-01,Office Chair,Furniture,South,Telangana,Small Business,5,7933.14,37682.43,0.05,6997.62
ORD13593,2025-09-14,Smartphone,Electronics,East,West Bengal,Consumer,3,25582.74,69073.41,0.1,11012.84
ORD13594,2023-01-26,Headphones,Electronics,East,Odisha,Corporate,2,3702.85,7035.41,0.05,817.29
ORD13595,2024-02-09,Printer,Office Supplies,East,Odisha,Corporate,2,14577.93,26240.27,0.1,5453.02
ORD13596,2025-09-10,Notebook,Office Supplies,West,Maharashtra,Consumer,1,348.09,313.28,0.1,74.94
ORD13597,2023-02-09,Monitor,Electronics,East,Bihar,Small Business,3,16031.98,48095.95,0.0,7181.49
ORD13598,2025-07-28,Monitor,Electronics,East,Bihar,Consumer,2,14902.72,29805.45,0.0,4504.05
ORD13599,2023-01-20,Printer,Office Supplies,South,Karnataka,Corporate,4,12771.82,48532.91,0.05,10564.03
ORD13600,2023-12-01,Headphones,Electronics,West,Rajasthan,Consumer,2,3642.41,7284.83,0.0,1017.51
ORD13601,2024-04-09,Office Chair,Furniture,East,West Bengal,Consumer,3,8761.51,23656.08,0.1,3804.18
ORD13602,2025-12-15,Backpack,Accessories,North,Haryana,Consumer,5,1617.56,7683.43,0.05,1493.31
ORD13603,2023-03-03,Laptop,Electronics,East,West Bengal,Consumer,3,51879.81,140075.49,0.1,20571.25
ORD13604,2024-05-23,Smartphone,Electronics,East,Bihar,Consumer,2,30729.42,55312.95,0.1,7692.25
ORD13605,2025-10-07,Desk,Furniture,South,Karnataka,Consumer,5,11013.5,46807.38,0.15,8443.36
ORD13606,2024-08-06,Laptop,Electronics,West,Maharashtra,Corporate,4,49914.58,179692.5,0.1,23703.18
ORD13607,2023-07-15,Keyboard,Electronics,North,Delhi,Corporate,5,1984.02,9920.1,0.0,1374.11
ORD13608,2025-04-17,Tablet,Electronics,West,Gujarat,Corporate,5,24475.41,104020.5,0.15,15489.42
ORD13609,2023-02-13,Notebook,Office Supplies,South,Telangana,Consumer,3,341.79,974.09,0.05,204.05
ORD13610,2023-10-31,Monitor,Electronics,North,Haryana,Consumer,1,15346.42,14579.1,0.05,1747.9
ORD13611,2024-12-10,Mouse,Electronics,East,West Bengal,Consumer,5,925.97,4166.85,0.1,610.17
ORD13612,2025-04-22,Laptop,Electronics,West,Rajasthan,Small Business,1,56400.13,56400.13,0.0,6485.42
ORD13613,2023-10-21,Monitor,Electronics,East,Bihar,Consumer,1,15198.26,13678.44,0.1,1739.66
ORD13614,2023-10-16,Printer,Office Supplies,East,Odisha,Consumer,4,14638.4,55625.93,0.05,10400.24
ORD13615,2023-10-07,Printer,Office Supplies,South,Karnataka,Corporate,4,14762.01,59048.03,0.0,12825.8
ORD13616,2025-01-19,Laptop,Electronics,East,West Bengal,Corporate,4,50617.94,202471.76,0.0,24603.13
ORD13617,2023-06-05,Notebook,Office Supplies,North,Haryana,Corporate,5,377.72,1888.58,0.0,397.58
ORD13618,2025-01-07,Headphones,Electronics,North,Punjab,Consumer,5,3332.65,15830.1,0.05,2249.61
ORD13619,2025-02-14,Headphones,Electronics,East,Bihar,Consumer,3,2855.7,8138.75,0.05,1325.37
ORD13620,2025-10-11,Desk,Furniture,East,Bihar,Corporate,1,13594.0,12234.6,0.1,1930.91
ORD13621,2023-10-04,Printer,Office Supplies,East,Odisha,Consumer,4,14575.13,55385.49,0.05,13345.02
ORD13622,2023-10-02,Office Chair,Furniture,West,Rajasthan,Consumer,2,8944.05,16099.3,0.1,2825.96
ORD13623,2024-02-28,Keyboard,Electronics,East,Odisha,Small Business,5,1901.15,9505.74,0.0,1352.44
ORD13624,2023-11-06,Backpack,Accessories,South,Karnataka,Corporate,3,1746.22,4976.72,0.05,939.66
ORD13625,2025-01-06,Mouse,Electronics,South,Telangana,Corporate,5,889.83,4449.14,0.0,553.95
ORD13626,2023-03-11,Monitor,Electronics,North,Delhi,Consumer,4,15354.82,55277.34,0.1,6942.8
ORD13627,2023-04-18,Monitor,Electronics,South,Telangana,Consumer,5,17204.58,81721.76,0.05,11509.61
ORD13628,2025-07-28,Smartphone,Electronics,East,West Bengal,Consumer,4,30290.43,115103.64,0.05,17497.11
ORD13629,2025-11-15,Mouse,Electronics,North,Delhi,Small Business,3,975.93,2488.62,0.15,304.79
ORD13630,2024-05-15,Keyboard,Electronics,North,Haryana,Small Business,2,1857.06,3528.41,0.05,521.59
ORD13631,2024-09-14,Monitor,Electronics,West,Maharashtra,Small Business,1,14835.75,14093.96,0.05,2000.63
ORD13632,2024-03-14,Backpack,Accessories,North,Delhi,Consumer,1,1742.59,1742.59,0.0,344.54
ORD13633,2023-06-21,Smartphone,Electronics,East,Odisha,Consumer,2,29994.34,59988.68,0.0,9278.6
ORD13634,2024-02-19,Keyboard,Electronics,West,Maharashtra,Corporate,3,1750.44,4201.07,0.2,549.13
ORD13635,2023-04-16,Laptop,Electronics,South,Karnataka,Consumer,3,52061.76,148376.01,0.05,19613.71
ORD13636,2024-09-07,Backpack,Accessories,East,Odisha,Consumer,3,1863.49,5031.41,0.1,976.52
ORD13637,2024-01-26,Printer,Office Supplies,West,Gujarat,Consumer,2,14926.99,28361.29,0.05,6460.67
ORD13638,2024-01-02,Backpack,Accessories,West,Maharashtra,Corporate,1,1842.67,1750.53,0.05,337.23
ORD13639,2023-09-23,Laptop,Electronics,North,Haryana,Consumer,5,55165.8,248246.08,0.1,37393.28
ORD13640,2024-08-16,Printer,Office Supplies,South,Telangana,Small Business,1,14467.32,13020.59,0.1,2853.72
ORD13641,2025-06-04,Keyboard,Electronics,West,Maharashtra,Consumer,2,2080.1,4160.2,0.0,641.44
ORD13642,2024-04-11,Laptop,Electronics,South,Telangana,Corporate,3,49170.68,147512.04,0.0,20892.06
ORD13643,2023-11-03,Office Chair,Furniture,East,Odisha,Small Business,2,8654.75,17309.5,0.0,3370.0
ORD13644,2023-04-30,Notebook,Office Supplies,South,Karnataka,Consumer,1,364.38,346.17,0.05,73.8
ORD13645,2024-03-14,Keyboard,Electronics,East,Odisha,Consumer,3,1610.52,4831.55,0.0,693.99
ORD13646,2025-02-24,Smartphone,Electronics,West,Gujarat,Small Business,4,25244.46,90880.06,0.1,11208.93
ORD13647,2024-03-17,Monitor,Electronics,West,Gujarat,Corporate,4,17695.41,70781.65,0.0,9216.13
ORD13648,2025-04-15,Keyboard,Electronics,West,Maharashtra,Small Business,5,2060.49,8241.97,0.2,766.43
ORD13649,2023-10-08,Smartphone,Electronics,South,Telangana,Consumer,4,30160.76,108578.73,0.1,16640.21
ORD13650,2025-06-01,Smartphone,Electronics,East,Odisha,Corporate,1,31118.48,29562.55,0.05,4232.79
ORD13651,2025-07-05,Printer,Office Supplies,South,Tamil Nadu,Small Business,2,13121.88,26243.75,0.0,6053.88
ORD13652,2025-09-13,Printer,Office Supplies,North,Delhi,Small Business,2,13425.35,26850.7,0.0,5936.05
ORD13653,2023-09-17,Tablet,Electronics,West,Gujarat,Small Business,2,25987.5,46777.5,0.1,7233.1
ORD13654,2025-12-19,Office Chair,Furniture,North,Haryana,Consumer,5,7716.57,36653.72,0.05,7487.63
ORD13655,2025-08-28,Smartphone,Electronics,East,Bihar,Corporate,2,24125.02,43425.03,0.1,5876.25
ORD13656,2024-04-04,Laptop,Electronics,West,Rajasthan,Consumer,5,56521.76,254347.94,0.1,34056.47
ORD13657,2025-11-22,Notebook,Office Supplies,North,Punjab,Consumer,1,338.92,305.02,0.1,70.46
ORD13658,2025-01-29,Monitor,Electronics,East,Bihar,Consumer,5,16356.47,73604.12,0.1,10729.55
ORD13659,2023-08-23,Headphones,Electronics,South,Karnataka,Consumer,1,3353.77,3353.77,0.0,481.64
ORD13660,2024-10-30,Headphones,Electronics,West,Rajasthan,Consumer,3,3652.17,9860.86,0.1,1169.73
ORD13661,2025-07-01,Monitor,Electronics,East,West Bengal,Consumer,3,16571.85,44743.99,0.1,6792.52
ORD13662,2024-12-07,Office Chair,Furniture,South,Telangana,Corporate,3,9773.95,24923.58,0.15,3501.9
ORD13663,2024-05-08,Printer,Office Supplies,North,Punjab,Small Business,4,14078.17,56312.66,0.0,12639.92
ORD13664,2023-05-05,Keyboard,Electronics,West,Rajasthan,Corporate,2,1994.24,3390.21,0.15,461.35
ORD13665,2025-11-18,Keyboard,Electronics,West,Rajasthan,Consumer,1,1797.92,1618.13,0.1,204.42
ORD13666,2024-11-05,Office Chair,Furniture,West,Rajasthan,Small Business,3,8389.31,23909.52,0.05,4316.64
ORD13667,2024-07-06,Monitor,Electronics,East,Odisha,Corporate,2,14129.63,28259.26,0.0,4217.17
ORD13668,2024-08-13,Tablet,Electronics,South,Tamil Nadu,Small Business,1,23505.37,19979.57,0.15,3019.37
ORD13669,2023-07-25,Monitor,Electronics,West,Rajasthan,Consumer,2,16540.31,28118.53,0.15,4406.81
ORD13670,2024-12-10,Tablet,Electronics,South,Telangana,Small Business,2,27746.6,49943.88,0.1,5644.67
ORD13671,2023-06-01,Keyboard,Electronics,West,Gujarat,Consumer,3,1888.48,5382.18,0.05,739.05
ORD13672,2024-10-19,Office Chair,Furniture,South,Tamil Nadu,Corporate,4,8581.41,34325.63,0.0,6438.31
ORD13673,2023-02-27,Backpack,Accessories,North,Haryana,Consumer,3,1951.58,5269.26,0.1,1036.97
ORD13674,2024-01-30,Keyboard,Electronics,West,Rajasthan,Small Business,1,1688.45,1604.03,0.05,219.11
ORD13675,2023-12-30,Monitor,Electronics,South,Karnataka,Consumer,4,13268.68,53074.7,0.0,8855.2
ORD13676,2023-05-11,Smartphone,Electronics,North,Punjab,Small Business,3,27795.0,75046.49,0.1,9796.99
ORD13677,2023-09-29,Headphones,Electronics,South,Karnataka,Corporate,1,3654.34,3654.34,0.0,616.19
ORD13678,2024-09-04,Printer,Office Supplies,East,Bihar,Consumer,3,13875.01,41625.03,0.0,9213.4
ORD13679,2024-11-09,Notebook,Office Supplies,East,West Bengal,Consumer,5,285.63,1213.95,0.15,259.68
ORD13680,2024-07-24,Laptop,Electronics,North,Haryana,Corporate,2,48553.0,87395.4,0.1,10269.62
ORD13681,2024-10-15,Smartphone,Electronics,West,Maharashtra,Small Business,4,28447.58,108100.79,0.05,13742.65
ORD13682,2025-01-16,Notebook,Office Supplies,West,Rajasthan,Corporate,2,368.17,699.52,0.05,145.87
ORD13683,2023-12-31,Desk,Furniture,West,Gujarat,Corporate,2,13438.04,25532.27,0.05,4263.4
ORD13684,2024-08-11,Notebook,Office Supplies,North,Delhi,Consumer,2,322.16,644.31,0.0,148.38
ORD13685,2025-07-13,Backpack,Accessories,East,West Bengal,Corporate,5,1659.37,8296.83,0.0,1809.31
ORD13686,2024-02-21,Desk,Furniture,North,Haryana,Small Business,5,11849.07,59245.34,0.0,10859.71
ORD13687,2024-12-22,Headphones,Electronics,North,Delhi,Small Business,5,3495.7,17478.48,0.0,2088.67
ORD13688,2023-01-22,Tablet,Electronics,South,Telangana,Corporate,1,23829.43,20255.01,0.15,2625.27
ORD13689,2024-09-19,Mouse,Electronics,East,Bihar,Consumer,3,956.43,2725.82,0.05,349.13
ORD13690,2024-03-24,Monitor,Electronics,North,Delhi,Consumer,4,14150.46,45281.47,0.2,5059.31
ORD13691,2024-10-21,Monitor,Electronics,East,West Bengal,Corporate,5,12749.08,57370.85,0.1,7351.37
ORD13692,2023-08-30,Smartphone,Electronics,South,Karnataka,Consumer,1,27190.34,27190.34,0.0,3975.01
ORD13693,2025-08-12,Notebook,Office Supplies,South,Telangana,Corporate,3,348.98,942.26,0.1,225.69
ORD13694,2024-03-05,Keyboard,Electronics,North,Punjab,Consumer,1,1856.07,1484.86,0.2,184.08
ORD13695,2025-07-03,Mouse,Electronics,West,Gujarat,Consumer,5,923.88,4619.38,0.0,549.02
ORD13696,2025-08-14,Desk,Furniture,East,Bihar,Consumer,5,11717.21,58586.04,0.0,9586.43
ORD13697,2023-07-09,Tablet,Electronics,South,Tamil Nadu,Corporate,3,19370.36,58111.07,0.0,8004.14
ORD13698,2025-08-30,Office Chair,Furniture,West,Maharashtra,Consumer,3,7614.77,22844.31,0.0,4575.39
ORD13699,2024-08-07,Office Chair,Furniture,North,Haryana,Consumer,4,7693.9,26159.26,0.15,4208.84
ORD13700,2023-09-17,Smartphone,Electronics,South,Tamil Nadu,Consumer,3,27870.02,75249.05,0.1,10055.9
ORD13701,2025-11-19,Printer,Office Supplies,East,West Bengal,Corporate,3,12778.48,34501.9,0.1,8090.17
ORD13702,2025-05-28,Smartphone,Electronics,South,Karnataka,Consumer,3,26146.92,78440.77,0.0,11813.03
ORD13703,2024-09-19,Desk,Furniture,South,Tamil Nadu,Consumer,2,10515.81,17876.87,0.15,3192.65
ORD13704,2024-04-30,Laptop,Electronics,South,Tamil Nadu,Consumer,5,52421.03,262105.14,0.0,32669.6
ORD13705,2023-08-29,Printer,Office Supplies,North,Punjab,Small Business,4,15621.73,56238.23,0.1,13230.29
ORD13706,2024-09-13,Tablet,Electronics,East,West Bengal,Corporate,3,25978.68,74039.25,0.05,7887.85
ORD13707,2024-03-16,Headphones,Electronics,West,Maharashtra,Corporate,3,3423.74,9757.65,0.05,1613.02
ORD13708,2025-07-12,Backpack,Accessories,South,Tamil Nadu,Corporate,3,1925.31,5198.33,0.1,1042.15
ORD13709,2023-03-08,Headphones,Electronics,East,West Bengal,Consumer,1,3808.7,3046.96,0.2,303.62
ORD13710,2024-07-06,Backpack,Accessories,West,Gujarat,Consumer,2,1836.95,3306.51,0.1,672.53
ORD13711,2023-05-19,Headphones,Electronics,South,Tamil Nadu,Consumer,3,3568.19,10704.58,0.0,1360.64
ORD13712,2024-12-09,Desk,Furniture,North,Punjab,Consumer,2,12355.16,22239.29,0.1,3784.83
ORD13713,2024-06-07,Backpack,Accessories,South,Telangana,Corporate,2,1721.56,3270.97,0.05,658.89
ORD13714,2025-01-01,Headphones,Electronics,North,Delhi,Consumer,2,3572.18,6072.7,0.15,711.09
ORD13715,2025-01-06,Notebook,Office Supplies,West,Rajasthan,Consumer,3,337.91,861.67,0.15,181.44
ORD13716,2024-07-26,Printer,Office Supplies,North,Haryana,Consumer,4,13955.23,50238.84,0.1,9828.26
ORD13717,2023-11-11,Smartphone,Electronics,West,Maharashtra,Corporate,4,32986.75,125349.65,0.05,20761.51
ORD13718,2023-06-16,Notebook,Office Supplies,North,Delhi,Small Business,5,377.62,1699.28,0.1,346.4
ORD13719,2023-03-11,Smartphone,Electronics,East,Odisha,Small Business,5,29954.19,149770.93,0.0,22022.63
ORD13720,2024-07-09,Laptop,Electronics,West,Rajasthan,Consumer,1,61752.93,52489.99,0.15,6262.64
ORD13721,2025-08-04,Keyboard,Electronics,West,Rajasthan,Consumer,1,1868.23,1494.58,0.2,194.44
ORD13722,2024-10-25,Keyboard,Electronics,West,Rajasthan,Small Business,3,1416.46,3824.44,0.1,526.74
ORD13723,2024-03-13,Backpack,Accessories,South,Telangana,Consumer,5,1751.44,7881.46,0.1,1561.87
ORD13724,2023-05-07,Keyboard,Electronics,East,West Bengal,Consumer,1,1794.17,1794.17,0.0,287.4
ORD13725,2025-07-04,Headphones,Electronics,West,Maharashtra,Corporate,4,3612.43,13004.76,0.1,1844.68
ORD13726,2023-05-20,Mouse,Electronics,East,Bihar,Corporate,3,1008.35,2873.81,0.05,400.0
ORD13727,2024-02-14,Laptop,Electronics,South,Telangana,Consumer,4,50746.04,162387.32,0.2,24442.45
ORD13728,2023-04-27,Monitor,Electronics,East,Odisha,Consumer,2,15012.25,27022.04,0.1,3240.23
ORD13729,2025-06-02,Laptop,Electronics,North,Delhi,Corporate,4,56421.74,214402.63,0.05,32578.91
ORD13730,2023-12-28,Monitor,Electronics,West,Maharashtra,Corporate,5,15105.3,67973.84,0.1,8961.97
ORD13731,2024-12-24,Backpack,Accessories,East,Odisha,Small Business,3,2124.77,5418.16,0.15,1021.87
ORD13732,2023-11-14,Printer,Office Supplies,West,Maharashtra,Corporate,2,14610.64,26299.15,0.1,6037.47
ORD13733,2024-07-02,Office Chair,Furniture,East,Bihar,Small Business,4,8719.38,33133.65,0.05,5689.99
ORD13734,2024-06-28,Notebook,Office Supplies,North,Punjab,Consumer,5,323.96,1457.83,0.1,288.97
ORD13735,2024-04-25,Keyboard,Electronics,West,Maharashtra,Consumer,1,1653.74,1571.05,0.05,189.91
ORD13736,2024-08-07,Mouse,Electronics,West,Rajasthan,Small Business,5,941.31,4000.58,0.15,505.45
ORD13737,2025-01-10,Headphones,Electronics,West,Rajasthan,Small Business,1,3559.84,3025.86,0.15,450.14
ORD13738,2025-06-21,Headphones,Electronics,East,West Bengal,Consumer,1,3322.74,3322.74,0.0,489.84
ORD13739,2025-06-19,Laptop,Electronics,West,Rajasthan,Consumer,5,53047.69,225452.67,0.15,33883.65
ORD13740,2025-02-06,Desk,Furniture,East,Odisha,Corporate,4,11051.88,39786.77,0.1,7165.05
ORD13741,2024-08-01,Monitor,Electronics,East,Bihar,Consumer,3,14037.79,40007.7,0.05,6403.95
ORD13742,2023-10-26,Notebook,Office Supplies,West,Rajasthan,Small Business,3,376.35,1016.14,0.1,195.89
ORD13743,2024-05-29,Office Chair,Furniture,West,Gujarat,Corporate,1,7212.09,7212.09,0.0,1285.24
ORD13744,2025-03-28,Notebook,Office Supplies,North,Delhi,Corporate,4,315.7,1010.25,0.2,200.62
ORD13745,2024-11-08,Tablet,Electronics,West,Rajasthan,Consumer,1,22122.93,19910.63,0.1,2383.34
ORD13746,2025-07-05,Desk,Furniture,West,Maharashtra,Small Business,4,11182.24,35783.18,0.2,5485.74
ORD13747,2023-09-03,Backpack,Accessories,South,Karnataka,Consumer,5,1944.66,8264.82,0.15,1514.42
ORD13748,2024-01-04,Desk,Furniture,South,Tamil Nadu,Corporate,2,11676.93,19850.79,0.15,3592.23
ORD13749,2023-04-01,Keyboard,Electronics,South,Tamil Nadu,Small Business,2,1906.83,3432.29,0.1,505.05
ORD13750,2024-11-03,Smartphone,Electronics,South,Telangana,Consumer,4,24679.69,93782.81,0.05,10514.8
ORD13751,2024-07-26,Desk,Furniture,North,Haryana,Consumer,3,12305.02,31377.81,0.15,5364.73
ORD13752,2023-11-13,Notebook,Office Supplies,North,Punjab,Consumer,5,276.46,1174.97,0.15,249.06
ORD13753,2024-11-03,Smartphone,Electronics,South,Karnataka,Consumer,3,25785.52,69620.9,0.1,7204.21
ORD13754,2024-08-13,Laptop,Electronics,East,Odisha,Corporate,1,50200.18,50200.18,0.0,6933.59
ORD13755,2024-11-28,Printer,Office Supplies,North,Delhi,Small Business,2,14858.07,29716.14,0.0,7277.13
ORD13756,2024-05-03,Notebook,Office Supplies,South,Tamil Nadu,Corporate,2,345.08,690.15,0.0,141.5
ORD13757,2024-06-25,Notebook,Office Supplies,South,Tamil Nadu,Small Business,1,347.18,329.82,0.05,74.61
ORD13758,2023-11-07,Monitor,Electronics,North,Punjab,Small Business,3,13637.83,36822.13,0.1,5056.2
ORD13759,2024-07-04,Notebook,Office Supplies,West,Gujarat,Consumer,1,300.12,270.11,0.1,48.73
ORD13760,2023-12-03,Tablet,Electronics,North,Punjab,Corporate,2,24121.75,45831.33,0.05,6024.0
ORD13761,2025-07-27,Headphones,Electronics,North,Haryana,Consumer,4,4287.2,16291.37,0.05,1789.1
ORD13762,2023-11-09,Tablet,Electronics,East,West Bengal,Consumer,1,23393.76,23393.76,0.0,2455.04
ORD13763,2025-01-02,Printer,Office Supplies,West,Maharashtra,Consumer,3,14272.02,38534.44,0.1,7889.9
ORD13764,2024-09-20,Smartphone,Electronics,East,Bihar,Corporate,5,30510.37,144924.24,0.05,21170.22
ORD13765,2023-07-11,Keyboard,Electronics,West,Gujarat,Small Business,3,1858.69,4739.67,0.15,612.8
ORD13766,2024-01-02,Tablet,Electronics,East,Bihar,Small Business,2,22797.76,41035.97,0.1,5019.83
ORD13767,2023-05-20,Mouse,Electronics,East,Bihar,Corporate,2,845.68,1437.65,0.15,189.07
ORD13768,2023-04-24,Headphones,Electronics,West,Gujarat,Consumer,4,3670.86,13949.26,0.05,1773.02
ORD13769,2025-05-06,Office Chair,Furniture,East,West Bengal,Corporate,4,8107.46,30808.35,0.05,5398.36
ORD13770,2023-02-18,Smartphone,Electronics,North,Haryana,Small Business,4,31212.66,99880.5,0.2,12828.21
ORD13771,2025-03-07,Smartphone,Electronics,East,West Bengal,Corporate,2,25727.38,46309.28,0.1,5824.92
ORD13772,2023-06-27,Notebook,Office Supplies,South,Karnataka,Consumer,4,346.2,1246.32,0.1,271.18
ORD13773,2025-06-12,Tablet,Electronics,East,Bihar,Corporate,5,18941.35,94706.75,0.0,12925.13
ORD13774,2023-09-19,Tablet,Electronics,North,Haryana,Small Business,5,24395.55,109779.98,0.1,14814.78
ORD13775,2024-03-18,Keyboard,Electronics,West,Maharashtra,Small Business,5,1838.84,8734.5,0.05,1415.82
ORD13776,2025-09-06,Mouse,Electronics,East,West Bengal,Small Business,1,958.83,910.89,0.05,103.43
ORD13777,2023-12-09,Notebook,Office Supplies,North,Punjab,Small Business,3,342.12,975.04,0.05,231.36
ORD13778,2024-06-02,Desk,Furniture,North,Delhi,Consumer,2,12044.93,24089.87,0.0,4083.43
ORD13779,2024-11-01,Tablet,Electronics,West,Gujarat,Consumer,3,25332.92,75998.77,0.0,9651.44
ORD13780,2025-07-15,Printer,Office Supplies,South,Tamil Nadu,Corporate,3,13920.51,37585.37,0.1,7955.08
ORD13781,2025-08-29,Desk,Furniture,East,West Bengal,Small Business,2,12890.68,23203.22,0.1,3830.24
ORD13782,2024-08-18,Notebook,Office Supplies,East,Bihar,Consumer,3,294.69,795.65,0.1,149.32
ORD13783,2024-02-06,Smartphone,Electronics,East,West Bengal,Small Business,1,28420.72,25578.65,0.1,3534.89
ORD13784,2023-08-09,Tablet,Electronics,West,Rajasthan,Small Business,1,26203.65,26203.65,0.0,3655.51
ORD13785,2023-09-10,Mouse,Electronics,North,Punjab,Consumer,3,890.18,2670.53,0.0,355.04
ORD13786,2025-10-28,Monitor,Electronics,West,Rajasthan,Consumer,1,14253.14,12827.83,0.1,1658.49
ORD13787,2024-01-31,Printer,Office Supplies,West,Maharashtra,Consumer,4,10933.52,39360.67,0.1,8840.84
ORD13788,2024-01-02,Headphones,Electronics,North,Delhi,Corporate,2,3549.93,6389.87,0.1,714.22
ORD13789,2024-02-27,Backpack,Accessories,North,Haryana,Corporate,2,2229.93,4459.85,0.0,811.87
ORD13790,2023-09-09,Notebook,Office Supplies,South,Telangana,Corporate,2,413.62,827.23,0.0,188.05
ORD13791,2023-02-07,Printer,Office Supplies,North,Delhi,Consumer,2,14720.56,29441.12,0.0,6150.54
ORD13792,2023-05-17,Printer,Office Supplies,South,Telangana,Consumer,4,16091.43,61147.42,0.05,12488.45
ORD13793,2025-10-05,Mouse,Electronics,North,Haryana,Consumer,1,896.35,761.9,0.15,92.43
ORD13794,2025-04-04,Office Chair,Furniture,North,Delhi,Consumer,2,7870.32,14953.61,0.05,2587.61
ORD13795,2025-10-12,Backpack,Accessories,North,Delhi,Consumer,2,1820.57,3094.97,0.15,611.72
ORD13796,2025-01-02,Notebook,Office Supplies,North,Haryana,Consumer,3,359.97,971.91,0.1,204.08
ORD13797,2023-11-27,Office Chair,Furniture,North,Haryana,Consumer,3,7944.29,20257.93,0.15,2531.28
ORD13798,2025-10-06,Mouse,Electronics,North,Punjab,Small Business,2,977.25,1759.05,0.1,236.07
ORD13799,2023-08-01,Printer,Office Supplies,West,Maharashtra,Corporate,4,15010.76,54038.74,0.1,11262.63
ORD13800,2023-10-13,Monitor,Electronics,East,Bihar,Consumer,2,16432.47,31221.7,0.05,5117.38
ORD13801,2024-05-13,Notebook,Office Supplies,West,Rajasthan,Consumer,2,353.27,706.53,0.0,136.52
ORD13802,2025-12-18,Monitor,Electronics,West,Gujarat,Consumer,2,13887.49,24997.48,0.1,3010.25
ORD13803,2023-11-12,Tablet,Electronics,West,Maharashtra,Corporate,2,27031.9,54063.8,0.0,8658.59
ORD13804,2025-05-29,Laptop,Electronics,East,West Bengal,Small Business,4,50232.22,180835.98,0.1,25016.2
ORD13805,2025-12-09,Mouse,Electronics,South,Tamil Nadu,Corporate,3,786.91,2360.72,0.0,316.57
ORD13806,2023-11-08,Laptop,Electronics,North,Haryana,Consumer,5,52461.15,249190.45,0.05,35911.06
ORD13807,2025-08-14,Desk,Furniture,South,Tamil Nadu,Consumer,1,11120.3,10008.27,0.1,1692.23
ORD13808,2024-10-21,Backpack,Accessories,North,Punjab,Consumer,2,1792.12,3584.23,0.0,775.87
ORD13809,2025-11-21,Smartphone,Electronics,North,Haryana,Corporate,1,31456.11,31456.11,0.0,4964.81
ORD13810,2023-01-10,Mouse,Electronics,West,Maharashtra,Consumer,3,977.86,2493.55,0.15,348.2
ORD13811,2025-11-04,Notebook,Office Supplies,West,Rajasthan,Corporate,4,326.55,1175.56,0.1,248.88
ORD13812,2024-06-25,Monitor,Electronics,North,Delhi,Consumer,2,13797.15,26214.58,0.05,3009.45
ORD13813,2025-03-31,Smartphone,Electronics,South,Telangana,Small Business,4,28183.28,101459.81,0.1,11900.38
ORD13814,2024-03-16,Headphones,Electronics,North,Delhi,Corporate,2,3560.16,7120.31,0.0,1010.08
ORD13815,2025-08-04,Notebook,Office Supplies,South,Tamil Nadu,Corporate,3,375.42,957.32,0.15,210.62
ORD13816,2025-03-07,Desk,Furniture,South,Tamil Nadu,Consumer,3,11797.19,33622.0,0.05,6081.08
ORD13817,2025-06-03,Tablet,Electronics,South,Tamil Nadu,Consumer,2,22712.16,43153.11,0.05,5808.64
ORD13818,2024-11-17,Backpack,Accessories,East,Odisha,Small Business,3,1781.81,4810.89,0.1,972.9
ORD13819,2024-05-28,Smartphone,Electronics,South,Telangana,Small Business,2,28273.41,56546.82,0.0,7230.34
ORD13820,2025-03-13,Backpack,Accessories,North,Haryana,Corporate,2,1725.29,3105.53,0.1,542.49
ORD13821,2024-07-27,Mouse,Electronics,South,Karnataka,Consumer,2,898.28,1796.57,0.0,227.18
ORD13822,2024-08-22,Laptop,Electronics,East,Odisha,Consumer,4,54353.67,184802.49,0.15,25892.35
ORD13823,2024-09-03,Laptop,Electronics,North,Punjab,Corporate,1,47282.11,42553.9,0.1,5222.22
ORD13824,2023-05-12,Printer,Office Supplies,South,Karnataka,Consumer,4,14804.29,53295.45,0.1,13470.05
ORD13825,2024-11-01,Backpack,Accessories,West,Maharashtra,Consumer,3,1885.36,5090.48,0.1,1040.99
ORD13826,2025-06-04,Laptop,Electronics,North,Punjab,Consumer,4,60190.57,240762.29,0.0,33846.47
ORD13827,2023-10-30,Smartphone,Electronics,East,West Bengal,Corporate,2,31427.79,50284.46,0.2,5071.17
ORD13828,2024-02-02,Office Chair,Furniture,South,Telangana,Corporate,5,8835.13,35340.53,0.2,5719.2
ORD13829,2024-08-07,Laptop,Electronics,North,Delhi,Small Business,1,56408.83,56408.83,0.0,7703.31
ORD13830,2023-11-05,Printer,Office Supplies,West,Maharashtra,Consumer,5,14272.47,64226.1,0.1,13795.85
ORD13831,2024-01-17,Keyboard,Electronics,East,West Bengal,Small Business,5,1760.3,8361.44,0.05,1170.57
ORD13832,2023-07-08,Desk,Furniture,East,Odisha,Corporate,2,10756.01,21512.03,0.0,4262.06
ORD13833,2024-04-29,Desk,Furniture,East,West Bengal,Consumer,3,11878.32,32071.46,0.1,5610.99
ORD13834,2024-10-17,Headphones,Electronics,North,Punjab,Consumer,5,3480.85,15663.84,0.1,2094.64
ORD13835,2024-11-25,Office Chair,Furniture,North,Delhi,Corporate,3,10157.8,28949.74,0.05,4954.9
ORD13836,2025-04-10,Printer,Office Supplies,West,Gujarat,Consumer,3,12692.15,38076.45,0.0,8582.99
ORD13837,2024-06-02,Notebook,Office Supplies,South,Karnataka,Small Business,5,308.55,1388.47,0.1,317.61
ORD13838,2024-04-13,Tablet,Electronics,East,Bihar,Consumer,4,25068.97,95262.1,0.05,10207.79
ORD13839,2023-04-19,Monitor,Electronics,West,Maharashtra,Consumer,4,14720.22,50048.76,0.15,7337.07
ORD13840,2025-06-06,Printer,Office Supplies,North,Delhi,Consumer,1,14426.87,12984.18,0.1,2875.09
ORD13841,2023-10-14,Mouse,Electronics,West,Maharashtra,Corporate,4,891.27,3208.56,0.1,375.47
ORD13842,2025-08-05,Tablet,Electronics,West,Rajasthan,Consumer,5,23345.7,105055.67,0.1,12566.92
ORD13843,2025-06-16,Keyboard,Electronics,South,Telangana,Consumer,1,1821.83,1730.74,0.05,240.94
ORD13844,2025-11-28,Printer,Office Supplies,South,Telangana,Corporate,2,14243.17,28486.33,0.0,5735.98
ORD13845,2023-10-01,Laptop,Electronics,East,Bihar,Small Business,4,48154.88,192619.51,0.0,27766.07
ORD13846,2025-04-17,Monitor,Electronics,South,Karnataka,Corporate,4,14181.05,53887.97,0.05,5987.08
ORD13847,2024-07-23,Keyboard,Electronics,East,Odisha,Small Business,2,2007.51,3613.52,0.1,505.91
ORD13848,2023-02-10,Backpack,Accessories,South,Tamil Nadu,Consumer,3,1544.55,4633.65,0.0,962.68
ORD13849,2025-08-16,Tablet,Electronics,South,Karnataka,Consumer,5,26134.92,130674.61,0.0,18405.1
ORD13850,2024-12-09,Office Chair,Furniture,North,Delhi,Small Business,1,8863.02,7976.72,0.1,1512.32
ORD13851,2024-12-31,Backpack,Accessories,West,Maharashtra,Consumer,3,1536.24,4147.84,0.1,890.14
ORD13852,2023-04-08,Notebook,Office Supplies,North,Punjab,Small Business,2,363.8,654.83,0.1,149.72
ORD13853,2023-11-05,Mouse,Electronics,South,Tamil Nadu,Consumer,5,886.34,3988.52,0.1,405.4
ORD13854,2023-05-12,Printer,Office Supplies,North,Delhi,Corporate,1,13270.65,12607.12,0.05,3055.94
ORD13855,2024-06-09,Tablet,Electronics,North,Haryana,Consumer,4,28251.98,113007.91,0.0,14332.34
ORD13856,2025-02-04,Headphones,Electronics,South,Tamil Nadu,Corporate,3,3218.42,8689.74,0.1,897.08
ORD13857,2023-09-21,Smartphone,Electronics,West,Gujarat,Small Business,1,28014.89,28014.89,0.0,4118.55
ORD13858,2025-08-12,Laptop,Electronics,North,Haryana,Corporate,5,50675.45,253377.27,0.0,37451.66
ORD13859,2024-09-29,Mouse,Electronics,South,Karnataka,Small Business,4,918.6,3674.42,0.0,525.16
ORD13860,2024-04-25,Office Chair,Furniture,North,Delhi,Consumer,4,8032.39,32129.58,0.0,6108.46
ORD13861,2023-05-17,Mouse,Electronics,South,Tamil Nadu,Corporate,3,1006.68,2718.04,0.1,385.39
ORD13862,2025-12-03,Printer,Office Supplies,West,Rajasthan,Corporate,2,14424.84,28849.68,0.0,7364.15
ORD13863,2025-10-09,Backpack,Accessories,West,Rajasthan,Small Business,2,1716.93,2918.78,0.15,586.86
ORD13864,2025-03-27,Desk,Furniture,North,Delhi,Corporate,3,12295.9,31354.55,0.15,5289.77
ORD13865,2024-07-21,Backpack,Accessories,West,Gujarat,Small Business,1,1583.88,1425.49,0.1,264.7
ORD13866,2024-01-17,Backpack,Accessories,North,Delhi,Consumer,1,1992.61,1793.35,0.1,315.33
ORD13867,2023-01-04,Notebook,Office Supplies,West,Maharashtra,Consumer,4,335.02,1206.06,0.1,225.42
ORD13868,2025-04-14,Headphones,Electronics,West,Maharashtra,Corporate,5,3849.04,19245.19,0.0,2723.62
ORD13869,2025-05-31,Office Chair,Furniture,North,Delhi,Consumer,3,7731.05,20873.83,0.1,3680.45
ORD13870,2025-10-23,Backpack,Accessories,East,Odisha,Small Business,1,1869.91,1776.41,0.05,344.7
ORD13871,2025-10-30,Smartphone,Electronics,North,Haryana,Small Business,3,25370.78,72306.73,0.05,7877.67
ORD13872,2024-07-25,Backpack,Accessories,West,Maharashtra,Small Business,1,1748.6,1661.17,0.05,312.96
ORD13873,2025-01-03,Headphones,Electronics,West,Maharashtra,Consumer,4,3674.37,14697.48,0.0,2185.65
ORD13874,2024-06-14,Tablet,Electronics,South,Karnataka,Consumer,5,26531.77,119392.98,0.1,18621.41
ORD13875,2024-04-01,Office Chair,Furniture,East,Bihar,Consumer,1,8529.31,8529.31,0.0,1636.45
ORD13876,2024-06-02,Notebook,Office Supplies,South,Tamil Nadu,Consumer,1,371.46,334.31,0.1,66.31
ORD13877,2024-05-16,Backpack,Accessories,West,Gujarat,Small Business,4,1719.13,6876.51,0.0,1570.96
ORD13878,2025-05-16,Smartphone,Electronics,North,Delhi,Consumer,3,29134.84,83034.29,0.05,12870.36
ORD13879,2023-09-14,Mouse,Electronics,North,Punjab,Consumer,2,854.14,1622.87,0.05,176.28
ORD13880,2023-03-30,Tablet,Electronics,West,Maharashtra,Small Business,4,20083.28,72299.79,0.1,9712.42
ORD13881,2025-09-17,Office Chair,Furniture,North,Punjab,Corporate,3,10272.87,29277.68,0.05,5294.44
ORD13882,2024-03-04,Mouse,Electronics,South,Telangana,Consumer,5,816.55,3674.48,0.1,480.43
ORD13883,2023-08-25,Backpack,Accessories,South,Karnataka,Corporate,3,1953.02,4980.21,0.15,922.81
ORD13884,2025-11-05,Headphones,Electronics,West,Maharashtra,Corporate,5,3465.84,15596.29,0.1,2206.34
ORD13885,2023-02-05,Printer,Office Supplies,North,Delhi,Corporate,2,14346.82,28693.65,0.0,6258.24
ORD13886,2024-07-07,Notebook,Office Supplies,East,Bihar,Consumer,2,373.11,708.9,0.05,142.51
ORD13887,2025-05-06,Monitor,Electronics,South,Karnataka,Corporate,1,17935.67,17038.88,0.05,2558.11
ORD13888,2025-11-16,Printer,Office Supplies,East,Bihar,Consumer,1,12684.28,12050.07,0.05,2645.38
ORD13889,2024-07-30,Printer,Office Supplies,West,Rajasthan,Consumer,2,14781.4,29562.8,0.0,6189.53
ORD13890,2023-11-02,Keyboard,Electronics,South,Tamil Nadu,Consumer,2,1896.59,3224.2,0.15,432.93
ORD13891,2025-07-04,Desk,Furniture,North,Haryana,Consumer,5,12431.71,52834.77,0.15,8791.42
ORD13892,2025-03-11,Headphones,Electronics,South,Tamil Nadu,Corporate,5,3736.97,16816.35,0.1,2346.81
ORD13893,2024-10-19,Office Chair,Furniture,West,Maharashtra,Consumer,1,8364.92,7946.68,0.05,1348.01
ORD13894,2025-10-30,Notebook,Office Supplies,North,Punjab,Consumer,3,354.22,1062.67,0.0,225.71
ORD13895,2024-07-08,Laptop,Electronics,North,Delhi,Corporate,3,48899.96,132029.88,0.1,13238.67
ORD13896,2023-01-17,Monitor,Electronics,East,West Bengal,Consumer,5,14996.7,74983.51,0.0,11065.15
ORD13897,2023-11-20,Mouse,Electronics,North,Punjab,Corporate,4,959.92,3647.7,0.05,498.08
ORD13898,2025-12-15,Laptop,Electronics,South,Karnataka,Corporate,1,50661.57,45595.41,0.1,5962.86
ORD13899,2025-11-24,Tablet,Electronics,East,Odisha,Corporate,5,26956.44,128043.08,0.05,17484.34
ORD13900,2024-01-01,Headphones,Electronics,West,Gujarat,Consumer,2,3899.9,7019.82,0.1,888.95
ORD13901,2023-12-22,Desk,Furniture,South,Telangana,Consumer,4,11071.13,44284.54,0.0,7471.58
ORD13902,2025-09-29,Laptop,Electronics,North,Punjab,Consumer,1,50001.95,47501.85,0.05,6368.84
ORD13903,2025-04-14,Desk,Furniture,North,Delhi,Consumer,3,10917.87,29478.24,0.1,5134.26
ORD13904,2025-08-06,Notebook,Office Supplies,North,Punjab,Corporate,1,341.7,307.53,0.1,64.44
ORD13905,2023-10-30,Printer,Office Supplies,South,Telangana,Consumer,5,12747.96,60552.79,0.05,13713.38
ORD13906,2024-10-30,Headphones,Electronics,East,West Bengal,Consumer,4,3056.63,11615.2,0.05,1331.05
ORD13907,2024-03-22,Monitor,Electronics,South,Tamil Nadu,Consumer,1,15091.04,14336.48,0.05,1911.69
ORD13908,2024-07-22,Keyboard,Electronics,North,Haryana,Consumer,4,1719.82,5847.4,0.15,764.06
ORD13909,2023-07-29,Headphones,Electronics,East,Bihar,Corporate,2,3487.49,6277.48,0.1,881.86
ORD13910,2025-11-02,Smartphone,Electronics,South,Tamil Nadu,Corporate,1,27398.05,27398.05,0.0,3828.1
ORD13911,2023-04-02,Desk,Furniture,South,Telangana,Small Business,2,10921.38,20750.62,0.05,3597.54
ORD13912,2024-08-11,Tablet,Electronics,North,Haryana,Small Business,4,25696.33,87367.51,0.15,9672.0
ORD13913,2024-10-07,Laptop,Electronics,West,Rajasthan,Corporate,2,53991.52,97184.74,0.1,11981.79
ORD13914,2024-01-19,Desk,Furniture,West,Maharashtra,Corporate,3,12305.98,31380.25,0.15,5014.4
ORD13915,2023-05-27,Mouse,Electronics,South,Karnataka,Consumer,2,850.22,1700.45,0.0,236.72
ORD13916,2025-12-09,Keyboard,Electronics,East,West Bengal,Consumer,2,1682.58,3365.17,0.0,482.61
ORD13917,2023-07-14,Backpack,Accessories,North,Delhi,Corporate,4,1617.87,6147.91,0.05,1125.02
ORD13918,2023-06-23,Smartphone,Electronics,East,West Bengal,Corporate,5,31960.6,159802.99,0.0,21489.94
ORD13919,2024-10-19,Desk,Furniture,East,Odisha,Consumer,1,10162.2,9145.98,0.1,1493.16
ORD13920,2024-08-14,Mouse,Electronics,South,Telangana,Consumer,3,891.19,2406.22,0.1,298.92
ORD13921,2024-08-31,Monitor,Electronics,West,Rajasthan,Corporate,5,13561.76,64418.35,0.05,8756.56
ORD13922,2023-01-12,Tablet,Electronics,North,Punjab,Corporate,4,25466.2,81491.83,0.2,9382.26
ORD13923,2023-11-16,Notebook,Office Supplies,North,Haryana,Small Business,2,383.14,613.02,0.2,111.36
ORD13924,2024-07-21,Desk,Furniture,West,Maharashtra,Consumer,2,11680.9,21025.62,0.1,3977.25
ORD13925,2025-09-18,Monitor,Electronics,West,Maharashtra,Consumer,2,14337.38,28674.76,0.0,3939.9
ORD13926,2024-10-04,Monitor,Electronics,West,Gujarat,Consumer,5,13459.89,63934.49,0.05,10119.23
ORD13927,2024-05-15,Keyboard,Electronics,North,Haryana,Consumer,2,1542.69,2776.85,0.1,372.71
ORD13928,2023-09-01,Printer,Office Supplies,East,Bihar,Consumer,4,14031.71,56126.85,0.0,12237.01
ORD13929,2025-02-27,Mouse,Electronics,South,Telangana,Consumer,3,947.89,2274.94,0.2,220.49
ORD13930,2023-12-06,Tablet,Electronics,South,Karnataka,Corporate,4,21623.14,82167.94,0.05,12600.68
ORD13931,2025-08-11,Laptop,Electronics,East,Bihar,Consumer,3,50258.65,135698.37,0.1,17249.84
ORD13932,2025-06-26,Smartphone,Electronics,North,Punjab,Corporate,2,28875.61,49088.53,0.15,6411.66
ORD13933,2023-03-05,Backpack,Accessories,North,Delhi,Consumer,2,1727.9,3110.22,0.1,505.37
ORD13934,2023-09-28,Monitor,Electronics,East,Bihar,Consumer,1,16442.22,16442.22,0.0,2154.3
ORD13935,2024-10-21,Monitor,Electronics,North,Haryana,Small Business,1,15602.12,14041.91,0.1,1779.48
ORD13936,2025-10-10,Office Chair,Furniture,North,Haryana,Consumer,4,8981.61,30537.49,0.15,4586.03
ORD13937,2024-11-22,Mouse,Electronics,West,Maharashtra,Small Business,1,850.16,807.66,0.05,109.29
ORD13938,2024-11-29,Desk,Furniture,West,Rajasthan,Small Business,2,12757.96,20412.74,0.2,3208.75
ORD13939,2025-09-07,Notebook,Office Supplies,West,Rajasthan,Consumer,2,327.06,588.71,0.1,118.89
ORD13940,2023-03-25,Desk,Furniture,South,Tamil Nadu,Small Business,5,11550.06,57750.32,0.0,10854.7
ORD13941,2024-11-27,Mouse,Electronics,North,Haryana,Corporate,4,926.03,3333.72,0.1,413.12
ORD13942,2025-09-14,Tablet,Electronics,West,Rajasthan,Consumer,4,22414.4,76208.95,0.15,9639.14
ORD13943,2024-07-05,Keyboard,Electronics,South,Karnataka,Consumer,5,1445.93,6506.68,0.1,872.18
ORD13944,2024-02-11,Smartphone,Electronics,West,Rajasthan,Consumer,3,27190.39,73414.05,0.1,10376.97
ORD13945,2025-06-30,Desk,Furniture,West,Maharashtra,Consumer,4,12345.13,46911.5,0.05,7875.64
ORD13946,2024-11-06,Laptop,Electronics,South,Tamil Nadu,Consumer,4,49018.69,176467.29,0.1,21880.73
ORD13947,2024-05-01,Printer,Office Supplies,North,Haryana,Consumer,4,12676.98,45637.12,0.1,9280.04
ORD13948,2023-05-29,Keyboard,Electronics,East,West Bengal,Corporate,5,1717.07,8156.08,0.05,1060.83
ORD13949,2025-02-24,Notebook,Office Supplies,East,Odisha,Corporate,4,304.66,1096.78,0.1,246.78
ORD13950,2024-04-01,Headphones,Electronics,West,Rajasthan,Small Business,2,3738.23,7102.63,0.05,1045.07
ORD13951,2025-12-22,Mouse,Electronics,South,Karnataka,Consumer,2,890.34,1513.57,0.15,196.8
ORD13952,2023-11-13,Laptop,Electronics,North,Haryana,Consumer,3,49958.62,134888.28,0.1,17617.85
ORD13953,2025-12-31,Notebook,Office Supplies,South,Tamil Nadu,Consumer,3,326.6,881.83,0.1,182.37
ORD13954,2024-02-12,Tablet,Electronics,South,Tamil Nadu,Small Business,3,26321.69,75016.81,0.05,9499.91
ORD13955,2023-08-25,Office Chair,Furniture,South,Telangana,Small Business,4,7007.77,25227.96,0.1,4385.91
ORD13956,2023-04-23,Printer,Office Supplies,South,Telangana,Small Business,1,14850.21,14850.21,0.0,2943.23
ORD13957,2023-12-17,Desk,Furniture,South,Telangana,Small Business,3,10851.81,27672.13,0.15,4961.02
ORD13958,2025-10-07,Headphones,Electronics,East,Odisha,Consumer,5,3407.21,17036.03,0.0,2527.09
ORD13959,2025-04-29,Desk,Furniture,West,Maharashtra,Corporate,3,10586.74,28584.18,0.1,4858.81
ORD13960,2024-06-04,Tablet,Electronics,North,Delhi,Small Business,1,24643.64,22179.27,0.1,3026.37
ORD13961,2025-12-19,Printer,Office Supplies,East,West Bengal,Consumer,2,13596.91,23114.76,0.15,4941.55
ORD13962,2024-08-31,Smartphone,Electronics,East,Bihar,Corporate,3,26403.75,75250.68,0.05,10881.24
ORD13963,2024-06-04,Printer,Office Supplies,West,Maharashtra,Consumer,5,16313.63,81568.16,0.0,16899.5
ORD13964,2024-12-26,Desk,Furniture,South,Karnataka,Consumer,5,12198.22,54891.98,0.1,10299.37
ORD13965,2023-10-18,Keyboard,Electronics,North,Punjab,Corporate,3,2119.49,5722.63,0.1,772.84
ORD13966,2023-11-29,Keyboard,Electronics,South,Karnataka,Consumer,3,1991.62,5676.13,0.05,772.16
ORD13967,2024-09-04,Backpack,Accessories,East,West Bengal,Consumer,2,1848.88,3327.98,0.1,599.11
ORD13968,2025-12-18,Keyboard,Electronics,North,Punjab,Small Business,2,1702.77,3405.54,0.0,416.79
ORD13969,2025-09-16,Tablet,Electronics,North,Haryana,Consumer,1,27663.62,26280.44,0.05,3599.59
ORD13970,2023-10-11,Desk,Furniture,North,Delhi,Consumer,3,10516.48,26817.01,0.15,4499.34
ORD13971,2023-04-18,Mouse,Electronics,East,Bihar,Corporate,3,905.83,2445.75,0.1,359.57
ORD13972,2024-10-28,Keyboard,Electronics,West,Maharashtra,Small Business,3,1788.14,5096.2,0.05,716.51
ORD13973,2024-04-14,Printer,Office Supplies,West,Gujarat,Small Business,5,13723.68,61756.55,0.1,13829.76
ORD13974,2024-07-20,Notebook,Office Supplies,South,Tamil Nadu,Consumer,1,296.65,296.65,0.0,65.1
ORD13975,2023-02-14,Printer,Office Supplies,South,Telangana,Small Business,3,14422.8,38941.57,0.1,8266.67
ORD13976,2023-08-09,Notebook,Office Supplies,South,Telangana,Small Business,5,388.25,1747.12,0.1,423.41
ORD13977,2024-02-21,Keyboard,Electronics,North,Punjab,Consumer,5,1757.46,8787.32,0.0,1308.72
ORD13978,2025-01-25,Mouse,Electronics,North,Punjab,Corporate,3,912.82,2738.46,0.0,369.53
ORD13979,2024-10-12,Printer,Office Supplies,North,Delhi,Corporate,2,15877.43,31754.85,0.0,6671.65
ORD13980,2024-11-21,Backpack,Accessories,South,Karnataka,Small Business,2,1741.98,3309.76,0.05,714.58
ORD13981,2025-12-12,Mouse,Electronics,West,Gujarat,Corporate,4,845.69,3044.48,0.1,491.25
ORD13982,2023-02-27,Printer,Office Supplies,South,Karnataka,Corporate,3,14970.4,40420.08,0.1,8235.04
ORD13983,2024-06-05,Backpack,Accessories,West,Maharashtra,Small Business,2,1614.02,3066.64,0.05,610.66
ORD13984,2024-06-05,Notebook,Office Supplies,South,Telangana,Consumer,2,367.37,624.52,0.15,154.48
ORD13985,2023-12-01,Backpack,Accessories,South,Karnataka,Corporate,3,1742.03,4442.17,0.15,768.49
ORD13986,2023-02-03,Printer,Office Supplies,South,Telangana,Consumer,2,13190.97,26381.94,0.0,5900.86
ORD13987,2023-08-19,Office Chair,Furniture,West,Maharashtra,Small Business,2,8561.33,17122.66,0.0,2796.97
ORD13988,2023-11-20,Desk,Furniture,East,Odisha,Small Business,1,11966.92,11368.57,0.05,2009.29
ORD13989,2023-09-18,Printer,Office Supplies,West,Rajasthan,Consumer,4,12959.88,51839.53,0.0,13274.96
ORD13990,2024-10-30,Notebook,Office Supplies,South,Tamil Nadu,Small Business,2,353.81,707.62,0.0,169.2
ORD13991,2023-03-02,Headphones,Electronics,West,Maharashtra,Corporate,4,3494.08,13976.33,0.0,2170.2
ORD13992,2025-11-17,Office Chair,Furniture,West,Gujarat,Corporate,2,9832.21,16714.76,0.15,2496.84
ORD13993,2023-08-06,Mouse,Electronics,East,Odisha,Corporate,3,933.31,2659.93,0.05,368.66
ORD13994,2023-08-02,Mouse,Electronics,South,Karnataka,Small Business,1,940.87,846.79,0.1,95.72
ORD13995,2023-02-24,Monitor,Electronics,North,Delhi,Consumer,3,14459.45,43378.36,0.0,6062.0
ORD13996,2024-08-27,Monitor,Electronics,North,Delhi,Consumer,3,14524.02,43572.06,0.0,7113.94
ORD13997,2023-08-08,Notebook,Office Supplies,East,Bihar,Consumer,4,337.85,1216.25,0.1,252.78
ORD13998,2023-09-09,Office Chair,Furniture,East,West Bengal,Small Business,3,8226.75,24680.24,0.0,4471.68
ORD13999,2023-10-23,Office Chair,Furniture,East,West Bengal,Small Business,2,8211.11,13958.88,0.15,2272.87
ORD14000,2025-01-12,Smartphone,Electronics,West,Maharashtra,Consumer,4,29093.51,93099.23,0.2,11428.75
ORD14001,2023-02-13,Notebook,Office Supplies,North,Delhi,Small Business,2,404.79,728.62,0.1,151.02
ORD14002,2024-03-03,Smartphone,Electronics,North,Delhi,Consumer,4,28363.61,113454.45,0.0,12957.95
ORD14003,2024-03-22,Smartphone,Electronics,East,Odisha,Small Business,3,28442.62,81061.48,0.05,11798.59
ORD14004,2024-05-11,Smartphone,Electronics,West,Rajasthan,Small Business,2,27666.28,47032.68,0.15,5456.75
ORD14005,2024-08-06,Tablet,Electronics,South,Telangana,Corporate,5,25050.55,125252.74,0.0,18754.01
ORD14006,2023-05-05,Headphones,Electronics,East,Bihar,Corporate,3,3259.07,9777.22,0.0,1304.07
ORD14007,2025-07-19,Office Chair,Furniture,North,Punjab,Consumer,3,9254.01,23597.73,0.15,3699.38
ORD14008,2024-04-08,Printer,Office Supplies,East,West Bengal,Consumer,1,13075.95,11768.35,0.1,2572.01
ORD14009,2025-05-08,Mouse,Electronics,West,Maharashtra,Consumer,1,943.93,943.93,0.0,126.87
ORD14010,2025-07-13,Monitor,Electronics,West,Maharashtra,Consumer,2,16348.87,29427.96,0.1,3658.12
ORD14011,2023-11-22,Printer,Office Supplies,South,Tamil Nadu,Small Business,4,12858.64,48862.83,0.05,10703.33
ORD14012,2025-01-04,Printer,Office Supplies,South,Karnataka,Consumer,3,14080.13,40128.37,0.05,8566.52
ORD14013,2023-10-07,Headphones,Electronics,West,Gujarat,Corporate,2,3272.02,6544.05,0.0,785.76
ORD14014,2023-09-04,Monitor,Electronics,East,Odisha,Corporate,3,13424.17,38258.89,0.05,6196.57
ORD14015,2025-02-23,Mouse,Electronics,West,Rajasthan,Corporate,4,935.11,3366.38,0.1,359.84
ORD14016,2025-07-05,Mouse,Electronics,South,Tamil Nadu,Small Business,5,863.4,3885.32,0.1,517.44
ORD14017,2024-08-26,Backpack,Accessories,West,Maharashtra,Small Business,3,1673.43,4518.26,0.1,820.42
ORD14018,2023-02-01,Office Chair,Furniture,North,Haryana,Consumer,3,9501.38,28504.15,0.0,5337.22
ORD14019,2023-02-21,Monitor,Electronics,West,Maharashtra,Consumer,4,16246.31,55237.44,0.15,7324.69
ORD14020,2025-07-31,Backpack,Accessories,North,Delhi,Consumer,1,1761.8,1761.8,0.0,386.8
ORD14021,2023-01-10,Smartphone,Electronics,East,Odisha,Corporate,5,28153.04,126688.66,0.1,20900.43
ORD14022,2025-03-04,Keyboard,Electronics,North,Punjab,Consumer,2,2194.03,3949.25,0.1,579.93
ORD14023,2023-11-22,Headphones,Electronics,East,West Bengal,Consumer,5,3297.65,15663.85,0.05,1987.68
ORD14024,2025-12-14,Headphones,Electronics,West,Maharashtra,Consumer,3,4164.28,11243.55,0.1,1312.72
ORD14025,2023-04-02,Mouse,Electronics,North,Haryana,Corporate,4,833.59,3167.64,0.05,447.03
ORD14026,2025-10-27,Smartphone,Electronics,East,Bihar,Corporate,3,29846.46,76108.47,0.15,9013.29
ORD14027,2025-08-18,Printer,Office Supplies,South,Tamil Nadu,Small Business,3,14719.28,44157.85,0.0,9423.03
ORD14028,2024-05-05,Laptop,Electronics,North,Delhi,Consumer,2,46138.15,87662.48,0.05,10001.59
ORD14029,2024-10-21,Backpack,Accessories,North,Delhi,Corporate,2,1924.23,3656.03,0.05,666.83
ORD14030,2025-06-20,Monitor,Electronics,South,Telangana,Consumer,3,16552.8,47175.48,0.05,6715.38
ORD14031,2024-06-09,Smartphone,Electronics,West,Gujarat,Consumer,3,28999.21,78297.88,0.1,11512.11
ORD14032,2025-02-10,Monitor,Electronics,South,Telangana,Corporate,4,13634.52,51811.18,0.05,8292.67
ORD14033,2025-04-16,Mouse,Electronics,West,Gujarat,Small Business,5,855.51,3849.78,0.1,448.14
ORD14034,2025-03-04,Notebook,Office Supplies,West,Gujarat,Small Business,5,353.78,1592.01,0.1,317.07
ORD14035,2024-08-04,Backpack,Accessories,South,Karnataka,Corporate,5,1723.15,7323.39,0.15,1338.41
ORD14036,2024-04-14,Laptop,Electronics,South,Telangana,Corporate,5,42622.49,191801.2,0.1,23074.81
ORD14037,2023-10-05,Notebook,Office Supplies,West,Maharashtra,Consumer,5,378.01,1795.54,0.05,367.49
ORD14038,2025-08-30,Tablet,Electronics,South,Telangana,Corporate,1,22845.12,22845.12,0.0,2574.17
ORD14039,2023-09-23,Desk,Furniture,West,Maharashtra,Consumer,4,12097.25,45969.55,0.05,7944.03
ORD14040,2024-09-25,Mouse,Electronics,East,Bihar,Small Business,4,877.51,2983.55,0.15,422.52
ORD14041,2024-04-16,Keyboard,Electronics,North,Delhi,Corporate,1,1938.22,1938.22,0.0,263.02
ORD14042,2025-09-17,Backpack,Accessories,West,Rajasthan,Consumer,1,2063.0,1650.4,0.2,303.32
ORD14043,2024-08-31,Office Chair,Furniture,East,Bihar,Corporate,5,8148.75,40743.75,0.0,6878.86
ORD14044,2025-09-25,Laptop,Electronics,North,Punjab,Corporate,5,54845.92,246806.66,0.1,31575.64
ORD14045,2023-10-27,Desk,Furniture,West,Maharashtra,Small Business,5,14397.91,64790.59,0.1,11113.9
ORD14046,2024-12-23,Office Chair,Furniture,North,Haryana,Consumer,4,9656.74,38626.95,0.0,8350.06
ORD14047,2023-01-25,Desk,Furniture,South,Tamil Nadu,Corporate,3,12058.9,30750.19,0.15,4645.59
ORD14048,2025-05-08,Keyboard,Electronics,East,Bihar,Consumer,5,1419.34,7096.68,0.0,1250.24
ORD14049,2023-07-16,Notebook,Office Supplies,North,Delhi,Consumer,4,300.82,1203.3,0.0,271.92
ORD14050,2023-02-16,Keyboard,Electronics,West,Gujarat,Small Business,4,1691.38,6088.96,0.1,877.77
ORD14051,2025-03-19,Backpack,Accessories,South,Tamil Nadu,Consumer,3,1762.73,4494.96,0.15,800.53
ORD14052,2023-02-05,Mouse,Electronics,South,Tamil Nadu,Small Business,4,888.23,3375.29,0.05,359.07
ORD14053,2025-07-27,Keyboard,Electronics,West,Rajasthan,Consumer,4,2023.54,6475.34,0.2,736.43
ORD14054,2025-08-03,Office Chair,Furniture,East,Odisha,Corporate,4,8178.19,32712.78,0.0,5976.43
ORD14055,2025-08-04,Headphones,Electronics,West,Rajasthan,Corporate,2,3636.0,6908.4,0.05,730.28
ORD14056,2023-11-22,Printer,Office Supplies,South,Tamil Nadu,Consumer,4,13712.64,49365.5,0.1,9358.05
ORD14057,2024-04-18,Headphones,Electronics,South,Karnataka,Small Business,2,3598.45,6837.05,0.05,968.29
ORD14058,2024-07-03,Keyboard,Electronics,South,Tamil Nadu,Consumer,4,1923.19,7308.13,0.05,1001.49
ORD14059,2025-08-10,Mouse,Electronics,East,Odisha,Consumer,2,814.14,1465.45,0.1,224.79
ORD14060,2024-08-25,Monitor,Electronics,East,Odisha,Consumer,5,12829.2,60938.68,0.05,9149.38
ORD14061,2025-05-21,Headphones,Electronics,West,Maharashtra,Small Business,1,3824.65,3633.42,0.05,518.63
ORD14062,2023-12-11,Notebook,Office Supplies,North,Punjab,Consumer,2,327.22,621.71,0.05,120.61
ORD14063,2024-08-11,Notebook,Office Supplies,West,Rajasthan,Small Business,1,402.05,402.05,0.0,90.29
ORD14064,2024-06-30,Notebook,Office Supplies,West,Rajasthan,Consumer,3,352.13,897.93,0.15,179.92
ORD14065,2023-05-25,Headphones,Electronics,East,Bihar,Corporate,5,3741.52,16836.85,0.1,2713.24
ORD14066,2024-06-07,Laptop,Electronics,West,Gujarat,Corporate,4,50265.45,160849.43,0.2,20381.31
ORD14067,2025-11-09,Laptop,Electronics,South,Karnataka,Consumer,2,52074.98,98942.47,0.05,11300.48
ORD14068,2025-01-20,Tablet,Electronics,West,Maharashtra,Consumer,1,22873.11,22873.11,0.0,3250.55
ORD14069,2025-05-29,Mouse,Electronics,West,Rajasthan,Corporate,4,742.07,2523.03,0.15,349.35
ORD14070,2024-03-08,Laptop,Electronics,North,Punjab,Consumer,1,52599.61,52599.61,0.0,7499.82
ORD14071,2025-03-29,Headphones,Electronics,South,Telangana,Small Business,5,3885.12,18454.32,0.05,2341.84
ORD14072,2025-11-16,Desk,Furniture,West,Rajasthan,Consumer,4,11259.36,40533.68,0.1,6473.95
ORD14073,2025-11-10,Office Chair,Furniture,West,Rajasthan,Corporate,1,8451.3,7606.17,0.1,1327.99
ORD14074,2023-06-18,Headphones,Electronics,South,Tamil Nadu,Small Business,2,3224.65,5481.9,0.15,680.59
ORD14075,2025-01-03,Tablet,Electronics,North,Haryana,Small Business,3,24877.68,70901.39,0.05,10068.78
ORD14076,2025-07-25,Printer,Office Supplies,East,Bihar,Consumer,2,12829.32,23092.77,0.1,5292.3
ORD14077,2023-07-23,Keyboard,Electronics,North,Punjab,Corporate,4,1907.15,6865.74,0.1,785.7
ORD14078,2025-09-05,Smartphone,Electronics,North,Delhi,Consumer,4,26018.32,88462.3,0.15,11324.75
ORD14079,2023-02-05,Backpack,Accessories,South,Tamil Nadu,Consumer,4,1845.31,5905.0,0.2,1159.8
ORD14080,2024-04-17,Notebook,Office Supplies,East,Odisha,Consumer,2,347.9,626.23,0.1,152.29
ORD14081,2023-09-16,Mouse,Electronics,North,Delhi,Corporate,4,990.71,3962.84,0.0,521.43
ORD14082,2023-11-15,Monitor,Electronics,West,Maharashtra,Corporate,2,16942.82,32191.36,0.05,4295.8
ORD14083,2024-02-03,Mouse,Electronics,East,Bihar,Consumer,1,915.16,823.64,0.1,99.01
ORD14084,2025-05-31,Keyboard,Electronics,North,Delhi,Consumer,5,1829.86,7776.9,0.15,907.17
ORD14085,2023-05-09,Laptop,Electronics,South,Tamil Nadu,Consumer,2,53226.74,101130.8,0.05,15425.28
ORD14086,2024-02-14,Desk,Furniture,South,Karnataka,Corporate,3,12076.47,32606.47,0.1,6142.95
ORD14087,2023-09-11,Notebook,Office Supplies,West,Rajasthan,Small Business,3,362.34,1032.66,0.05,210.92
ORD14088,2025-12-26,Notebook,Office Supplies,North,Punjab,Corporate,3,324.0,923.4,0.05,189.6
ORD14089,2023-03-16,Laptop,Electronics,North,Delhi,Small Business,5,53594.3,254572.92,0.05,37537.13
ORD14090,2025-06-05,Backpack,Accessories,West,Maharashtra,Small Business,2,1769.19,3538.38,0.0,717.58
ORD14091,2025-08-12,Mouse,Electronics,East,Bihar,Corporate,3,834.33,2252.7,0.1,357.08
ORD14092,2023-07-08,Keyboard,Electronics,South,Tamil Nadu,Corporate,5,1875.68,8909.5,0.05,1147.06
ORD14093,2023-02-27,Office Chair,Furniture,South,Telangana,Corporate,1,8771.36,8771.36,0.0,1460.96
ORD14094,2023-07-30,Notebook,Office Supplies,South,Karnataka,Corporate,3,424.85,1147.08,0.1,228.37
ORD14095,2023-10-18,Office Chair,Furniture,East,West Bengal,Consumer,3,8040.55,21709.5,0.1,3736.88
ORD14096,2024-11-05,Monitor,Electronics,South,Tamil Nadu,Consumer,5,15614.18,78070.88,0.0,8350.63
ORD14097,2023-04-04,Tablet,Electronics,East,West Bengal,Consumer,4,25316.06,101264.23,0.0,15163.82
ORD14098,2025-04-20,Desk,Furniture,South,Karnataka,Corporate,2,12655.11,22779.2,0.1,3940.2
ORD14099,2023-02-18,Laptop,Electronics,North,Haryana,Consumer,3,62845.7,188537.1,0.0,35518.49
ORD14100,2024-03-12,Mouse,Electronics,North,Punjab,Consumer,4,922.05,3319.38,0.1,443.1
ORD14101,2025-08-04,Backpack,Accessories,West,Rajasthan,Consumer,4,1804.41,6495.88,0.1,1194.21
ORD14102,2025-01-03,Tablet,Electronics,North,Delhi,Consumer,2,26282.18,44679.71,0.15,6727.33
ORD14103,2024-03-24,Keyboard,Electronics,West,Maharashtra,Consumer,1,1925.57,1829.29,0.05,259.74
ORD14104,2025-05-24,Tablet,Electronics,North,Delhi,Consumer,5,26088.92,123922.37,0.05,15508.8
ORD14105,2025-03-08,Monitor,Electronics,South,Karnataka,Consumer,3,16028.05,48084.15,0.0,6181.82
ORD14106,2023-09-21,Printer,Office Supplies,East,Bihar,Small Business,5,13922.94,62653.25,0.1,13915.38
ORD14107,2024-08-26,Printer,Office Supplies,East,Odisha,Corporate,2,14926.83,26868.29,0.1,5741.32
ORD14108,2023-06-21,Desk,Furniture,East,West Bengal,Corporate,4,12988.7,49357.08,0.05,8552.26
ORD14109,2023-06-28,Smartphone,Electronics,South,Telangana,Corporate,4,27989.2,100761.11,0.1,13028.35
ORD14110,2025-05-24,Headphones,Electronics,East,West Bengal,Consumer,2,3510.08,6318.15,0.1,886.82
ORD14111,2023-05-19,Printer,Office Supplies,South,Karnataka,Consumer,5,12554.28,59632.82,0.05,11213.88
ORD14112,2025-04-13,Mouse,Electronics,North,Punjab,Consumer,1,1069.16,962.24,0.1,115.49
ORD14113,2025-12-12,Mouse,Electronics,East,Bihar,Corporate,3,889.88,2669.65,0.0,410.58
ORD14114,2025-12-08,Printer,Office Supplies,South,Telangana,Consumer,1,15040.87,12032.7,0.2,2622.57
ORD14115,2024-07-30,Desk,Furniture,North,Delhi,Small Business,3,12817.11,34606.19,0.1,5912.23
ORD14116,2023-05-07,Keyboard,Electronics,West,Maharashtra,Consumer,5,1946.82,8273.99,0.15,955.23
ORD14117,2024-05-29,Smartphone,Electronics,South,Karnataka,Corporate,1,29037.21,26133.49,0.1,3704.87
ORD14118,2025-01-14,Backpack,Accessories,North,Punjab,Consumer,2,1790.59,3044.01,0.15,571.44
ORD14119,2024-01-09,Printer,Office Supplies,South,Telangana,Consumer,3,14222.36,38400.37,0.1,8402.2
ORD14120,2025-10-28,Backpack,Accessories,South,Telangana,Corporate,4,2037.38,6927.11,0.15,1355.22
ORD14121,2024-01-15,Printer,Office Supplies,East,Odisha,Consumer,4,14430.22,54834.83,0.05,12093.27
ORD14122,2024-11-05,Keyboard,Electronics,North,Haryana,Consumer,1,1626.59,1463.93,0.1,162.2
ORD14123,2023-04-06,Notebook,Office Supplies,North,Delhi,Corporate,4,352.21,1338.4,0.05,314.14
ORD14124,2025-06-27,Laptop,Electronics,North,Delhi,Consumer,2,54339.96,92377.94,0.15,12722.61
ORD14125,2024-02-22,Laptop,Electronics,East,Bihar,Small Business,1,52088.77,49484.33,0.05,6553.74
ORD14126,2024-08-05,Headphones,Electronics,West,Maharashtra,Small Business,1,3372.74,3035.47,0.1,429.17
ORD14127,2023-07-31,Mouse,Electronics,East,Odisha,Consumer,2,923.64,1847.28,0.0,278.2
ORD14128,2024-03-13,Notebook,Office Supplies,South,Karnataka,Corporate,3,381.72,1030.65,0.1,248.97
ORD14129,2024-08-23,Office Chair,Furniture,East,Bihar,Corporate,5,7363.06,33133.77,0.1,6300.67
ORD14130,2023-12-22,Keyboard,Electronics,East,Odisha,Small Business,3,1835.17,4679.69,0.15,630.08
ORD14131,2024-05-06,Tablet,Electronics,South,Karnataka,Consumer,2,27390.21,49302.39,0.1,5320.98
ORD14132,2024-08-13,Smartphone,Electronics,East,Odisha,Consumer,5,27847.14,125312.14,0.1,14408.77
ORD14133,2025-12-23,Headphones,Electronics,West,Gujarat,Small Business,4,3326.88,11976.78,0.1,1586.43
ORD14134,2023-12-09,Monitor,Electronics,East,West Bengal,Consumer,5,14002.19,63009.83,0.1,7780.82
ORD14135,2024-03-28,Backpack,Accessories,West,Gujarat,Consumer,3,1771.45,4782.91,0.1,865.14
ORD14136,2023-01-28,Keyboard,Electronics,West,Gujarat,Consumer,4,1937.29,6586.79,0.15,963.47
ORD14137,2023-05-16,Backpack,Accessories,West,Rajasthan,Consumer,3,1866.6,4479.84,0.2,904.49
ORD14138,2023-05-12,Mouse,Electronics,West,Gujarat,Consumer,5,843.89,3797.52,0.1,662.91
ORD14139,2025-11-16,Monitor,Electronics,North,Delhi,Consumer,4,14223.81,54050.47,0.05,7717.28
ORD14140,2024-01-17,Notebook,Office Supplies,West,Rajasthan,Consumer,1,304.46,274.01,0.1,50.03
ORD14141,2024-07-29,Mouse,Electronics,East,West Bengal,Consumer,1,988.92,890.03,0.1,110.93
ORD14142,2025-09-30,Desk,Furniture,South,Karnataka,Consumer,1,12736.39,10825.94,0.15,1891.92
ORD14143,2023-08-20,Office Chair,Furniture,North,Punjab,Consumer,3,8431.69,21500.81,0.15,3547.32
ORD14144,2025-07-19,Laptop,Electronics,South,Telangana,Corporate,4,56207.68,213589.19,0.05,32751.75
ORD14145,2025-01-12,Notebook,Office Supplies,West,Rajasthan,Consumer,1,388.23,368.82,0.05,79.76
ORD14146,2025-03-02,Smartphone,Electronics,South,Telangana,Consumer,4,31464.28,119564.27,0.05,18079.37
ORD14147,2024-09-28,Smartphone,Electronics,East,Bihar,Corporate,3,31549.74,94649.21,0.0,12757.83
ORD14148,2024-12-25,Office Chair,Furniture,North,Delhi,Small Business,3,8831.33,23844.6,0.1,4360.27
ORD14149,2023-03-06,Mouse,Electronics,South,Tamil Nadu,Small Business,2,1053.95,1897.12,0.1,205.04
ORD14150,2024-09-01,Printer,Office Supplies,West,Rajasthan,Consumer,3,11540.59,29428.5,0.15,5167.64
ORD14151,2025-04-21,Headphones,Electronics,North,Haryana,Consumer,4,3388.38,13553.53,0.0,1654.67
ORD14152,2023-04-01,Notebook,Office Supplies,South,Karnataka,Consumer,1,309.42,278.48,0.1,51.4
ORD14153,2023-08-09,Notebook,Office Supplies,North,Delhi,Small Business,1,353.36,335.69,0.05,75.7
ORD14154,2023-07-14,Headphones,Electronics,North,Haryana,Consumer,4,3512.42,12644.72,0.1,1599.41
ORD14155,2024-05-26,Tablet,Electronics,North,Delhi,Small Business,1,22914.34,21768.62,0.05,2723.12
ORD14156,2025-02-15,Monitor,Electronics,North,Haryana,Corporate,4,16427.67,62425.13,0.05,8018.52
ORD14157,2025-03-31,Office Chair,Furniture,West,Gujarat,Small Business,2,8519.9,15335.82,0.1,2273.22
ORD14158,2023-08-15,Smartphone,Electronics,South,Karnataka,Consumer,5,29142.98,138429.15,0.05,21070.73
ORD14159,2024-01-30,Office Chair,Furniture,North,Delhi,Consumer,5,9266.5,39382.62,0.15,6065.15
ORD14160,2024-05-03,Monitor,Electronics,East,West Bengal,Corporate,4,15997.8,63991.2,0.0,8387.29
ORD14161,2024-03-20,Printer,Office Supplies,South,Tamil Nadu,Consumer,1,13530.47,13530.47,0.0,2783.91
ORD14162,2023-04-18,Office Chair,Furniture,North,Delhi,Consumer,1,9540.0,8586.0,0.1,1236.59
ORD14163,2023-06-04,Notebook,Office Supplies,East,Odisha,Consumer,3,374.2,1010.34,0.1,224.02
ORD14164,2024-08-22,Smartphone,Electronics,South,Telangana,Consumer,1,25861.63,25861.63,0.0,3790.68
ORD14165,2024-09-05,Laptop,Electronics,South,Karnataka,Corporate,4,53030.29,169696.94,0.2,17750.93
ORD14166,2025-06-10,Office Chair,Furniture,East,Odisha,Consumer,3,9296.46,22311.5,0.2,3631.6
ORD14167,2025-04-26,Monitor,Electronics,West,Gujarat,Consumer,2,15254.79,30509.58,0.0,4415.13
ORD14168,2024-11-10,Smartphone,Electronics,West,Rajasthan,Consumer,1,27520.99,26144.94,0.05,3749.72
ORD14169,2023-12-04,Notebook,Office Supplies,East,West Bengal,Consumer,3,331.63,895.39,0.1,176.38
ORD14170,2023-08-26,Mouse,Electronics,East,West Bengal,Consumer,3,857.15,2314.29,0.1,309.04
ORD14171,2023-12-26,Desk,Furniture,West,Rajasthan,Consumer,3,12522.14,35688.11,0.05,6577.21
ORD14172,2024-03-07,Monitor,Electronics,East,West Bengal,Corporate,3,14407.52,41061.43,0.05,5646.56
ORD14173,2023-09-06,Office Chair,Furniture,East,Odisha,Corporate,1,9026.01,8123.41,0.1,1424.45
ORD14174,2024-05-24,Mouse,Electronics,North,Haryana,Consumer,2,950.4,1900.8,0.0,248.1
ORD14175,2023-07-20,Mouse,Electronics,East,Bihar,Consumer,5,911.67,4102.5,0.1,491.41
ORD14176,2024-06-26,Mouse,Electronics,West,Gujarat,Corporate,3,843.29,2023.9,0.2,252.87
ORD14177,2025-05-27,Smartphone,Electronics,East,Odisha,Corporate,5,26443.56,118996.02,0.1,15237.75
ORD14178,2024-09-19,Monitor,Electronics,West,Gujarat,Consumer,5,15539.74,69928.85,0.1,9130.14
ORD14179,2025-06-18,Laptop,Electronics,South,Karnataka,Corporate,3,52835.76,126805.83,0.2,18991.09
ORD14180,2024-06-14,Tablet,Electronics,West,Gujarat,Small Business,3,22896.21,61819.76,0.1,7866.74
ORD14181,2025-09-10,Smartphone,Electronics,North,Punjab,Corporate,2,27272.57,49090.63,0.1,5439.93
ORD14182,2024-07-03,Headphones,Electronics,North,Haryana,Consumer,4,3751.28,12754.36,0.15,1509.55
ORD14183,2023-07-18,Desk,Furniture,North,Haryana,Small Business,3,11007.04,29719.01,0.1,5617.65
ORD14184,2024-09-02,Tablet,Electronics,East,Odisha,Small Business,4,22274.8,84644.25,0.05,14218.83
ORD14185,2024-03-29,Tablet,Electronics,North,Haryana,Consumer,2,21642.69,36792.57,0.15,5316.49
ORD14186,2025-07-30,Tablet,Electronics,North,Haryana,Consumer,5,21246.39,106231.93,0.0,14422.8
ORD14187,2023-03-06,Monitor,Electronics,East,West Bengal,Small Business,3,14623.21,37289.19,0.15,5432.69
ORD14188,2023-11-29,Mouse,Electronics,East,Bihar,Consumer,5,848.96,3820.32,0.1,591.45
ORD14189,2024-03-18,Headphones,Electronics,North,Punjab,Consumer,3,3191.55,8138.45,0.15,1146.1
ORD14190,2023-02-24,Tablet,Electronics,North,Punjab,Consumer,5,23269.49,98895.31,0.15,11151.43
ORD14191,2023-12-21,Keyboard,Electronics,North,Delhi,Consumer,4,1616.12,6141.26,0.05,914.2
ORD14192,2023-09-12,Monitor,Electronics,South,Karnataka,Consumer,3,15284.06,41266.96,0.1,4760.09
ORD14193,2023-01-03,Keyboard,Electronics,South,Tamil Nadu,Consumer,3,1849.91,4994.76,0.1,739.84
ORD14194,2025-09-08,Office Chair,Furniture,South,Telangana,Consumer,3,9188.55,24809.09,0.1,4097.54
ORD14195,2025-07-10,Mouse,Electronics,South,Telangana,Small Business,5,946.97,4734.84,0.0,715.26
ORD14196,2024-06-22,Mouse,Electronics,West,Gujarat,Consumer,4,871.0,3135.6,0.1,486.76
ORD14197,2023-05-14,Keyboard,Electronics,South,Karnataka,Corporate,1,1538.27,1538.27,0.0,215.22
ORD14198,2024-07-31,Headphones,Electronics,East,West Bengal,Corporate,5,3239.23,16196.14,0.0,1648.27
ORD14199,2025-08-05,Printer,Office Supplies,South,Telangana,Consumer,2,13725.86,26079.13,0.05,6669.11
ORD14200,2025-03-10,Keyboard,Electronics,North,Delhi,Consumer,3,2082.12,5309.41,0.15,708.96
ORD14201,2025-07-01,Laptop,Electronics,South,Telangana,Consumer,1,59310.57,53379.51,0.1,6959.24
ORD14202,2025-09-08,Office Chair,Furniture,West,Gujarat,Consumer,5,8587.61,40791.14,0.05,7585.11
ORD14203,2024-02-12,Keyboard,Electronics,West,Maharashtra,Corporate,1,2067.76,1964.37,0.05,281.58
ORD14204,2025-01-12,Printer,Office Supplies,South,Telangana,Corporate,5,14276.18,64242.82,0.1,13934.0
ORD14205,2025-12-05,Office Chair,Furniture,South,Telangana,Small Business,4,8190.05,29484.2,0.1,5219.54
ORD14206,2024-12-23,Smartphone,Electronics,North,Punjab,Corporate,2,27368.37,46526.23,0.15,5941.49
ORD14207,2023-07-16,Office Chair,Furniture,East,West Bengal,Consumer,4,10031.66,36113.98,0.1,6959.38
ORD14208,2025-12-11,Laptop,Electronics,North,Delhi,Corporate,5,52732.29,237295.31,0.1,40817.44
ORD14209,2024-06-20,Printer,Office Supplies,North,Delhi,Consumer,1,14579.85,14579.85,0.0,3353.7
ORD14210,2024-11-19,Mouse,Electronics,South,Telangana,Corporate,4,869.99,2783.97,0.2,304.99
ORD14211,2024-11-17,Headphones,Electronics,South,Tamil Nadu,Corporate,1,3569.28,3212.35,0.1,392.05
ORD14212,2023-01-04,Laptop,Electronics,South,Karnataka,Consumer,3,55522.53,149910.82,0.1,22873.74
ORD14213,2025-11-07,Monitor,Electronics,South,Telangana,Corporate,1,15864.52,14278.06,0.1,1921.1
ORD14214,2024-09-06,Office Chair,Furniture,North,Haryana,Consumer,2,8028.21,15253.6,0.05,2925.39
ORD14215,2025-11-15,Desk,Furniture,West,Gujarat,Small Business,3,11063.99,29872.78,0.1,4415.88
ORD14216,2024-03-01,Laptop,Electronics,West,Gujarat,Consumer,4,51758.09,165625.87,0.2,20468.55
ORD14217,2024-12-25,Smartphone,Electronics,West,Gujarat,Corporate,5,32352.21,145584.96,0.1,25488.97
ORD14218,2023-08-26,Smartphone,Electronics,West,Maharashtra,Consumer,5,29229.82,124226.73,0.15,15163.55
ORD14219,2025-01-03,Mouse,Electronics,East,West Bengal,Corporate,1,961.14,865.03,0.1,117.59
ORD14220,2024-10-19,Printer,Office Supplies,North,Haryana,Consumer,2,14271.38,27115.63,0.05,6253.71
ORD14221,2023-02-12,Smartphone,Electronics,South,Telangana,Small Business,3,29511.05,88533.16,0.0,13098.96
ORD14222,2023-04-15,Printer,Office Supplies,South,Karnataka,Corporate,2,14199.09,26978.26,0.05,5450.95
ORD14223,2024-03-05,Backpack,Accessories,North,Delhi,Corporate,5,1895.86,9005.36,0.05,2031.58
ORD14224,2024-10-05,Headphones,Electronics,East,Bihar,Consumer,5,3362.36,16811.82,0.0,1753.61
ORD14225,2024-01-31,Desk,Furniture,West,Rajasthan,Consumer,1,12832.27,10907.43,0.15,1627.4
ORD14226,2025-05-26,Desk,Furniture,East,West Bengal,Corporate,4,12210.81,43958.92,0.1,8157.93
ORD14227,2024-12-15,Tablet,Electronics,East,Odisha,Corporate,3,26477.88,75461.95,0.05,11161.99
ORD14228,2025-01-17,Desk,Furniture,West,Maharashtra,Small Business,4,11302.57,36168.22,0.2,6376.19
ORD14229,2025-07-22,Keyboard,Electronics,East,Bihar,Corporate,1,2039.49,2039.49,0.0,275.47
ORD14230,2025-10-20,Keyboard,Electronics,West,Rajasthan,Corporate,3,1860.58,5302.66,0.05,660.16
ORD14231,2025-02-06,Mouse,Electronics,North,Delhi,Consumer,2,900.96,1531.64,0.15,235.59
ORD14232,2023-01-26,Desk,Furniture,South,Tamil Nadu,Corporate,4,10278.82,34948.0,0.15,5018.2
ORD14233,2025-04-26,Monitor,Electronics,East,Bihar,Consumer,5,13203.18,56113.5,0.15,7615.46
ORD14234,2025-12-27,Notebook,Office Supplies,South,Karnataka,Small Business,5,393.21,1867.75,0.05,358.35
ORD14235,2025-07-30,Keyboard,Electronics,South,Telangana,Corporate,2,1783.3,3566.61,0.0,541.22
ORD14236,2025-02-22,Notebook,Office Supplies,West,Rajasthan,Small Business,2,375.17,712.83,0.05,145.85
ORD14237,2024-01-23,Mouse,Electronics,West,Rajasthan,Consumer,5,875.94,3941.74,0.1,517.63
ORD14238,2024-10-24,Keyboard,Electronics,North,Haryana,Consumer,5,1618.9,7689.78,0.05,1182.47
ORD14239,2023-05-12,Laptop,Electronics,West,Rajasthan,Small Business,1,56202.52,47772.14,0.15,6471.04
ORD14240,2024-02-01,Backpack,Accessories,East,West Bengal,Small Business,3,2001.04,5702.96,0.05,1427.09
ORD14241,2024-11-09,Tablet,Electronics,West,Gujarat,Consumer,3,25521.81,65080.62,0.15,8480.78
ORD14242,2023-10-04,Office Chair,Furniture,South,Tamil Nadu,Consumer,1,7574.16,7574.16,0.0,1527.57
ORD14243,2023-05-15,Mouse,Electronics,West,Gujarat,Small Business,5,960.52,4082.22,0.15,503.06
ORD14244,2023-04-24,Notebook,Office Supplies,East,Bihar,Consumer,3,289.73,869.18,0.0,177.26
ORD14245,2025-08-27,Desk,Furniture,North,Delhi,Consumer,1,10634.14,9039.02,0.15,1603.4
ORD14246,2023-06-16,Backpack,Accessories,North,Haryana,Small Business,2,1671.59,3008.86,0.1,609.71
ORD14247,2024-11-19,Printer,Office Supplies,West,Maharashtra,Corporate,4,14653.96,55685.06,0.05,11814.56
ORD14248,2024-07-23,Printer,Office Supplies,West,Maharashtra,Consumer,3,15251.98,45755.95,0.0,10105.31
ORD14249,2024-03-31,Tablet,Electronics,East,West Bengal,Corporate,3,24034.79,64893.95,0.1,7112.61
ORD14250,2025-02-02,Printer,Office Supplies,South,Tamil Nadu,Corporate,3,15277.27,43540.22,0.05,9913.59
ORD14251,2023-12-07,Office Chair,Furniture,East,Odisha,Consumer,5,7054.58,33509.27,0.05,5629.5
ORD14252,2024-08-16,Laptop,Electronics,East,Bihar,Consumer,1,46535.25,41881.73,0.1,5943.66
ORD14253,2023-03-01,Tablet,Electronics,North,Haryana,Small Business,1,24573.58,23344.9,0.05,3437.17
ORD14254,2023-03-23,Smartphone,Electronics,West,Maharashtra,Corporate,5,27637.12,124367.02,0.1,17950.78
ORD14255,2024-05-09,Smartphone,Electronics,West,Rajasthan,Corporate,4,27920.96,100515.47,0.1,14487.85
ORD14256,2024-01-24,Tablet,Electronics,East,Odisha,Consumer,5,26499.76,119248.9,0.1,10566.17
ORD14257,2023-11-13,Mouse,Electronics,South,Karnataka,Consumer,5,932.35,4661.76,0.0,601.8
ORD14258,2025-08-08,Desk,Furniture,South,Tamil Nadu,Consumer,3,11186.6,33559.79,0.0,6069.25
ORD14259,2023-07-15,Headphones,Electronics,East,Odisha,Corporate,4,3750.24,14250.89,0.05,1962.58
ORD14260,2023-08-31,Headphones,Electronics,West,Maharashtra,Consumer,2,3913.67,7435.97,0.05,1198.62
ORD14261,2024-08-09,Office Chair,Furniture,North,Punjab,Consumer,3,8333.74,23751.16,0.05,4357.96
ORD14262,2025-09-05,Laptop,Electronics,South,Karnataka,Consumer,1,46320.52,41688.47,0.1,5401.78
ORD14263,2024-11-02,Laptop,Electronics,North,Delhi,Consumer,2,52162.36,93892.25,0.1,13532.36
ORD14264,2024-05-06,Mouse,Electronics,East,Bihar,Corporate,4,828.95,2984.21,0.1,420.84
ORD14265,2025-05-30,Notebook,Office Supplies,East,Odisha,Corporate,3,325.66,976.99,0.0,219.66
ORD14266,2025-08-03,Backpack,Accessories,South,Telangana,Consumer,3,1703.11,4598.4,0.1,973.41
ORD14267,2024-11-23,Notebook,Office Supplies,West,Gujarat,Corporate,4,335.72,1208.6,0.1,257.15
ORD14268,2025-07-18,Monitor,Electronics,South,Telangana,Corporate,4,15079.35,57301.55,0.05,8593.5
ORD14269,2024-11-14,Smartphone,Electronics,North,Delhi,Consumer,2,27449.22,54898.44,0.0,6933.97
ORD14270,2024-07-31,Tablet,Electronics,North,Haryana,Consumer,4,22895.16,87001.61,0.05,9284.64
ORD14271,2024-01-26,Keyboard,Electronics,East,Bihar,Consumer,3,1468.19,4404.57,0.0,599.72
ORD14272,2023-07-11,Headphones,Electronics,East,West Bengal,Corporate,3,3513.76,10014.22,0.05,1286.91
ORD14273,2025-12-28,Backpack,Accessories,South,Karnataka,Consumer,2,2059.25,4118.49,0.0,695.27
ORD14274,2025-04-15,Office Chair,Furniture,North,Punjab,Small Business,2,7732.74,14692.21,0.05,2304.88
ORD14275,2025-09-03,Laptop,Electronics,South,Telangana,Consumer,3,48297.54,144892.62,0.0,20778.51
ORD14276,2024-01-13,Tablet,Electronics,West,Rajasthan,Corporate,1,25064.06,22557.65,0.1,3248.09
ORD14277,2023-02-17,Desk,Furniture,North,Haryana,Consumer,5,11535.78,49027.05,0.15,7142.91
ORD14278,2024-06-03,Printer,Office Supplies,West,Gujarat,Corporate,4,13357.94,48088.59,0.1,9902.59
ORD14279,2023-03-01,Backpack,Accessories,West,Maharashtra,Small Business,4,1781.43,7125.72,0.0,1365.12
ORD14280,2025-06-21,Desk,Furniture,South,Tamil Nadu,Corporate,2,11989.66,21581.38,0.1,3746.34
ORD14281,2024-03-27,Mouse,Electronics,South,Karnataka,Corporate,2,953.64,1811.92,0.05,260.87
ORD14282,2024-03-11,Tablet,Electronics,East,West Bengal,Consumer,4,23054.96,78386.88,0.15,10957.76
ORD14283,2023-04-01,Laptop,Electronics,South,Telangana,Corporate,3,52026.11,156078.32,0.0,22298.17
ORD14284,2025-06-10,Laptop,Electronics,North,Delhi,Consumer,4,55927.24,201338.07,0.1,34516.65
ORD14285,2023-12-10,Office Chair,Furniture,West,Maharashtra,Corporate,4,9715.71,38862.85,0.0,6104.68
ORD14286,2025-10-15,Backpack,Accessories,South,Karnataka,Corporate,5,1757.22,7468.2,0.15,1361.05
ORD14287,2025-07-27,Office Chair,Furniture,North,Delhi,Corporate,5,8789.07,41748.06,0.05,6884.75
ORD14288,2025-09-11,Headphones,Electronics,South,Karnataka,Consumer,1,3744.48,3370.04,0.1,365.57
ORD14289,2023-01-11,Headphones,Electronics,East,Odisha,Corporate,2,3759.07,6766.33,0.1,856.9
ORD14290,2023-06-21,Smartphone,Electronics,North,Delhi,Small Business,5,30572.02,129931.1,0.15,16928.9
ORD14291,2023-06-08,Mouse,Electronics,East,Bihar,Corporate,2,905.98,1630.77,0.1,210.29
ORD14292,2024-05-27,Smartphone,Electronics,East,West Bengal,Small Business,1,25213.23,25213.23,0.0,3502.66
ORD14293,2024-08-18,Backpack,Accessories,North,Punjab,Small Business,3,1742.93,4967.35,0.05,761.18
ORD14294,2024-07-15,Notebook,Office Supplies,South,Telangana,Corporate,4,303.5,1153.32,0.05,223.9
ORD14295,2023-11-23,Office Chair,Furniture,South,Tamil Nadu,Consumer,1,8138.33,7324.49,0.1,1230.77
ORD14296,2025-06-15,Printer,Office Supplies,West,Maharashtra,Consumer,1,15206.21,14445.9,0.05,3240.9
ORD14297,2024-10-23,Desk,Furniture,West,Gujarat,Consumer,1,12290.09,11061.08,0.1,1910.67
ORD14298,2024-03-04,Smartphone,Electronics,North,Haryana,Corporate,1,24219.39,21797.45,0.1,3080.4
ORD14299,2024-01-09,Office Chair,Furniture,West,Maharashtra,Corporate,3,8725.33,23558.39,0.1,3916.6
ORD14300,2023-03-20,Monitor,Electronics,South,Tamil Nadu,Corporate,4,15236.3,54850.67,0.1,8738.27
ORD14301,2023-09-19,Tablet,Electronics,West,Rajasthan,Consumer,4,23749.25,80747.44,0.15,10267.82
ORD14302,2023-10-07,Backpack,Accessories,South,Tamil Nadu,Consumer,4,1702.87,6130.33,0.1,1214.53
ORD14303,2023-05-07,Desk,Furniture,East,West Bengal,Corporate,4,11194.27,35821.66,0.2,5359.8
ORD14304,2024-08-20,Monitor,Electronics,South,Telangana,Consumer,5,16371.3,77763.66,0.05,11398.0
ORD14305,2023-04-08,Smartphone,Electronics,North,Delhi,Small Business,3,25682.1,77046.29,0.0,8891.85
ORD14306,2025-10-26,Backpack,Accessories,South,Tamil Nadu,Consumer,2,1807.84,3434.89,0.05,797.12
ORD14307,2025-07-23,Keyboard,Electronics,South,Telangana,Consumer,5,1866.69,9333.44,0.0,1081.25
ORD14308,2025-01-23,Printer,Office Supplies,East,Odisha,Consumer,1,13253.49,12590.82,0.05,3004.59
ORD14309,2025-01-04,Desk,Furniture,South,Telangana,Corporate,3,12583.7,33975.98,0.1,5915.49
ORD14310,2025-05-20,Mouse,Electronics,South,Tamil Nadu,Consumer,5,904.16,3616.65,0.2,391.79
ORD14311,2025-03-23,Desk,Furniture,East,Odisha,Consumer,3,11648.54,33198.34,0.05,5607.41
ORD14312,2024-12-23,Mouse,Electronics,West,Rajasthan,Small Business,5,840.25,3991.19,0.05,577.27
ORD14313,2025-06-19,Office Chair,Furniture,North,Delhi,Corporate,4,8682.95,32995.22,0.05,5768.09
ORD14314,2024-02-11,Monitor,Electronics,West,Maharashtra,Consumer,3,15820.09,42714.24,0.1,3595.08
ORD14315,2023-08-05,Office Chair,Furniture,East,Bihar,Consumer,5,8772.17,39474.77,0.1,7301.12
ORD14316,2024-03-30,Smartphone,Electronics,South,Telangana,Small Business,5,28286.07,127287.3,0.1,13583.12
ORD14317,2025-05-09,Mouse,Electronics,South,Tamil Nadu,Consumer,5,887.01,3991.54,0.1,527.25
ORD14318,2023-05-11,Tablet,Electronics,East,Odisha,Consumer,4,23630.83,94523.33,0.0,13307.35
ORD14319,2024-07-16,Backpack,Accessories,South,Telangana,Consumer,4,1726.4,5869.76,0.15,1170.44
ORD14320,2025-12-05,Printer,Office Supplies,South,Telangana,Consumer,2,13031.14,26062.27,0.0,6254.3
ORD14321,2024-11-23,Laptop,Electronics,North,Punjab,Consumer,5,53707.1,228255.16,0.15,29325.35
ORD14322,2023-03-09,Monitor,Electronics,East,West Bengal,Corporate,2,14159.08,26902.26,0.05,3936.44
ORD14323,2024-07-24,Tablet,Electronics,North,Haryana,Small Business,5,23342.4,116711.99,0.0,17273.21
ORD14324,2024-06-19,Backpack,Accessories,South,Karnataka,Corporate,2,1773.88,3192.98,0.1,553.69
ORD14325,2025-01-13,Laptop,Electronics,North,Delhi,Corporate,1,46149.25,39226.86,0.15,4856.46
ORD14326,2024-08-21,Mouse,Electronics,East,West Bengal,Consumer,5,984.98,4924.88,0.0,807.14
ORD14327,2023-04-20,Laptop,Electronics,West,Gujarat,Corporate,3,52691.06,158073.17,0.0,23236.49
ORD14328,2025-11-08,Smartphone,Electronics,South,Telangana,Consumer,4,28259.17,96081.18,0.15,13306.8
ORD14329,2025-03-26,Desk,Furniture,South,Tamil Nadu,Consumer,2,12568.9,23880.9,0.05,4122.41
ORD14330,2024-01-10,Backpack,Accessories,West,Maharashtra,Consumer,4,1669.69,5676.93,0.15,1023.59
ORD14331,2024-11-17,Desk,Furniture,South,Telangana,Consumer,4,11857.04,42685.35,0.1,7102.38
ORD14332,2025-11-05,Desk,Furniture,South,Karnataka,Consumer,4,11642.09,41911.54,0.1,7160.52
ORD14333,2023-09-28,Office Chair,Furniture,North,Haryana,Consumer,4,8303.88,31554.75,0.05,5188.77
ORD14334,2023-09-13,Backpack,Accessories,South,Karnataka,Consumer,3,1875.47,5063.77,0.1,943.11
ORD14335,2025-12-08,Keyboard,Electronics,North,Delhi,Consumer,3,1798.84,5126.7,0.05,736.78
ORD14336,2024-10-26,Monitor,Electronics,North,Punjab,Small Business,1,16778.68,15100.81,0.1,1981.88
ORD14337,2023-02-16,Printer,Office Supplies,South,Telangana,Corporate,4,14474.94,52109.79,0.1,12042.55
ORD14338,2025-03-30,Monitor,Electronics,South,Tamil Nadu,Consumer,4,12434.7,47251.87,0.05,5604.75
ORD14339,2023-05-27,Tablet,Electronics,North,Punjab,Corporate,4,26851.92,107407.66,0.0,13534.55
ORD14340,2023-11-17,Office Chair,Furniture,East,Bihar,Small Business,1,8150.7,7335.63,0.1,1468.99
ORD14341,2023-06-29,Notebook,Office Supplies,West,Gujarat,Consumer,2,341.75,649.32,0.05,144.34
ORD14342,2025-10-10,Mouse,Electronics,South,Karnataka,Consumer,4,884.55,3361.28,0.05,446.28
ORD14343,2024-09-16,Tablet,Electronics,East,Bihar,Corporate,1,23349.39,23349.39,0.0,3143.29
ORD14344,2025-02-10,Keyboard,Electronics,East,Odisha,Corporate,1,1858.87,1672.99,0.1,210.12
ORD14345,2025-09-01,Tablet,Electronics,East,West Bengal,Consumer,2,25834.5,51668.99,0.0,9302.53
ORD14346,2024-08-27,Laptop,Electronics,West,Rajasthan,Consumer,4,46787.76,168435.92,0.1,20054.21
ORD14347,2025-08-23,Mouse,Electronics,East,West Bengal,Corporate,3,826.71,1984.1,0.2,235.72
ORD14348,2025-12-18,Smartphone,Electronics,East,West Bengal,Small Business,3,29314.74,87944.23,0.0,15912.65
ORD14349,2024-02-01,Laptop,Electronics,West,Maharashtra,Corporate,1,48341.92,45924.82,0.05,6951.64
ORD14350,2024-10-23,Headphones,Electronics,North,Punjab,Consumer,1,3059.17,2906.21,0.05,420.34
ORD14351,2023-11-06,Headphones,Electronics,East,Odisha,Consumer,5,3502.29,16635.89,0.05,2108.67
ORD14352,2023-01-19,Notebook,Office Supplies,South,Tamil Nadu,Consumer,4,324.83,1234.36,0.05,274.51
ORD14353,2024-04-15,Mouse,Electronics,West,Maharashtra,Consumer,4,857.24,3428.96,0.0,519.94
ORD14354,2024-06-16,Headphones,Electronics,East,West Bengal,Corporate,2,3750.71,7501.42,0.0,1103.14
ORD14355,2023-06-19,Monitor,Electronics,North,Delhi,Corporate,2,17030.5,30654.89,0.1,5050.87
ORD14356,2024-12-24,Backpack,Accessories,North,Delhi,Consumer,4,1683.65,6061.14,0.1,1143.55
ORD14357,2023-12-08,Laptop,Electronics,North,Punjab,Consumer,2,47151.99,84873.58,0.1,8461.43
ORD14358,2025-04-09,Tablet,Electronics,South,Tamil Nadu,Consumer,5,26713.29,133566.46,0.0,18941.2
ORD14359,2023-04-12,Desk,Furniture,East,Odisha,Corporate,3,12703.86,30489.27,0.2,5475.06
ORD14360,2025-12-03,Headphones,Electronics,West,Rajasthan,Consumer,2,3235.54,6471.07,0.0,925.1
ORD14361,2023-09-02,Smartphone,Electronics,West,Gujarat,Consumer,3,28023.51,75663.48,0.1,11594.45
ORD14362,2023-08-15,Desk,Furniture,East,Odisha,Consumer,5,11237.01,44948.04,0.2,6465.89
ORD14363,2024-02-02,Headphones,Electronics,East,West Bengal,Consumer,4,3341.57,12029.65,0.1,1836.68
ORD14364,2025-10-30,Desk,Furniture,West,Maharashtra,Corporate,3,10386.11,31158.33,0.0,5568.73
ORD14365,2024-08-27,Backpack,Accessories,West,Rajasthan,Consumer,1,1704.6,1619.37,0.05,324.03
ORD14366,2023-11-28,Office Chair,Furniture,West,Maharashtra,Corporate,3,8621.63,25864.9,0.0,4897.84
ORD14367,2023-10-06,Office Chair,Furniture,West,Rajasthan,Small Business,5,9228.83,41529.75,0.1,7078.45
ORD14368,2023-03-05,Desk,Furniture,South,Karnataka,Consumer,5,10556.21,47502.94,0.1,7235.92
ORD14369,2023-04-18,Office Chair,Furniture,West,Gujarat,Small Business,2,9614.02,18266.65,0.05,3326.3
ORD14370,2024-03-29,Smartphone,Electronics,South,Karnataka,Consumer,4,29948.6,101825.23,0.15,12477.45
ORD14371,2024-02-08,Printer,Office Supplies,East,Bihar,Corporate,1,13951.45,13253.87,0.05,2889.02
ORD14372,2024-01-19,Smartphone,Electronics,South,Telangana,Consumer,3,25594.44,69104.99,0.1,9042.01
ORD14373,2024-10-28,Monitor,Electronics,West,Gujarat,Corporate,1,12808.79,10887.48,0.15,1322.52
ORD14374,2025-03-03,Monitor,Electronics,East,West Bengal,Consumer,2,16643.18,28293.4,0.15,3426.74
ORD14375,2024-03-07,Laptop,Electronics,West,Rajasthan,Consumer,1,53707.65,51022.27,0.05,6367.78
ORD14376,2025-10-14,Office Chair,Furniture,East,Bihar,Consumer,1,7999.1,7599.15,0.05,1345.53
ORD14377,2025-08-13,Headphones,Electronics,South,Tamil Nadu,Consumer,3,3567.5,9097.13,0.15,1111.08
ORD14378,2025-01-16,Tablet,Electronics,North,Haryana,Consumer,1,27080.95,27080.95,0.0,4040.53
ORD14379,2025-06-07,Mouse,Electronics,North,Delhi,Consumer,1,857.96,815.06,0.05,100.98
ORD14380,2024-07-28,Backpack,Accessories,West,Rajasthan,Consumer,4,1808.2,6509.52,0.1,1210.11
ORD14381,2024-09-01,Tablet,Electronics,North,Punjab,Small Business,3,24721.01,66746.72,0.1,9590.24
ORD14382,2025-04-25,Notebook,Office Supplies,North,Haryana,Corporate,4,315.9,1137.23,0.1,263.25
ORD14383,2023-01-05,Keyboard,Electronics,West,Maharashtra,Consumer,2,1917.33,3451.2,0.1,444.82
ORD14384,2024-05-26,Backpack,Accessories,West,Rajasthan,Corporate,1,1641.71,1395.45,0.15,312.65
ORD14385,2023-08-31,Laptop,Electronics,East,West Bengal,Corporate,3,52089.69,132828.72,0.15,18157.41
ORD14386,2023-03-29,Smartphone,Electronics,East,Odisha,Consumer,4,24774.5,99098.01,0.0,10480.92
ORD14387,2025-07-20,Notebook,Office Supplies,East,Odisha,Small Business,3,349.55,1048.65,0.0,227.35
ORD14388,2023-04-24,Printer,Office Supplies,South,Tamil Nadu,Consumer,4,13712.36,46622.03,0.15,9145.79
ORD14389,2025-03-24,Headphones,Electronics,East,Odisha,Consumer,1,4035.31,3631.78,0.1,474.5
ORD14390,2023-06-12,Notebook,Office Supplies,South,Karnataka,Corporate,2,287.74,546.71,0.05,110.06
ORD14391,2024-09-14,Smartphone,Electronics,West,Gujarat,Small Business,1,25987.07,25987.07,0.0,3293.14
ORD14392,2023-05-05,Tablet,Electronics,West,Rajasthan,Consumer,3,21303.64,63910.91,0.0,10101.56
ORD14393,2023-08-17,Backpack,Accessories,South,Telangana,Consumer,4,2049.06,8196.23,0.0,1745.09
ORD14394,2024-07-02,Headphones,Electronics,North,Haryana,Consumer,1,4167.86,4167.86,0.0,611.3
ORD14395,2023-10-04,Office Chair,Furniture,West,Rajasthan,Consumer,3,9754.02,27798.96,0.05,4899.81
ORD14396,2024-01-06,Desk,Furniture,West,Gujarat,Small Business,4,11257.21,40525.96,0.1,7715.87
ORD14397,2023-04-28,Printer,Office Supplies,South,Tamil Nadu,Corporate,1,13485.34,13485.34,0.0,2921.87
ORD14398,2025-07-14,Tablet,Electronics,North,Delhi,Consumer,4,28627.02,97331.88,0.15,13208.49
ORD14399,2025-07-10,Desk,Furniture,South,Tamil Nadu,Consumer,2,12263.06,24526.12,0.0,4363.09
ORD14400,2024-05-19,Mouse,Electronics,South,Karnataka,Corporate,2,785.62,1492.67,0.05,168.61
ORD14401,2024-08-09,Laptop,Electronics,South,Tamil Nadu,Consumer,1,50687.25,43084.17,0.15,6261.74
ORD14402,2023-02-14,Tablet,Electronics,West,Gujarat,Consumer,3,24486.36,69786.13,0.05,7789.16
ORD14403,2025-08-21,Mouse,Electronics,North,Punjab,Consumer,2,888.74,1777.49,0.0,240.32
ORD14404,2023-05-21,Backpack,Accessories,North,Punjab,Consumer,4,1807.39,7229.57,0.0,1497.53
ORD14405,2024-03-22,Printer,Office Supplies,East,Odisha,Consumer,5,13606.86,54427.45,0.2,9982.11
ORD14406,2025-01-15,Headphones,Electronics,South,Tamil Nadu,Small Business,5,3765.87,16946.4,0.1,2807.13
ORD14407,2025-09-25,Mouse,Electronics,South,Tamil Nadu,Consumer,4,843.07,3372.27,0.0,609.92
ORD14408,2025-12-15,Keyboard,Electronics,West,Gujarat,Corporate,2,2160.54,4321.08,0.0,686.17
ORD14409,2025-12-09,Mouse,Electronics,West,Gujarat,Consumer,1,784.58,666.89,0.15,90.86
ORD14410,2023-09-14,Monitor,Electronics,West,Gujarat,Consumer,5,15308.72,61234.89,0.2,7813.83
ORD14411,2023-02-18,Tablet,Electronics,North,Punjab,Consumer,1,21556.33,19400.7,0.1,2271.74
ORD14412,2024-03-23,Keyboard,Electronics,South,Telangana,Consumer,3,1730.2,4412.01,0.15,678.49
ORD14413,2023-04-11,Mouse,Electronics,South,Tamil Nadu,Consumer,4,847.68,3221.17,0.05,375.68
ORD14414,2023-02-22,Smartphone,Electronics,South,Telangana,Corporate,1,29857.1,28364.24,0.05,3610.05
ORD14415,2023-05-12,Printer,Office Supplies,East,Odisha,Corporate,5,12722.08,60429.89,0.05,13435.77
ORD14416,2023-12-17,Headphones,Electronics,South,Telangana,Corporate,1,3543.22,3188.9,0.1,439.44
ORD14417,2023-04-11,Laptop,Electronics,South,Telangana,Corporate,2,58282.32,116564.64,0.0,15249.74
ORD14418,2024-05-27,Notebook,Office Supplies,East,West Bengal,Corporate,5,332.83,1580.92,0.05,347.26
ORD14419,2025-11-10,Backpack,Accessories,North,Delhi,Corporate,2,1890.69,3781.38,0.0,718.6
ORD14420,2023-09-25,Desk,Furniture,South,Karnataka,Consumer,1,11525.96,11525.96,0.0,1817.3
ORD14421,2024-04-01,Backpack,Accessories,South,Tamil Nadu,Consumer,5,1932.24,9661.19,0.0,1699.55
ORD14422,2024-02-15,Mouse,Electronics,South,Karnataka,Corporate,3,981.4,2944.2,0.0,423.92
ORD14423,2024-10-25,Tablet,Electronics,West,Rajasthan,Corporate,1,23111.02,23111.02,0.0,2994.98
ORD14424,2025-09-27,Printer,Office Supplies,North,Delhi,Consumer,4,13740.22,54960.89,0.0,12235.48
ORD14425,2023-08-27,Printer,Office Supplies,East,West Bengal,Consumer,3,15219.25,41091.98,0.1,8272.95
ORD14426,2024-02-17,Notebook,Office Supplies,South,Karnataka,Consumer,3,351.91,1055.72,0.0,198.83
ORD14427,2024-02-01,Office Chair,Furniture,West,Maharashtra,Corporate,2,8581.52,15446.73,0.1,2208.3
ORD14428,2023-10-11,Monitor,Electronics,East,Odisha,Consumer,5,14627.67,62167.58,0.15,7356.04
ORD14429,2024-04-11,Printer,Office Supplies,North,Delhi,Consumer,1,11566.31,11566.31,0.0,2699.4
ORD14430,2025-01-15,Printer,Office Supplies,North,Haryana,Corporate,3,13980.6,37747.63,0.1,8933.11
ORD14431,2023-09-16,Desk,Furniture,West,Rajasthan,Consumer,4,11110.48,42219.84,0.05,7680.6
ORD14432,2023-01-25,Smartphone,Electronics,South,Tamil Nadu,Consumer,4,28898.71,115594.85,0.0,12029.93
ORD14433,2024-10-04,Desk,Furniture,East,Bihar,Corporate,2,10254.11,20508.23,0.0,3840.81
ORD14434,2025-06-12,Smartphone,Electronics,West,Rajasthan,Small Business,5,27159.98,122219.9,0.1,15250.16
ORD14435,2024-01-10,Smartphone,Electronics,East,Bihar,Small Business,5,27583.42,124125.41,0.1,15601.58
ORD14436,2024-09-24,Headphones,Electronics,North,Haryana,Corporate,2,3795.1,6831.18,0.1,1199.77
ORD14437,2023-11-30,Smartphone,Electronics,East,Odisha,Small Business,1,28061.06,26658.0,0.05,4750.98
ORD14438,2024-02-01,Backpack,Accessories,South,Telangana,Consumer,4,2085.08,7923.29,0.05,1860.65
ORD14439,2025-03-08,Headphones,Electronics,North,Delhi,Consumer,2,3617.39,6511.3,0.1,879.84
ORD14440,2025-12-03,Smartphone,Electronics,South,Telangana,Consumer,5,31183.65,132530.53,0.15,17946.34
ORD14441,2024-02-01,Headphones,Electronics,North,Delhi,Consumer,5,3059.26,14531.48,0.05,1928.89
ORD14442,2025-11-28,Backpack,Accessories,North,Haryana,Consumer,1,1814.3,1814.3,0.0,391.84
ORD14443,2025-06-20,Headphones,Electronics,South,Tamil Nadu,Consumer,2,3782.02,6051.22,0.2,832.62
ORD14444,2023-09-16,Office Chair,Furniture,West,Rajasthan,Small Business,5,9770.06,41522.77,0.15,7163.84
ORD14445,2024-02-15,Laptop,Electronics,West,Rajasthan,Consumer,3,52048.32,148337.72,0.05,20763.78
ORD14446,2025-05-23,Smartphone,Electronics,West,Gujarat,Small Business,1,31490.16,31490.16,0.0,4237.37
ORD14447,2025-07-13,Mouse,Electronics,East,Bihar,Consumer,1,945.07,850.56,0.1,124.89
ORD14448,2023-07-09,Headphones,Electronics,North,Delhi,Small Business,2,3674.1,6613.38,0.1,867.02
ORD14449,2024-04-06,Printer,Office Supplies,South,Tamil Nadu,Small Business,5,12636.91,60025.33,0.05,12882.58
ORD14450,2025-02-24,Headphones,Electronics,North,Punjab,Consumer,5,4067.79,20338.93,0.0,2817.09
ORD14451,2025-08-12,Tablet,Electronics,West,Gujarat,Consumer,4,24435.44,97741.76,0.0,15283.83
ORD14452,2025-08-18,Desk,Furniture,West,Rajasthan,Consumer,2,10527.65,20002.53,0.05,3433.23
ORD14453,2023-01-09,Tablet,Electronics,North,Delhi,Corporate,5,22245.4,100104.28,0.1,12883.15
ORD14454,2024-08-08,Notebook,Office Supplies,South,Tamil Nadu,Small Business,2,312.66,594.05,0.05,136.97
ORD14455,2025-04-30,Tablet,Electronics,West,Rajasthan,Consumer,4,24493.15,93073.96,0.05,13318.5
ORD14456,2024-11-20,Monitor,Electronics,South,Karnataka,Small Business,3,13068.98,39206.95,0.0,5788.7
ORD14457,2025-03-11,Desk,Furniture,North,Punjab,Consumer,3,11642.32,29687.9,0.15,4709.3
ORD14458,2025-10-21,Desk,Furniture,West,Gujarat,Corporate,4,13216.8,52867.21,0.0,8422.9
ORD14459,2025-08-18,Tablet,Electronics,West,Gujarat,Small Business,1,26972.67,25624.04,0.05,3009.2
ORD14460,2024-09-12,Tablet,Electronics,West,Maharashtra,Consumer,2,23892.61,40617.43,0.15,5210.18
ORD14461,2023-12-11,Laptop,Electronics,East,Bihar,Consumer,4,46417.53,185670.1,0.0,24368.36
ORD14462,2024-10-24,Tablet,Electronics,North,Punjab,Corporate,2,24845.37,49690.74,0.0,6335.79
ORD14463,2025-05-29,Notebook,Office Supplies,North,Haryana,Small Business,2,367.37,661.26,0.1,132.61
ORD14464,2024-06-27,Keyboard,Electronics,South,Telangana,Corporate,5,1732.84,7797.79,0.1,1073.15
ORD14465,2023-06-30,Mouse,Electronics,East,Odisha,Corporate,3,978.11,2640.9,0.1,378.43
ORD14466,2024-11-16,Printer,Office Supplies,South,Karnataka,Small Business,1,14679.54,14679.54,0.0,3386.24
ORD14467,2025-06-24,Tablet,Electronics,North,Delhi,Small Business,3,23220.56,62695.51,0.1,8625.52
ORD14468,2023-01-05,Printer,Office Supplies,South,Karnataka,Small Business,2,12934.58,23282.24,0.1,4935.31
ORD14469,2024-03-15,Notebook,Office Supplies,North,Delhi,Consumer,4,368.44,1252.71,0.15,259.21
ORD14470,2023-07-18,Mouse,Electronics,South,Karnataka,Small Business,1,889.54,889.54,0.0,115.29
ORD14471,2025-09-04,Smartphone,Electronics,South,Karnataka,Consumer,3,26383.28,75192.35,0.05,9058.74
ORD14472,2025-04-30,Monitor,Electronics,North,Haryana,Consumer,4,15747.75,53542.34,0.15,6534.61
ORD14473,2024-05-17,Laptop,Electronics,North,Haryana,Small Business,3,58092.35,156849.35,0.1,17915.72
ORD14474,2024-12-11,Backpack,Accessories,West,Maharashtra,Small Business,5,1678.78,7134.82,0.15,1206.52
ORD14475,2025-07-19,Tablet,Electronics,South,Telangana,Consumer,4,26089.72,99140.95,0.05,13720.37
ORD14476,2024-02-11,Backpack,Accessories,North,Delhi,Consumer,2,1904.73,3428.51,0.1,693.88
ORD14477,2023-04-10,Backpack,Accessories,North,Haryana,Consumer,3,1577.02,4731.05,0.0,938.19
ORD14478,2024-07-04,Office Chair,Furniture,North,Delhi,Consumer,5,9084.93,43153.43,0.05,7968.76
ORD14479,2025-09-13,Backpack,Accessories,South,Telangana,Consumer,3,1790.49,5371.47,0.0,1017.28
ORD14480,2024-10-23,Tablet,Electronics,East,Odisha,Consumer,1,24801.52,21081.29,0.15,2792.7
ORD14481,2024-05-26,Keyboard,Electronics,West,Maharashtra,Small Business,2,1937.68,3681.59,0.05,531.53
ORD14482,2023-03-27,Keyboard,Electronics,North,Delhi,Small Business,5,1905.85,9529.24,0.0,1222.96
ORD14483,2025-01-27,Office Chair,Furniture,East,Bihar,Small Business,1,7991.14,7591.58,0.05,1234.46
ORD14484,2023-12-07,Office Chair,Furniture,South,Telangana,Corporate,4,9020.79,36083.15,0.0,5812.47
ORD14485,2023-03-04,Laptop,Electronics,North,Delhi,Consumer,5,51912.6,246584.85,0.05,35557.16
ORD14486,2025-09-15,Office Chair,Furniture,East,West Bengal,Consumer,3,8003.54,24010.62,0.0,4973.06
ORD14487,2024-07-31,Headphones,Electronics,West,Gujarat,Small Business,5,3621.73,15392.36,0.15,2256.37
ORD14488,2023-10-06,Office Chair,Furniture,East,Odisha,Corporate,5,9237.75,43879.31,0.05,6882.85
ORD14489,2023-05-01,Notebook,Office Supplies,West,Maharashtra,Corporate,2,339.68,679.35,0.0,149.51
ORD14490,2023-04-14,Office Chair,Furniture,South,Karnataka,Corporate,3,8502.55,24232.27,0.05,4994.01
ORD14491,2023-01-12,Desk,Furniture,East,Bihar,Consumer,4,11547.62,41571.43,0.1,6317.04
ORD14492,2024-10-10,Keyboard,Electronics,South,Tamil Nadu,Consumer,5,1794.36,8074.62,0.1,936.55
ORD14493,2023-01-30,Desk,Furniture,West,Rajasthan,Small Business,5,11863.46,50419.69,0.15,7899.92
ORD14494,2024-11-03,Office Chair,Furniture,West,Gujarat,Consumer,5,8831.59,44157.96,0.0,8048.26
ORD14495,2025-03-26,Mouse,Electronics,West,Rajasthan,Small Business,4,883.67,3357.94,0.05,466.51
ORD14496,2025-06-29,Headphones,Electronics,North,Haryana,Corporate,4,3478.28,12521.81,0.1,1475.82
ORD14497,2023-01-30,Tablet,Electronics,North,Delhi,Small Business,2,23809.15,45237.39,0.05,6686.95
ORD14498,2023-07-19,Monitor,Electronics,West,Gujarat,Corporate,1,14972.4,11977.92,0.2,1482.6
ORD14499,2024-09-03,Headphones,Electronics,East,Odisha,Small Business,2,3494.74,5591.59,0.2,590.17
ORD14500,2023-12-12,Desk,Furniture,East,Bihar,Consumer,5,11726.03,55698.65,0.05,8454.74
ORD14501,2025-03-17,Smartphone,Electronics,North,Delhi,Consumer,3,25816.9,69705.64,0.1,8643.49
ORD14502,2024-08-15,Headphones,Electronics,West,Rajasthan,Corporate,4,3527.69,13405.21,0.05,1847.26
ORD14503,2024-11-10,Desk,Furniture,East,Bihar,Consumer,2,10653.02,17044.84,0.2,2931.08
ORD14504,2023-06-26,Monitor,Electronics,North,Punjab,Consumer,3,15217.0,41085.9,0.1,5760.14
ORD14505,2024-06-29,Headphones,Electronics,North,Haryana,Consumer,3,3107.18,8855.47,0.05,907.64
ORD14506,2023-05-17,Desk,Furniture,South,Tamil Nadu,Consumer,1,12266.14,12266.14,0.0,2536.04
ORD14507,2024-11-22,Backpack,Accessories,West,Rajasthan,Small Business,4,1764.73,6000.09,0.15,1151.51
ORD14508,2025-02-26,Printer,Office Supplies,North,Delhi,Consumer,3,14660.73,35185.76,0.2,6417.81
ORD14509,2024-08-28,Headphones,Electronics,East,West Bengal,Consumer,2,3690.16,6642.3,0.1,868.44
ORD14510,2023-06-09,Smartphone,Electronics,East,West Bengal,Consumer,3,28302.44,80661.95,0.05,10551.8
ORD14511,2023-08-27,Printer,Office Supplies,South,Tamil Nadu,Consumer,5,13399.7,60298.63,0.1,12077.21
ORD14512,2024-06-13,Tablet,Electronics,West,Rajasthan,Consumer,3,24147.38,61575.82,0.15,7496.48
ORD14513,2024-10-11,Backpack,Accessories,South,Karnataka,Consumer,4,1743.25,5927.07,0.15,1153.72
ORD14514,2024-08-22,Tablet,Electronics,West,Rajasthan,Small Business,4,25514.78,96956.15,0.05,14121.76
ORD14515,2025-02-24,Tablet,Electronics,East,West Bengal,Corporate,1,26438.73,25116.8,0.05,3193.78
ORD14516,2023-03-10,Backpack,Accessories,South,Tamil Nadu,Corporate,5,1493.22,6719.51,0.1,1296.75
ORD14517,2023-11-12,Printer,Office Supplies,East,West Bengal,Corporate,1,14400.87,14400.87,0.0,2952.92
ORD14518,2025-07-22,Headphones,Electronics,West,Maharashtra,Small Business,2,3731.95,7090.71,0.05,998.66
ORD14519,2023-06-10,Office Chair,Furniture,South,Tamil Nadu,Small Business,3,7673.45,18416.27,0.2,2668.64
ORD14520,2023-10-17,Monitor,Electronics,West,Rajasthan,Corporate,5,16152.19,76722.91,0.05,9658.58
ORD14521,2023-04-01,Office Chair,Furniture,North,Haryana,Small Business,2,8155.96,16311.91,0.0,2969.29
ORD14522,2025-11-18,Keyboard,Electronics,North,Punjab,Small Business,4,1801.45,6124.92,0.15,893.2
ORD14523,2024-09-16,Desk,Furniture,West,Maharashtra,Corporate,1,12549.44,11921.97,0.05,2301.2
ORD14524,2023-11-29,Mouse,Electronics,West,Rajasthan,Corporate,2,968.75,1550.0,0.2,191.16
ORD14525,2023-06-11,Notebook,Office Supplies,East,Odisha,Consumer,1,365.96,347.66,0.05,77.84
ORD14526,2023-06-22,Smartphone,Electronics,South,Telangana,Corporate,1,29343.48,27876.3,0.05,4407.43
ORD14527,2025-10-04,Keyboard,Electronics,East,Odisha,Small Business,5,1824.46,9122.32,0.0,1134.66
ORD14528,2024-12-13,Office Chair,Furniture,North,Delhi,Consumer,2,8087.71,14557.89,0.1,2322.49
ORD14529,2024-07-07,Laptop,Electronics,West,Rajasthan,Consumer,3,45293.81,135881.42,0.0,19187.51
ORD14530,2024-05-19,Mouse,Electronics,East,West Bengal,Consumer,4,872.79,3316.62,0.05,353.41
ORD14531,2024-09-20,Keyboard,Electronics,North,Delhi,Consumer,3,1807.26,4879.6,0.1,644.89
ORD14532,2024-06-07,Office Chair,Furniture,West,Gujarat,Corporate,4,9505.97,34221.5,0.1,5904.82
ORD14533,2023-01-13,Tablet,Electronics,West,Rajasthan,Consumer,2,23731.26,42716.27,0.1,5112.24
ORD14534,2025-10-14,Notebook,Office Supplies,South,Tamil Nadu,Consumer,5,363.78,1818.89,0.0,400.73
ORD14535,2025-10-08,Notebook,Office Supplies,South,Karnataka,Small Business,2,330.46,561.77,0.15,110.36
ORD14536,2025-02-23,Notebook,Office Supplies,East,Odisha,Corporate,5,356.07,1602.33,0.1,340.84
ORD14537,2025-07-21,Printer,Office Supplies,North,Haryana,Corporate,2,12211.25,23201.37,0.05,4546.61
ORD14538,2023-07-23,Keyboard,Electronics,South,Karnataka,Consumer,1,1911.98,1720.79,0.1,215.45
ORD14539,2025-09-23,Laptop,Electronics,South,Telangana,Consumer,1,49899.58,44909.62,0.1,4725.25
ORD14540,2023-01-04,Keyboard,Electronics,West,Maharashtra,Consumer,3,1914.22,5168.38,0.1,614.77
ORD14541,2025-10-30,Desk,Furniture,West,Rajasthan,Corporate,5,13632.61,64754.89,0.05,13342.11
ORD14542,2025-10-19,Backpack,Accessories,East,Odisha,Corporate,5,1775.8,7991.12,0.1,1592.64
ORD14543,2023-05-04,Smartphone,Electronics,North,Punjab,Consumer,4,27091.25,92110.26,0.15,13423.65
ORD14544,2025-01-13,Backpack,Accessories,South,Tamil Nadu,Corporate,2,1953.02,3710.73,0.05,740.46
ORD14545,2025-03-19,Monitor,Electronics,West,Gujarat,Consumer,3,15405.17,46215.5,0.0,6309.88
ORD14546,2024-02-09,Laptop,Electronics,West,Gujarat,Consumer,1,56901.4,51211.26,0.1,7589.28
ORD14547,2025-05-18,Printer,Office Supplies,West,Rajasthan,Consumer,3,12770.6,38311.81,0.0,7972.78
ORD14548,2024-06-20,Desk,Furniture,West,Rajasthan,Consumer,5,12557.84,53370.82,0.15,9471.49
ORD14549,2025-10-19,Printer,Office Supplies,East,West Bengal,Consumer,5,15893.1,79465.5,0.0,18801.47
ORD14550,2025-07-23,Monitor,Electronics,East,West Bengal,Corporate,1,16796.13,15956.32,0.05,2162.82
ORD14551,2024-11-15,Smartphone,Electronics,North,Delhi,Small Business,5,29212.2,131454.92,0.1,20046.23
ORD14552,2023-04-07,Laptop,Electronics,South,Karnataka,Consumer,5,57287.4,286436.99,0.0,34477.43
ORD14553,2023-12-25,Keyboard,Electronics,South,Karnataka,Consumer,2,1948.19,3506.74,0.1,532.73
ORD14554,2025-05-07,Office Chair,Furniture,North,Haryana,Consumer,3,9051.25,25796.06,0.05,4318.91
ORD14555,2024-12-02,Office Chair,Furniture,West,Rajasthan,Corporate,1,8803.72,7923.35,0.1,1460.34
ORD14556,2024-04-30,Printer,Office Supplies,North,Delhi,Corporate,3,14770.89,42097.04,0.05,7639.6
ORD14557,2024-07-26,Keyboard,Electronics,West,Maharashtra,Corporate,3,1872.44,4493.86,0.2,583.12
ORD14558,2024-12-01,Keyboard,Electronics,North,Haryana,Corporate,5,1800.04,9000.18,0.0,1330.61
ORD14559,2024-01-27,Smartphone,Electronics,West,Gujarat,Small Business,2,27881.27,55762.55,0.0,8803.29
ORD14560,2025-05-28,Desk,Furniture,West,Maharashtra,Small Business,4,11348.2,38583.89,0.15,5878.43
ORD14561,2025-12-27,Monitor,Electronics,South,Karnataka,Consumer,4,15424.49,52443.28,0.15,6413.77
ORD14562,2024-12-05,Printer,Office Supplies,North,Delhi,Small Business,4,12960.87,49251.32,0.05,11346.24
ORD14563,2024-02-11,Keyboard,Electronics,South,Telangana,Consumer,5,1871.87,8891.37,0.05,1130.35
ORD14564,2023-10-02,Tablet,Electronics,West,Rajasthan,Small Business,2,26420.49,50198.94,0.05,5546.68
ORD14565,2023-05-21,Monitor,Electronics,East,West Bengal,Corporate,2,13843.91,23534.64,0.15,2641.18
ORD14566,2024-10-26,Backpack,Accessories,South,Telangana,Small Business,1,2141.78,1927.6,0.1,362.9
ORD14567,2025-09-01,Desk,Furniture,West,Maharashtra,Small Business,4,11605.29,41779.06,0.1,6967.09
ORD14568,2025-01-24,Mouse,Electronics,North,Punjab,Consumer,4,989.61,3958.43,0.0,456.92
ORD14569,2023-04-08,Keyboard,Electronics,West,Rajasthan,Small Business,1,1962.39,1766.15,0.1,270.64
ORD14570,2025-03-17,Headphones,Electronics,South,Telangana,Consumer,2,3428.09,6170.57,0.1,849.99
ORD14571,2025-01-10,Printer,Office Supplies,North,Haryana,Consumer,3,15043.28,45129.84,0.0,10242.8
ORD14572,2023-12-21,Notebook,Office Supplies,North,Punjab,Corporate,1,368.86,331.98,0.1,82.07
ORD14573,2025-12-25,Smartphone,Electronics,North,Haryana,Consumer,4,25347.08,91249.47,0.1,12838.67
ORD14574,2024-09-21,Monitor,Electronics,North,Delhi,Corporate,4,13719.11,46644.98,0.15,5252.26
ORD14575,2023-01-10,Laptop,Electronics,South,Karnataka,Corporate,5,47974.77,239873.83,0.0,31385.02
ORD14576,2025-07-04,Laptop,Electronics,West,Maharashtra,Corporate,1,52248.58,47023.72,0.1,6159.48
ORD14577,2023-03-21,Headphones,Electronics,North,Delhi,Consumer,1,3855.84,3470.26,0.1,436.84
ORD14578,2025-09-29,Headphones,Electronics,West,Gujarat,Consumer,1,2965.39,2668.85,0.1,389.55
ORD14579,2025-01-12,Laptop,Electronics,North,Haryana,Small Business,3,57648.26,155650.3,0.1,20070.76
ORD14580,2024-07-28,Monitor,Electronics,West,Gujarat,Consumer,2,13232.93,26465.87,0.0,3732.26
ORD14581,2025-02-11,Notebook,Office Supplies,South,Tamil Nadu,Corporate,4,355.43,1279.53,0.1,284.15
ORD14582,2023-08-23,Notebook,Office Supplies,North,Punjab,Consumer,5,311.71,1558.55,0.0,337.09
ORD14583,2023-09-15,Laptop,Electronics,West,Maharashtra,Consumer,1,53395.27,48055.74,0.1,6552.06
ORD14584,2024-01-15,Mouse,Electronics,North,Haryana,Consumer,2,974.1,1753.38,0.1,271.05
ORD14585,2023-07-16,Mouse,Electronics,South,Tamil Nadu,Consumer,3,844.69,2280.65,0.1,377.9
ORD14586,2025-10-31,Office Chair,Furniture,West,Gujarat,Consumer,1,7924.81,6339.85,0.2,963.31
ORD14587,2024-02-22,Smartphone,Electronics,East,Odisha,Consumer,2,26231.15,44592.95,0.15,6915.45
ORD14588,2025-01-20,Desk,Furniture,South,Tamil Nadu,Consumer,5,13779.54,62007.94,0.1,11610.4
ORD14589,2024-05-19,Laptop,Electronics,East,Odisha,Corporate,4,56815.55,227262.22,0.0,26679.7
ORD14590,2024-12-17,Headphones,Electronics,North,Delhi,Corporate,5,3526.2,16749.44,0.05,1601.04
ORD14591,2023-05-25,Tablet,Electronics,South,Karnataka,Corporate,5,22978.78,91915.12,0.2,11362.86
ORD14592,2024-06-24,Tablet,Electronics,South,Telangana,Corporate,2,27009.99,48617.98,0.1,7872.22
ORD14593,2023-05-15,Headphones,Electronics,West,Maharashtra,Small Business,3,3083.58,9250.75,0.0,969.82
ORD14594,2023-05-21,Mouse,Electronics,East,Bihar,Corporate,5,891.16,4010.24,0.1,551.28
ORD14595,2024-06-14,Mouse,Electronics,West,Gujarat,Consumer,2,871.93,1482.27,0.15,202.26
ORD14596,2023-12-02,Printer,Office Supplies,South,Karnataka,Consumer,4,15701.38,53384.7,0.15,10535.85
ORD14597,2025-01-09,Keyboard,Electronics,East,West Bengal,Consumer,5,1496.12,7106.58,0.05,994.21
ORD14598,2023-06-10,Tablet,Electronics,North,Punjab,Corporate,5,25775.31,122432.74,0.05,18129.4
ORD14599,2024-08-24,Backpack,Accessories,East,Bihar,Consumer,4,1783.08,6419.1,0.1,1295.93
ORD14600,2023-03-01,Desk,Furniture,East,West Bengal,Corporate,4,12002.17,45608.24,0.05,7118.76
ORD14601,2025-09-08,Tablet,Electronics,West,Gujarat,Consumer,1,22112.6,19901.34,0.1,2449.03
ORD14602,2023-05-16,Mouse,Electronics,East,Bihar,Small Business,5,842.95,4214.73,0.0,536.08
ORD14603,2023-08-31,Notebook,Office Supplies,North,Haryana,Consumer,2,293.8,528.84,0.1,94.8
ORD14604,2025-11-20,Monitor,Electronics,North,Haryana,Consumer,1,15665.59,13315.75,0.15,1665.42
ORD14605,2024-11-25,Tablet,Electronics,East,Bihar,Small Business,1,24705.15,23469.89,0.05,3647.97
ORD14606,2025-10-18,Desk,Furniture,South,Telangana,Corporate,4,13418.76,50991.28,0.05,9686.69
ORD14607,2025-06-20,Desk,Furniture,West,Gujarat,Corporate,1,13128.25,11815.43,0.1,1795.62
ORD14608,2024-04-05,Keyboard,Electronics,West,Gujarat,Small Business,3,1950.89,4974.77,0.15,657.61
ORD14609,2024-08-08,Printer,Office Supplies,North,Punjab,Corporate,3,15073.97,45221.9,0.0,11818.06
ORD14610,2023-08-09,Desk,Furniture,North,Punjab,Consumer,3,12289.95,33182.88,0.1,5998.18
ORD14611,2025-10-20,Mouse,Electronics,South,Telangana,Consumer,4,956.89,3827.57,0.0,558.93
ORD14612,2023-06-10,Tablet,Electronics,East,Bihar,Consumer,4,23488.63,84559.06,0.1,8550.1
ORD14613,2025-01-14,Keyboard,Electronics,North,Delhi,Small Business,2,1812.75,3625.5,0.0,476.32
ORD14614,2024-06-25,Monitor,Electronics,South,Tamil Nadu,Small Business,3,15327.19,43682.48,0.05,5732.86
ORD14615,2025-12-26,Keyboard,Electronics,East,Bihar,Small Business,2,2066.77,3513.5,0.15,382.91
ORD14616,2025-03-22,Laptop,Electronics,North,Haryana,Corporate,5,50707.9,240862.52,0.05,31598.87
ORD14617,2024-07-09,Backpack,Accessories,East,Odisha,Small Business,4,2142.77,7713.96,0.1,1537.99
ORD14618,2023-06-18,Tablet,Electronics,South,Karnataka,Corporate,4,25806.86,98066.05,0.05,15250.49
ORD14619,2023-05-23,Desk,Furniture,East,Bihar,Corporate,1,12195.5,12195.5,0.0,2403.74
ORD14620,2024-06-28,Office Chair,Furniture,East,West Bengal,Small Business,4,9460.43,34057.54,0.1,5192.82
ORD14621,2023-12-29,Keyboard,Electronics,West,Gujarat,Small Business,5,1940.1,8730.44,0.1,1292.64
ORD14622,2024-09-09,Keyboard,Electronics,North,Haryana,Small Business,5,1696.39,8057.85,0.05,1075.4
ORD14623,2025-01-05,Laptop,Electronics,North,Punjab,Corporate,5,53165.43,252535.79,0.05,34417.42
ORD14624,2025-10-29,Tablet,Electronics,South,Karnataka,Small Business,3,22266.51,66799.54,0.0,9791.04
ORD14625,2025-05-25,Laptop,Electronics,South,Karnataka,Small Business,5,50443.83,226997.25,0.1,26460.79
ORD14626,2023-04-11,Printer,Office Supplies,South,Tamil Nadu,Consumer,5,14468.91,72344.55,0.0,16501.62
ORD14627,2023-04-07,Tablet,Electronics,North,Haryana,Corporate,5,25227.13,119828.86,0.05,15974.09
ORD14628,2023-05-05,Headphones,Electronics,North,Haryana,Corporate,3,3928.34,10606.51,0.1,1345.07
ORD14629,2025-07-31,Notebook,Office Supplies,East,Odisha,Small Business,1,357.39,357.39,0.0,64.73
ORD14630,2023-02-24,Monitor,Electronics,East,Odisha,Consumer,2,14469.04,26044.27,0.1,3783.95
ORD14631,2023-12-03,Office Chair,Furniture,West,Rajasthan,Consumer,5,8517.52,36199.44,0.15,5528.24
ORD14632,2024-07-17,Notebook,Office Supplies,West,Rajasthan,Corporate,4,357.15,1357.18,0.05,282.1
ORD14633,2024-04-03,Tablet,Electronics,North,Haryana,Consumer,1,23807.91,21427.12,0.1,2797.18
ORD14634,2023-05-14,Laptop,Electronics,North,Punjab,Consumer,5,47674.55,202616.85,0.15,22510.76
ORD14635,2023-01-12,Desk,Furniture,East,Bihar,Consumer,3,12239.75,34883.29,0.05,5650.39
ORD14636,2023-03-25,Tablet,Electronics,East,Bihar,Corporate,3,25514.35,76543.04,0.0,10534.09
ORD14637,2023-08-18,Backpack,Accessories,North,Punjab,Small Business,1,1893.84,1704.46,0.1,312.66
ORD14638,2025-07-27,Keyboard,Electronics,West,Maharashtra,Consumer,3,1967.0,5015.84,0.15,580.64
ORD14639,2023-01-07,Backpack,Accessories,East,Bihar,Consumer,4,1944.98,7390.92,0.05,1500.37
ORD14640,2024-01-09,Printer,Office Supplies,South,Telangana,Corporate,3,13539.81,40619.44,0.0,10169.11
ORD14641,2025-04-08,Backpack,Accessories,North,Delhi,Consumer,5,1962.82,8832.67,0.1,1624.32
ORD14642,2024-04-10,Keyboard,Electronics,East,West Bengal,Small Business,4,1811.58,6521.68,0.1,687.89
ORD14643,2023-08-06,Office Chair,Furniture,East,Bihar,Consumer,5,8769.81,37271.67,0.15,6689.05
ORD14644,2023-12-06,Smartphone,Electronics,West,Rajasthan,Small Business,2,28260.02,50868.03,0.1,7363.57
ORD14645,2023-09-01,Mouse,Electronics,North,Haryana,Corporate,4,813.88,3255.52,0.0,446.34
ORD14646,2024-05-23,Notebook,Office Supplies,North,Haryana,Consumer,5,361.84,1809.2,0.0,373.05
ORD14647,2024-04-27,Smartphone,Electronics,South,Tamil Nadu,Consumer,2,28475.21,51255.37,0.1,8396.69
ORD14648,2025-05-28,Printer,Office Supplies,North,Delhi,Small Business,1,15415.93,15415.93,0.0,3554.66
ORD14649,2025-05-16,Monitor,Electronics,West,Maharashtra,Consumer,5,14758.9,66415.06,0.1,8702.47
ORD14650,2025-04-08,Desk,Furniture,North,Delhi,Consumer,2,11363.72,20454.7,0.1,3326.56
ORD14651,2025-03-27,Laptop,Electronics,East,West Bengal,Small Business,1,54640.62,51908.59,0.05,7332.01
ORD14652,2024-07-19,Smartphone,Electronics,East,West Bengal,Consumer,4,29844.45,113408.92,0.05,13883.77
ORD14653,2024-04-20,Monitor,Electronics,West,Rajasthan,Small Business,2,14418.36,28836.72,0.0,4021.45
ORD14654,2024-09-12,Mouse,Electronics,West,Rajasthan,Consumer,5,862.95,4098.99,0.05,419.1
ORD14655,2023-12-05,Headphones,Electronics,North,Delhi,Corporate,1,3597.61,3417.73,0.05,467.41
ORD14656,2024-06-15,Keyboard,Electronics,South,Tamil Nadu,Consumer,1,1787.28,1519.19,0.15,188.41
ORD14657,2024-04-02,Keyboard,Electronics,South,Tamil Nadu,Corporate,5,1950.77,9266.16,0.05,1563.0
ORD14658,2024-12-14,Mouse,Electronics,North,Delhi,Corporate,5,933.43,4200.46,0.1,491.92
ORD14659,2024-08-19,Keyboard,Electronics,East,West Bengal,Corporate,1,1780.37,1691.35,0.05,226.39
ORD14660,2025-02-25,Printer,Office Supplies,East,Odisha,Consumer,2,14035.92,22457.47,0.2,4764.83
ORD14661,2024-04-08,Keyboard,Electronics,South,Tamil Nadu,Corporate,5,1607.74,7636.76,0.05,1197.62
ORD14662,2025-08-26,Laptop,Electronics,South,Tamil Nadu,Corporate,4,44139.81,158903.32,0.1,23148.59
ORD14663,2024-07-03,Notebook,Office Supplies,South,Telangana,Consumer,2,400.91,801.82,0.0,168.45
ORD14664,2023-03-16,Office Chair,Furniture,East,Odisha,Consumer,3,8342.62,21273.67,0.15,3280.82
ORD14665,2025-07-12,Printer,Office Supplies,West,Rajasthan,Corporate,5,13993.52,59472.45,0.15,12380.2
ORD14666,2023-09-04,Tablet,Electronics,West,Rajasthan,Corporate,1,29049.42,24692.01,0.15,2209.7
ORD14667,2024-01-16,Headphones,Electronics,East,Bihar,Small Business,2,3246.74,5519.46,0.15,794.49
ORD14668,2025-11-28,Headphones,Electronics,South,Karnataka,Corporate,1,3760.01,3384.0,0.1,531.01
ORD14669,2025-10-17,Backpack,Accessories,West,Gujarat,Consumer,5,1770.84,7968.78,0.1,1603.87
ORD14670,2024-11-20,Smartphone,Electronics,South,Tamil Nadu,Corporate,3,28556.03,81384.68,0.05,8218.52
ORD14671,2024-05-11,Printer,Office Supplies,North,Delhi,Consumer,4,13111.15,52444.61,0.0,11174.26
ORD14672,2023-08-19,Desk,Furniture,East,Bihar,Consumer,3,12170.89,31035.76,0.15,5626.45
ORD14673,2023-10-03,Backpack,Accessories,North,Delhi,Small Business,2,1681.93,3027.48,0.1,564.46
ORD14674,2025-06-16,Desk,Furniture,South,Karnataka,Consumer,2,11448.29,20606.92,0.1,3553.28
ORD14675,2025-06-05,Printer,Office Supplies,North,Haryana,Consumer,4,13997.27,55989.1,0.0,12313.9
ORD14676,2024-08-02,Monitor,Electronics,West,Maharashtra,Consumer,2,13957.82,25124.07,0.1,3209.8
ORD14677,2025-11-23,Office Chair,Furniture,North,Delhi,Corporate,2,9415.03,16947.05,0.1,2697.22
ORD14678,2025-10-15,Notebook,Office Supplies,North,Punjab,Corporate,5,358.69,1614.12,0.1,319.2
ORD14679,2024-09-20,Laptop,Electronics,East,Odisha,Corporate,4,53236.93,202300.35,0.05,27932.4
ORD14680,2025-10-03,Office Chair,Furniture,West,Maharashtra,Small Business,2,9051.2,18102.39,0.0,3774.8
ORD14681,2025-02-19,Office Chair,Furniture,East,Odisha,Small Business,5,6749.26,30371.68,0.1,5111.33
ORD14682,2024-08-20,Keyboard,Electronics,East,Odisha,Small Business,4,1644.47,6248.99,0.05,922.25
ORD14683,2025-12-24,Keyboard,Electronics,West,Gujarat,Consumer,4,2095.15,7123.5,0.15,1006.5
ORD14684,2023-09-29,Keyboard,Electronics,West,Gujarat,Consumer,4,1773.37,5674.77,0.2,717.28
ORD14685,2023-05-16,Backpack,Accessories,West,Maharashtra,Corporate,5,1942.96,9229.06,0.05,1859.9
ORD14686,2025-03-12,Notebook,Office Supplies,West,Rajasthan,Consumer,5,391.54,1957.68,0.0,425.41
ORD14687,2023-03-19,Headphones,Electronics,North,Haryana,Corporate,3,3961.82,11885.46,0.0,1899.6
ORD14688,2024-03-15,Mouse,Electronics,North,Punjab,Small Business,3,846.3,2285.02,0.1,310.43
ORD14689,2025-04-02,Keyboard,Electronics,South,Tamil Nadu,Small Business,4,1793.17,6814.06,0.05,857.0
ORD14690,2025-10-30,Keyboard,Electronics,South,Tamil Nadu,Corporate,5,1693.75,8468.76,0.0,971.48
ORD14691,2023-09-01,Backpack,Accessories,North,Punjab,Small Business,1,1919.34,1919.34,0.0,390.58
ORD14692,2024-05-13,Notebook,Office Supplies,South,Telangana,Small Business,1,373.84,355.15,0.05,77.38
ORD14693,2023-07-09,Desk,Furniture,North,Punjab,Consumer,4,11637.59,39567.81,0.15,6386.08
ORD14694,2024-01-18,Printer,Office Supplies,East,West Bengal,Consumer,5,16196.81,76934.87,0.05,17413.26
ORD14695,2023-10-04,Office Chair,Furniture,East,West Bengal,Consumer,4,9601.17,38404.7,0.0,6736.81
ORD14696,2025-02-05,Monitor,Electronics,South,Tamil Nadu,Consumer,1,12772.12,11494.91,0.1,1834.8
ORD14697,2025-03-16,Monitor,Electronics,East,Odisha,Consumer,5,16683.03,79244.41,0.05,9904.39
ORD14698,2024-03-03,Laptop,Electronics,South,Tamil Nadu,Corporate,1,55041.21,49537.08,0.1,7222.77
ORD14699,2025-01-01,Keyboard,Electronics,North,Delhi,Consumer,3,1804.32,5412.97,0.0,861.05
ORD14700,2025-04-27,Laptop,Electronics,South,Karnataka,Small Business,5,55166.41,275832.07,0.0,43857.2
ORD14701,2025-07-18,Laptop,Electronics,West,Maharashtra,Consumer,2,59275.23,100767.89,0.15,15666.28
ORD14702,2024-01-21,Mouse,Electronics,West,Maharashtra,Consumer,2,864.55,1729.09,0.0,226.83
ORD14703,2025-02-26,Mouse,Electronics,East,West Bengal,Consumer,3,926.87,2780.6,0.0,389.0
ORD14704,2023-08-19,Backpack,Accessories,South,Telangana,Consumer,3,1872.83,5056.63,0.1,982.89
ORD14705,2024-03-16,Headphones,Electronics,North,Punjab,Corporate,1,3552.83,3019.91,0.15,339.8
ORD14706,2025-06-25,Office Chair,Furniture,West,Maharashtra,Corporate,5,9401.79,44658.48,0.05,7234.45
ORD14707,2024-10-17,Laptop,Electronics,West,Maharashtra,Corporate,1,55177.04,49659.34,0.1,6347.04
ORD14708,2025-08-18,Tablet,Electronics,West,Rajasthan,Consumer,4,26756.83,101675.96,0.05,14318.46
ORD14709,2024-12-13,Printer,Office Supplies,West,Rajasthan,Small Business,1,13670.14,12303.12,0.1,2568.84
ORD14710,2024-08-30,Laptop,Electronics,South,Karnataka,Small Business,5,51923.56,246636.92,0.05,26199.46
ORD14711,2025-08-17,Tablet,Electronics,West,Rajasthan,Small Business,5,21537.02,107685.08,0.0,15117.0
ORD14712,2025-03-15,Headphones,Electronics,South,Tamil Nadu,Consumer,5,3612.33,17158.57,0.05,2350.31
ORD14713,2024-11-29,Printer,Office Supplies,East,Bihar,Corporate,1,15201.13,15201.13,0.0,3547.51
ORD14714,2025-02-08,Laptop,Electronics,West,Maharashtra,Consumer,4,51606.81,196105.86,0.05,24521.76
ORD14715,2023-12-06,Laptop,Electronics,West,Maharashtra,Consumer,2,53953.87,97116.96,0.1,15085.64
ORD14716,2025-04-05,Laptop,Electronics,West,Rajasthan,Consumer,3,50671.31,136812.53,0.1,16006.38
ORD14717,2024-12-20,Keyboard,Electronics,South,Karnataka,Consumer,3,1751.07,4727.89,0.1,624.64
ORD14718,2024-06-22,Printer,Office Supplies,North,Punjab,Consumer,2,13268.35,23883.03,0.1,5602.23
ORD14719,2024-07-08,Office Chair,Furniture,West,Gujarat,Consumer,5,8288.59,37298.64,0.1,6512.66
ORD14720,2025-02-07,Smartphone,Electronics,South,Telangana,Consumer,2,23534.47,47068.94,0.0,5905.01
ORD14721,2025-12-03,Printer,Office Supplies,South,Tamil Nadu,Small Business,2,14079.71,25343.48,0.1,5400.32
ORD14722,2023-02-01,Desk,Furniture,South,Telangana,Consumer,2,11798.72,23597.44,0.0,4913.14
ORD14723,2023-05-10,Monitor,Electronics,West,Rajasthan,Consumer,5,17140.51,72847.17,0.15,8704.44
ORD14724,2024-04-11,Mouse,Electronics,East,Odisha,Consumer,1,897.12,852.26,0.05,141.32
ORD14725,2025-10-24,Desk,Furniture,North,Punjab,Corporate,2,13355.99,22705.18,0.15,3898.35
ORD14726,2023-02-27,Laptop,Electronics,South,Tamil Nadu,Small Business,5,52867.62,264338.08,0.0,30722.21
ORD14727,2023-01-25,Printer,Office Supplies,West,Rajasthan,Consumer,4,14690.57,55824.18,0.05,13794.24
ORD14728,2025-06-16,Monitor,Electronics,South,Tamil Nadu,Corporate,3,15074.2,36178.09,0.2,4073.71
ORD14729,2023-07-13,Monitor,Electronics,South,Telangana,Corporate,5,13411.53,63704.77,0.05,9940.82
ORD14730,2023-05-12,Notebook,Office Supplies,North,Punjab,Consumer,3,320.09,912.26,0.05,204.97
ORD14731,2023-04-11,Desk,Furniture,East,Bihar,Small Business,4,11548.41,43883.96,0.05,8540.02
ORD14732,2025-08-21,Mouse,Electronics,East,Odisha,Corporate,4,1047.9,4191.59,0.0,578.21
ORD14733,2025-01-06,Printer,Office Supplies,East,Bihar,Corporate,5,15020.02,71345.07,0.05,16758.22
ORD14734,2023-08-16,Office Chair,Furniture,West,Rajasthan,Small Business,4,8514.65,32355.69,0.05,5694.71
ORD14735,2023-06-21,Headphones,Electronics,West,Maharashtra,Consumer,2,3434.31,6181.75,0.1,844.21
ORD14736,2024-03-29,Mouse,Electronics,North,Haryana,Consumer,4,905.18,3258.65,0.1,487.97
ORD14737,2025-01-17,Notebook,Office Supplies,East,Odisha,Consumer,2,308.15,616.29,0.0,146.64
ORD14738,2024-06-17,Smartphone,Electronics,North,Delhi,Corporate,3,29648.52,75603.71,0.15,10413.31
ORD14739,2023-04-22,Tablet,Electronics,West,Gujarat,Corporate,4,22552.02,81187.26,0.1,11286.74
ORD14740,2025-04-24,Backpack,Accessories,South,Telangana,Consumer,5,1648.79,8243.94,0.0,1729.93
ORD14741,2024-12-29,Laptop,Electronics,East,West Bengal,Consumer,3,54053.69,145944.95,0.1,18663.59
ORD14742,2024-11-15,Tablet,Electronics,West,Gujarat,Consumer,4,25727.03,87471.89,0.15,15408.95
ORD14743,2024-10-22,Desk,Furniture,South,Karnataka,Small Business,4,13411.93,48282.95,0.1,8564.32
ORD14744,2025-09-10,Laptop,Electronics,North,Delhi,Consumer,1,47990.49,45590.97,0.05,6489.04
ORD14745,2023-08-18,Laptop,Electronics,North,Haryana,Small Business,5,50889.96,241727.31,0.05,36686.91
ORD14746,2023-06-16,Office Chair,Furniture,East,Bihar,Corporate,1,7657.98,7275.08,0.05,1213.05
ORD14747,2023-10-01,Office Chair,Furniture,West,Maharashtra,Small Business,4,8862.93,31906.55,0.1,5895.64
ORD14748,2023-09-02,Keyboard,Electronics,East,Bihar,Consumer,1,1729.37,1469.96,0.15,177.15
ORD14749,2023-01-23,Monitor,Electronics,North,Punjab,Small Business,2,13967.95,26539.1,0.05,3481.56
ORD14750,2024-12-30,Monitor,Electronics,South,Telangana,Corporate,3,16317.52,46504.94,0.05,7390.82
ORD14751,2024-07-30,Desk,Furniture,West,Rajasthan,Consumer,2,11894.26,22599.1,0.05,3750.53
ORD14752,2024-03-19,Keyboard,Electronics,East,Bihar,Corporate,2,2001.24,3602.22,0.1,486.27
ORD14753,2024-05-26,Tablet,Electronics,East,Bihar,Consumer,3,21482.6,58003.02,0.1,5815.91
ORD14754,2025-07-16,Backpack,Accessories,South,Telangana,Consumer,2,1713.58,3255.8,0.05,613.66
ORD14755,2024-08-24,Laptop,Electronics,South,Telangana,Consumer,2,59644.75,101396.07,0.15,12184.21
ORD14756,2025-06-12,Backpack,Accessories,West,Maharashtra,Corporate,3,1757.84,5009.84,0.05,1106.76
ORD14757,2024-03-20,Smartphone,Electronics,East,Bihar,Consumer,5,31027.68,147381.47,0.05,21918.84
ORD14758,2023-10-21,Headphones,Electronics,West,Maharashtra,Corporate,1,3959.18,3959.18,0.0,579.15
ORD14759,2025-10-05,Backpack,Accessories,South,Tamil Nadu,Consumer,4,1866.63,7466.53,0.0,1428.46
ORD14760,2023-01-19,Mouse,Electronics,North,Punjab,Consumer,1,721.39,649.25,0.1,90.8
ORD14761,2024-04-11,Backpack,Accessories,North,Delhi,Consumer,1,1849.78,1849.78,0.0,372.89
ORD14762,2024-04-14,Desk,Furniture,North,Haryana,Consumer,2,12149.47,23084.0,0.05,4237.17
ORD14763,2024-08-07,Headphones,Electronics,North,Punjab,Consumer,3,3265.15,9795.46,0.0,1160.14
ORD14764,2025-12-20,Office Chair,Furniture,South,Karnataka,Small Business,1,8123.67,7311.3,0.1,1261.1
ORD14765,2025-11-01,Monitor,Electronics,South,Telangana,Corporate,5,16670.65,70850.27,0.15,11452.9
ORD14766,2024-02-27,Office Chair,Furniture,North,Delhi,Corporate,3,8146.78,20774.29,0.15,3729.56
ORD14767,2023-11-02,Notebook,Office Supplies,North,Delhi,Corporate,5,326.7,1470.17,0.1,316.19
ORD14768,2024-10-18,Mouse,Electronics,South,Karnataka,Consumer,5,930.07,4185.31,0.1,654.23
ORD14769,2025-07-28,Keyboard,Electronics,East,Odisha,Corporate,5,1736.93,7816.2,0.1,875.25
ORD14770,2023-05-14,Laptop,Electronics,North,Haryana,Consumer,1,61620.71,61620.71,0.0,8127.39
ORD14771,2025-03-24,Printer,Office Supplies,West,Rajasthan,Corporate,2,14018.04,26634.28,0.05,6194.51
ORD14772,2024-11-09,Tablet,Electronics,West,Rajasthan,Consumer,5,18346.29,82558.3,0.1,11249.73
ORD14773,2025-01-09,Monitor,Electronics,East,Odisha,Consumer,3,14277.34,36407.21,0.15,4689.42
ORD14774,2023-02-02,Keyboard,Electronics,West,Gujarat,Small Business,3,2024.35,5769.4,0.05,870.38
ORD14775,2025-06-06,Monitor,Electronics,East,Odisha,Consumer,1,13898.28,13898.28,0.0,1682.19
ORD14776,2025-12-04,Notebook,Office Supplies,North,Haryana,Corporate,5,314.09,1413.39,0.1,302.91
ORD14777,2024-07-31,Headphones,Electronics,South,Tamil Nadu,Consumer,5,3692.89,17541.23,0.05,2683.71
ORD14778,2024-11-29,Keyboard,Electronics,East,Bihar,Consumer,2,1540.07,2926.13,0.05,375.36
ORD14779,2024-05-15,Monitor,Electronics,East,Odisha,Corporate,5,15897.57,79487.85,0.0,12486.5
ORD14780,2024-03-08,Office Chair,Furniture,East,West Bengal,Small Business,3,7873.7,22440.05,0.05,3328.56
ORD14781,2025-01-01,Printer,Office Supplies,South,Karnataka,Corporate,5,13812.38,62155.72,0.1,11968.97
ORD14782,2023-01-12,Printer,Office Supplies,South,Karnataka,Corporate,5,14178.43,67347.55,0.05,13027.42
ORD14783,2023-05-11,Mouse,Electronics,South,Tamil Nadu,Small Business,4,891.04,3207.74,0.1,482.93
ORD14784,2024-02-23,Laptop,Electronics,North,Delhi,Consumer,4,55967.95,223871.81,0.0,22089.18
ORD14785,2023-04-03,Monitor,Electronics,North,Punjab,Small Business,4,16074.62,64298.46,0.0,10162.65
ORD14786,2024-12-07,Office Chair,Furniture,West,Gujarat,Small Business,4,8228.96,29624.26,0.1,5067.44
ORD14787,2025-01-26,Backpack,Accessories,East,Odisha,Consumer,2,1775.32,3195.58,0.1,619.14
ORD14788,2023-05-26,Keyboard,Electronics,West,Maharashtra,Small Business,2,1583.44,2691.85,0.15,363.85
ORD14789,2025-03-08,Keyboard,Electronics,West,Rajasthan,Small Business,2,1969.8,3742.62,0.05,430.72
ORD14790,2024-10-07,Office Chair,Furniture,North,Delhi,Corporate,4,8130.22,29268.78,0.1,4283.38
ORD14791,2024-04-02,Headphones,Electronics,North,Delhi,Consumer,4,3532.12,12009.19,0.15,1312.45
ORD14792,2024-11-19,Desk,Furniture,West,Maharashtra,Consumer,3,10977.72,26346.52,0.2,4257.05
ORD14793,2024-05-01,Printer,Office Supplies,South,Telangana,Consumer,1,14332.63,12899.37,0.1,2731.77
ORD14794,2023-06-13,Monitor,Electronics,East,Bihar,Small Business,5,15387.57,76937.87,0.0,11655.96
ORD14795,2024-10-15,Headphones,Electronics,North,Punjab,Corporate,3,3701.11,11103.34,0.0,1177.03
ORD14796,2024-12-07,Printer,Office Supplies,West,Maharashtra,Corporate,4,13436.12,53744.49,0.0,11417.68
ORD14797,2023-07-06,Headphones,Electronics,North,Haryana,Consumer,3,3515.65,9492.26,0.1,1315.31
ORD14798,2025-02-12,Keyboard,Electronics,East,West Bengal,Corporate,3,2100.48,5671.29,0.1,700.07
ORD14799,2025-10-08,Headphones,Electronics,North,Punjab,Consumer,2,3579.45,6085.06,0.15,734.14
ORD14800,2025-03-05,Monitor,Electronics,South,Tamil Nadu,Small Business,1,15002.5,14252.38,0.05,1390.39
ORD14801,2023-04-04,Backpack,Accessories,North,Delhi,Corporate,1,1944.2,1944.2,0.0,368.22
ORD14802,2023-07-06,Mouse,Electronics,North,Haryana,Consumer,5,896.97,4260.6,0.05,583.14
ORD14803,2024-03-06,Tablet,Electronics,East,Bihar,Corporate,1,22462.8,19093.38,0.15,2817.25
ORD14804,2025-04-04,Mouse,Electronics,West,Rajasthan,Consumer,4,961.84,3077.9,0.2,366.03
ORD14805,2024-10-20,Office Chair,Furniture,East,Odisha,Consumer,2,7507.71,12763.11,0.15,2229.19
ORD14806,2023-12-15,Backpack,Accessories,West,Gujarat,Consumer,1,1694.63,1609.9,0.05,313.03
ORD14807,2024-08-20,Headphones,Electronics,West,Gujarat,Corporate,2,3471.85,6249.34,0.1,1011.6
ORD14808,2024-12-01,Desk,Furniture,East,West Bengal,Small Business,5,13969.37,69846.86,0.0,12250.38
ORD14809,2024-08-06,Keyboard,Electronics,West,Maharashtra,Corporate,1,1979.96,1682.96,0.15,226.84
ORD14810,2023-08-22,Tablet,Electronics,West,Maharashtra,Small Business,4,25008.34,85028.37,0.15,11672.89
ORD14811,2025-11-05,Tablet,Electronics,East,West Bengal,Consumer,2,27399.04,46578.37,0.15,6395.92
ORD14812,2023-12-12,Backpack,Accessories,East,Bihar,Small Business,2,1696.95,2884.82,0.15,516.37
ORD14813,2025-09-02,Keyboard,Electronics,South,Tamil Nadu,Corporate,3,1747.99,4457.37,0.15,679.93
ORD14814,2025-10-27,Tablet,Electronics,South,Telangana,Corporate,3,25572.9,69046.84,0.1,9015.23
ORD14815,2025-08-23,Notebook,Office Supplies,South,Tamil Nadu,Small Business,4,298.43,1193.73,0.0,259.82
ORD14816,2024-07-14,Laptop,Electronics,South,Karnataka,Small Business,3,55066.29,156938.93,0.05,20682.47
ORD14817,2025-08-17,Desk,Furniture,South,Telangana,Consumer,5,11424.82,54267.88,0.05,9229.2
ORD14818,2023-09-15,Notebook,Office Supplies,East,West Bengal,Consumer,3,359.34,970.23,0.1,193.58
ORD14819,2024-01-25,Desk,Furniture,North,Punjab,Corporate,5,13731.2,61790.41,0.1,11202.99
ORD14820,2023-07-13,Notebook,Office Supplies,South,Tamil Nadu,Consumer,4,343.1,1166.55,0.15,271.17
ORD14821,2024-10-25,Smartphone,Electronics,North,Delhi,Corporate,3,28702.77,68886.65,0.2,9508.07
ORD14822,2024-09-03,Office Chair,Furniture,North,Delhi,Consumer,2,7207.93,13695.06,0.05,2555.9
ORD14823,2024-06-22,Smartphone,Electronics,North,Haryana,Small Business,4,30279.17,109005.02,0.1,12419.96
ORD14824,2024-07-16,Laptop,Electronics,East,West Bengal,Consumer,1,55622.44,50060.2,0.1,6609.55
ORD14825,2025-04-21,Printer,Office Supplies,East,Bihar,Consumer,3,14301.79,34324.29,0.2,6470.17
ORD14826,2023-12-29,Headphones,Electronics,North,Haryana,Corporate,4,3656.26,12431.29,0.15,1468.47
ORD14827,2024-10-25,Laptop,Electronics,West,Rajasthan,Consumer,5,53673.6,268368.02,0.0,41907.91
ORD14828,2023-01-01,Monitor,Electronics,South,Karnataka,Small Business,1,14032.57,13330.94,0.05,1918.36
ORD14829,2023-04-29,Tablet,Electronics,North,Delhi,Consumer,5,24456.65,103940.76,0.15,14826.54
ORD14830,2025-08-24,Smartphone,Electronics,West,Gujarat,Small Business,1,28589.29,28589.29,0.0,3937.48
ORD14831,2023-12-29,Headphones,Electronics,North,Punjab,Corporate,3,3807.44,10851.22,0.05,1551.27
ORD14832,2023-03-17,Monitor,Electronics,East,West Bengal,Consumer,4,15174.15,57661.76,0.05,6814.08
ORD14833,2023-09-07,Laptop,Electronics,South,Tamil Nadu,Consumer,2,53539.15,107078.3,0.0,14182.08
ORD14834,2025-02-24,Smartphone,Electronics,South,Tamil Nadu,Corporate,4,25423.83,96610.57,0.05,11773.97
ORD14835,2025-08-12,Tablet,Electronics,South,Karnataka,Consumer,4,27283.79,103678.42,0.05,11617.78
ORD14836,2023-04-02,Laptop,Electronics,North,Haryana,Corporate,5,52072.43,260362.17,0.0,28535.46
ORD14837,2023-06-04,Tablet,Electronics,North,Delhi,Corporate,3,21540.23,54927.58,0.15,6104.36
ORD14838,2023-09-28,Keyboard,Electronics,West,Maharashtra,Small Business,2,1509.55,3019.11,0.0,465.26
ORD14839,2023-11-14,Laptop,Electronics,West,Maharashtra,Small Business,4,46636.3,186545.2,0.0,25884.43
ORD14840,2023-01-15,Monitor,Electronics,North,Delhi,Consumer,2,12954.74,24614.0,0.05,3405.59
ORD14841,2025-05-10,Backpack,Accessories,South,Karnataka,Corporate,4,1729.68,6226.84,0.1,1285.66
ORD14842,2023-12-29,Notebook,Office Supplies,East,Bihar,Corporate,1,362.5,344.37,0.05,57.12
ORD14843,2024-04-08,Headphones,Electronics,North,Delhi,Consumer,1,3684.42,2947.54,0.2,433.07
ORD14844,2024-01-21,Headphones,Electronics,East,West Bengal,Consumer,4,3627.38,13058.56,0.1,1897.46
ORD14845,2025-01-17,Mouse,Electronics,East,Odisha,Consumer,2,865.59,1731.18,0.0,237.24
ORD14846,2025-03-16,Notebook,Office Supplies,East,West Bengal,Consumer,2,347.33,694.66,0.0,151.23
ORD14847,2023-11-04,Office Chair,Furniture,North,Delhi,Consumer,1,7359.1,6255.23,0.15,1185.82
ORD14848,2023-11-05,Smartphone,Electronics,North,Delhi,Corporate,1,31013.8,27912.42,0.1,4314.77
ORD14849,2023-07-06,Laptop,Electronics,East,Odisha,Small Business,1,50774.84,45697.36,0.1,5964.2
ORD14850,2023-10-29,Notebook,Office Supplies,West,Maharashtra,Consumer,1,320.27,272.23,0.15,56.28
ORD14851,2023-07-29,Printer,Office Supplies,South,Telangana,Corporate,5,13196.51,52786.05,0.2,10862.45
ORD14852,2024-03-27,Backpack,Accessories,North,Haryana,Consumer,5,1908.68,8589.06,0.1,1786.95
ORD14853,2024-11-03,Keyboard,Electronics,North,Haryana,Corporate,1,1701.7,1616.61,0.05,214.2
ORD14854,2024-04-23,Tablet,Electronics,East,Bihar,Small Business,1,25489.14,24214.68,0.05,3059.7
ORD14855,2023-03-21,Tablet,Electronics,South,Karnataka,Consumer,3,24002.93,61207.46,0.15,8069.76
ORD14856,2024-01-06,Desk,Furniture,East,Bihar,Consumer,2,11340.05,22680.1,0.0,3974.95
ORD14857,2024-05-30,Printer,Office Supplies,South,Tamil Nadu,Consumer,5,15332.39,68995.77,0.1,14994.06
ORD14858,2025-09-05,Laptop,Electronics,West,Maharashtra,Corporate,5,56400.33,253801.48,0.1,28098.54
ORD14859,2025-02-11,Office Chair,Furniture,North,Haryana,Consumer,5,8760.0,39420.01,0.1,6760.72
ORD14860,2024-09-10,Printer,Office Supplies,North,Punjab,Corporate,2,14506.09,29012.18,0.0,6135.09
ORD14861,2023-06-17,Notebook,Office Supplies,North,Punjab,Consumer,4,319.88,1215.55,0.05,241.52
ORD14862,2024-12-15,Notebook,Office Supplies,North,Delhi,Small Business,5,347.55,1390.22,0.2,237.68
ORD14863,2023-03-31,Notebook,Office Supplies,East,Bihar,Small Business,3,332.1,996.31,0.0,207.48
ORD14864,2025-01-20,Tablet,Electronics,West,Rajasthan,Corporate,3,24895.49,70952.15,0.05,9052.78
ORD14865,2025-04-29,Desk,Furniture,West,Gujarat,Consumer,2,12905.46,23229.82,0.1,4022.06
ORD14866,2023-02-18,Desk,Furniture,West,Rajasthan,Corporate,3,12335.22,37005.65,0.0,6986.1
ORD14867,2025-06-21,Tablet,Electronics,South,Tamil Nadu,Consumer,3,22103.2,59678.65,0.1,8546.76
ORD14868,2025-06-26,Notebook,Office Supplies,South,Tamil Nadu,Consumer,1,353.31,300.31,0.15,58.52
ORD14869,2024-09-13,Smartphone,Electronics,South,Telangana,Corporate,3,28294.1,84882.31,0.0,13180.41
ORD14870,2025-02-17,Laptop,Electronics,South,Karnataka,Small Business,4,46662.1,167983.56,0.1,18399.64
ORD14871,2023-12-06,Keyboard,Electronics,West,Maharashtra,Consumer,4,1650.13,5940.46,0.1,767.05
ORD14872,2023-10-04,Desk,Furniture,East,Bihar,Consumer,2,12123.73,24247.47,0.0,4178.33
ORD14873,2024-07-07,Mouse,Electronics,South,Karnataka,Corporate,1,865.32,778.79,0.1,98.78
ORD14874,2024-10-30,Keyboard,Electronics,North,Haryana,Corporate,5,1708.7,7689.17,0.1,982.46
ORD14875,2023-04-03,Tablet,Electronics,South,Tamil Nadu,Consumer,3,24057.4,72172.21,0.0,10512.44
ORD14876,2023-12-06,Office Chair,Furniture,South,Telangana,Corporate,3,8327.58,23733.6,0.05,3919.27
ORD14877,2025-11-11,Backpack,Accessories,West,Gujarat,Corporate,5,1818.87,7730.19,0.15,1452.2
ORD14878,2023-07-09,Backpack,Accessories,South,Tamil Nadu,Corporate,1,1923.15,1730.83,0.1,283.8
ORD14879,2024-09-01,Monitor,Electronics,West,Maharashtra,Small Business,3,13421.87,36239.04,0.1,4425.11
ORD14880,2024-05-15,Headphones,Electronics,West,Rajasthan,Corporate,2,3512.81,6323.06,0.1,794.96
ORD14881,2025-01-23,Monitor,Electronics,East,Bihar,Consumer,4,14725.89,53013.2,0.1,8386.74
ORD14882,2024-04-30,Office Chair,Furniture,East,Odisha,Corporate,4,7395.53,25144.79,0.15,4689.82
ORD14883,2025-03-03,Notebook,Office Supplies,North,Delhi,Consumer,3,371.34,1002.61,0.1,186.2
ORD14884,2024-05-18,Office Chair,Furniture,East,West Bengal,Consumer,5,7763.69,38818.46,0.0,6607.08
ORD14885,2024-02-08,Mouse,Electronics,South,Telangana,Consumer,3,919.76,2483.35,0.1,347.81
ORD14886,2024-04-12,Office Chair,Furniture,East,Odisha,Corporate,3,8790.98,23735.65,0.1,3679.42
ORD14887,2023-02-23,Notebook,Office Supplies,East,West Bengal,Corporate,5,371.21,1856.07,0.0,387.37
ORD14888,2025-05-13,Backpack,Accessories,East,Bihar,Small Business,4,2016.07,8064.27,0.0,1645.07
ORD14889,2024-08-03,Notebook,Office Supplies,East,Odisha,Corporate,4,400.32,1601.27,0.0,344.41
ORD14890,2023-12-07,Notebook,Office Supplies,East,Odisha,Small Business,2,363.59,727.17,0.0,151.27
ORD14891,2023-05-20,Mouse,Electronics,West,Rajasthan,Consumer,3,928.97,2647.56,0.05,304.75
ORD14892,2024-08-10,Notebook,Office Supplies,West,Gujarat,Consumer,4,290.93,1047.35,0.1,218.63
ORD14893,2025-05-21,Desk,Furniture,South,Tamil Nadu,Consumer,1,11685.05,9932.29,0.15,1620.75
ORD14894,2023-11-01,Office Chair,Furniture,South,Tamil Nadu,Small Business,5,7850.27,35326.23,0.1,5867.69
ORD14895,2025-10-25,Backpack,Accessories,East,Odisha,Consumer,5,1663.58,7902.02,0.05,1685.02
ORD14896,2023-08-17,Monitor,Electronics,North,Punjab,Consumer,3,14807.17,39979.37,0.1,5125.22
ORD14897,2025-11-24,Office Chair,Furniture,East,West Bengal,Corporate,5,8188.55,34801.35,0.15,6234.01
ORD14898,2025-07-25,Backpack,Accessories,West,Maharashtra,Corporate,5,1663.37,8316.83,0.0,1598.25
ORD14899,2025-10-04,Office Chair,Furniture,North,Haryana,Consumer,2,9329.45,18658.9,0.0,3169.32
ORD14900,2024-08-13,Monitor,Electronics,South,Telangana,Consumer,2,15771.85,28389.34,0.1,3806.5
ORD14901,2025-01-04,Notebook,Office Supplies,South,Telangana,Consumer,5,358.15,1611.69,0.1,325.49
ORD14902,2023-02-06,Tablet,Electronics,East,Odisha,Small Business,3,23185.99,69557.98,0.0,10359.46
ORD14903,2023-03-03,Monitor,Electronics,West,Rajasthan,Consumer,1,13798.26,13108.35,0.05,1509.21
ORD14904,2024-08-19,Backpack,Accessories,North,Punjab,Corporate,5,1821.55,9107.73,0.0,1803.14
ORD14905,2025-03-09,Notebook,Office Supplies,North,Delhi,Small Business,5,381.55,1812.37,0.05,395.23
ORD14906,2025-04-15,Office Chair,Furniture,North,Punjab,Consumer,2,8498.52,15297.33,0.1,2452.19
ORD14907,2023-09-02,Smartphone,Electronics,West,Gujarat,Corporate,1,29801.18,29801.18,0.0,4390.72
ORD14908,2025-05-02,Office Chair,Furniture,East,Bihar,Consumer,2,7851.94,15703.88,0.0,2902.24
ORD14909,2024-09-27,Headphones,Electronics,North,Haryana,Corporate,5,3640.86,16383.86,0.1,2089.2
ORD14910,2025-11-14,Laptop,Electronics,South,Karnataka,Small Business,5,52204.47,221868.98,0.15,29196.37
ORD14911,2023-10-30,Office Chair,Furniture,West,Gujarat,Consumer,1,7707.99,7707.99,0.0,1521.09
ORD14912,2023-06-19,Desk,Furniture,South,Karnataka,Corporate,4,12454.46,44836.07,0.1,8115.13
ORD14913,2025-08-20,Office Chair,Furniture,North,Punjab,Consumer,2,8501.48,16152.8,0.05,2609.11
ORD14914,2024-09-29,Keyboard,Electronics,South,Karnataka,Small Business,3,1666.13,4498.56,0.1,717.01
ORD14915,2024-10-16,Smartphone,Electronics,North,Haryana,Corporate,2,25626.71,43565.41,0.15,5836.36
ORD14916,2023-04-03,Monitor,Electronics,South,Tamil Nadu,Corporate,3,14886.74,40194.21,0.1,5372.68
ORD14917,2025-04-21,Monitor,Electronics,East,West Bengal,Consumer,4,16184.35,64737.4,0.0,9612.61
ORD14918,2025-04-13,Mouse,Electronics,West,Gujarat,Consumer,2,934.32,1775.21,0.05,203.31
ORD14919,2024-04-02,Tablet,Electronics,East,Odisha,Corporate,1,23610.93,20069.29,0.15,2493.63
ORD14920,2023-08-26,Notebook,Office Supplies,West,Gujarat,Small Business,1,359.53,323.57,0.1,71.23
ORD14921,2025-01-19,Office Chair,Furniture,East,Odisha,Corporate,2,9119.12,18238.24,0.0,3271.07
ORD14922,2025-09-07,Office Chair,Furniture,North,Delhi,Consumer,1,9179.66,8720.68,0.05,1783.61
ORD14923,2024-01-12,Backpack,Accessories,North,Punjab,Consumer,4,1655.65,5960.35,0.1,1210.65
ORD14924,2025-01-07,Mouse,Electronics,East,Bihar,Small Business,2,920.53,1749.0,0.05,203.03
ORD14925,2023-12-01,Smartphone,Electronics,East,West Bengal,Corporate,1,25762.59,25762.59,0.0,3573.92
ORD14926,2024-10-20,Printer,Office Supplies,North,Haryana,Consumer,3,13725.01,37057.53,0.1,7177.91
ORD14927,2025-04-01,Mouse,Electronics,North,Delhi,Consumer,2,941.47,1694.64,0.1,227.48
ORD14928,2023-06-02,Mouse,Electronics,East,Bihar,Consumer,5,906.59,4079.65,0.1,553.35
ORD14929,2025-04-09,Laptop,Electronics,East,Odisha,Consumer,3,45824.83,137474.48,0.0,19336.85
ORD14930,2024-11-24,Tablet,Electronics,East,Odisha,Small Business,3,24197.31,65332.73,0.1,9853.45
ORD14931,2025-05-25,Printer,Office Supplies,North,Delhi,Consumer,1,13872.82,13872.82,0.0,3156.42
ORD14932,2024-09-13,Notebook,Office Supplies,East,West Bengal,Small Business,5,331.47,1491.64,0.1,285.54
ORD14933,2023-07-03,Notebook,Office Supplies,East,Bihar,Small Business,5,362.62,1722.43,0.05,365.46
ORD14934,2024-06-24,Keyboard,Electronics,South,Tamil Nadu,Consumer,1,1913.28,1913.28,0.0,279.1
ORD14935,2024-10-28,Laptop,Electronics,West,Maharashtra,Consumer,3,61021.78,183065.33,0.0,24349.21
ORD14936,2023-09-02,Desk,Furniture,South,Telangana,Consumer,3,12070.36,36211.09,0.0,6011.24
ORD14937,2023-07-21,Backpack,Accessories,South,Tamil Nadu,Corporate,3,1616.86,4122.99,0.15,866.12
ORD14938,2025-08-16,Laptop,Electronics,East,West Bengal,Consumer,5,54106.13,257004.13,0.05,36653.23
ORD14939,2025-02-19,Headphones,Electronics,East,West Bengal,Small Business,1,3239.03,3239.03,0.0,364.0
ORD14940,2024-05-25,Desk,Furniture,North,Punjab,Small Business,1,11608.79,11608.79,0.0,1935.33
ORD14941,2024-11-25,Headphones,Electronics,East,West Bengal,Corporate,1,3778.56,3400.7,0.1,400.99
ORD14942,2025-02-01,Laptop,Electronics,East,West Bengal,Small Business,3,52869.92,142748.78,0.1,18999.35
ORD14943,2023-10-21,Mouse,Electronics,West,Maharashtra,Consumer,3,927.9,2366.13,0.15,296.11
ORD14944,2023-06-19,Backpack,Accessories,West,Gujarat,Small Business,3,1619.34,4858.02,0.0,981.01
ORD14945,2024-05-06,Headphones,Electronics,South,Tamil Nadu,Consumer,2,3112.87,5603.17,0.1,845.6
ORD14946,2024-02-28,Monitor,Electronics,West,Rajasthan,Consumer,2,13021.07,26042.15,0.0,3970.55
ORD14947,2025-04-20,Laptop,Electronics,West,Maharashtra,Consumer,4,64407.15,257628.59,0.0,36267.16
ORD14948,2023-12-16,Desk,Furniture,West,Gujarat,Consumer,3,12539.1,35736.42,0.05,5532.01
ORD14949,2023-12-20,Office Chair,Furniture,South,Telangana,Small Business,1,9198.41,8278.57,0.1,1329.46
ORD14950,2023-10-22,Mouse,Electronics,North,Delhi,Corporate,2,833.8,1584.21,0.05,209.15
ORD14951,2024-09-03,Desk,Furniture,North,Haryana,Consumer,3,12624.18,35978.92,0.05,6135.92
ORD14952,2025-09-08,Monitor,Electronics,West,Maharashtra,Consumer,2,13392.08,22766.54,0.15,2838.81
ORD14953,2023-04-24,Keyboard,Electronics,North,Punjab,Small Business,4,1813.44,6528.39,0.1,653.49
ORD14954,2023-03-17,Printer,Office Supplies,East,Bihar,Corporate,2,15515.17,26375.78,0.15,5562.08
ORD14955,2023-12-01,Keyboard,Electronics,South,Karnataka,Corporate,1,1855.5,1855.5,0.0,237.01
ORD14956,2023-01-13,Smartphone,Electronics,South,Telangana,Corporate,5,25840.85,116283.83,0.1,13646.99
ORD14957,2023-10-28,Backpack,Accessories,North,Haryana,Consumer,2,1735.26,3123.48,0.1,612.35
ORD14958,2025-12-10,Backpack,Accessories,West,Rajasthan,Consumer,1,1864.88,1864.88,0.0,377.56
ORD14959,2024-12-10,Laptop,Electronics,West,Gujarat,Consumer,5,47099.79,235498.93,0.0,33312.33
ORD14960,2024-04-10,Laptop,Electronics,West,Gujarat,Consumer,3,55913.15,150965.51,0.1,20289.07
ORD14961,2024-03-17,Backpack,Accessories,West,Rajasthan,Consumer,1,1859.6,1673.64,0.1,338.77
ORD14962,2024-03-31,Tablet,Electronics,North,Punjab,Corporate,1,25117.14,23861.28,0.05,2564.91
ORD14963,2023-02-26,Backpack,Accessories,North,Haryana,Small Business,3,1744.38,5233.13,0.0,1053.6
ORD14964,2023-10-06,Smartphone,Electronics,North,Delhi,Small Business,4,26907.75,102249.43,0.05,15103.96
ORD14965,2024-12-22,Notebook,Office Supplies,East,Bihar,Consumer,1,301.52,301.52,0.0,68.14
ORD14966,2023-09-28,Laptop,Electronics,North,Punjab,Corporate,3,52472.03,157416.08,0.0,19178.03
ORD14967,2023-01-11,Tablet,Electronics,South,Karnataka,Small Business,1,23725.18,21352.67,0.1,2502.32
ORD14968,2025-08-13,Desk,Furniture,West,Rajasthan,Consumer,4,13328.18,47981.44,0.1,6595.13
ORD14969,2023-06-29,Headphones,Electronics,South,Karnataka,Consumer,5,3380.9,13523.59,0.2,1459.78
ORD14970,2024-03-28,Desk,Furniture,West,Rajasthan,Small Business,5,10316.28,49002.35,0.05,8491.52
ORD14971,2023-04-23,Smartphone,Electronics,East,West Bengal,Consumer,2,27208.92,48976.05,0.1,6321.73
ORD14972,2023-03-02,Desk,Furniture,South,Karnataka,Consumer,2,11201.36,19042.31,0.15,3526.07
ORD14973,2024-08-02,Notebook,Office Supplies,East,Bihar,Corporate,1,320.6,288.54,0.1,60.99
ORD14974,2023-02-21,Office Chair,Furniture,West,Maharashtra,Small Business,1,8419.35,7156.45,0.15,1167.31
ORD14975,2025-11-08,Headphones,Electronics,North,Punjab,Consumer,4,3414.22,12974.02,0.05,2001.62
ORD14976,2023-10-17,Printer,Office Supplies,South,Telangana,Consumer,4,12710.54,43215.83,0.15,9926.47
ORD14977,2025-06-03,Mouse,Electronics,South,Telangana,Corporate,5,869.57,3913.06,0.1,531.53
ORD14978,2024-12-30,Office Chair,Furniture,South,Telangana,Small Business,5,8613.79,38762.03,0.1,6823.78
ORD14979,2025-12-23,Laptop,Electronics,East,West Bengal,Corporate,1,52403.83,41923.07,0.2,5124.61
ORD14980,2025-03-07,Headphones,Electronics,North,Haryana,Corporate,2,3179.59,6359.18,0.0,860.68
ORD14981,2025-06-28,Keyboard,Electronics,South,Tamil Nadu,Corporate,1,1769.09,1503.73,0.15,176.83
ORD14982,2025-04-16,Printer,Office Supplies,East,West Bengal,Small Business,2,13666.36,27332.73,0.0,6263.88
ORD14983,2024-06-09,Office Chair,Furniture,South,Karnataka,Consumer,5,7901.53,37532.25,0.05,6323.89
ORD14984,2024-01-03,Monitor,Electronics,East,West Bengal,Consumer,4,15105.98,57402.72,0.05,6641.69
ORD14985,2024-08-08,Keyboard,Electronics,North,Punjab,Corporate,3,1715.03,5145.1,0.0,687.38
ORD14986,2024-10-18,Smartphone,Electronics,North,Punjab,Consumer,5,23843.09,107293.9,0.1,15055.69
ORD14987,2024-04-10,Tablet,Electronics,North,Haryana,Corporate,5,22981.31,114906.57,0.0,16139.13
ORD14988,2023-10-20,Backpack,Accessories,West,Maharashtra,Consumer,3,1846.55,5539.65,0.0,1112.0
ORD14989,2025-01-18,Backpack,Accessories,East,West Bengal,Consumer,5,2066.36,8265.44,0.2,1441.29
ORD14990,2025-11-08,Smartphone,Electronics,South,Telangana,Consumer,4,28303.53,101892.71,0.1,15059.1
ORD14991,2024-01-21,Laptop,Electronics,South,Karnataka,Corporate,4,57287.99,206236.78,0.1,33226.72
ORD14992,2025-01-22,Smartphone,Electronics,West,Rajasthan,Small Business,3,25895.02,69916.55,0.1,10551.48
ORD14993,2025-01-08,Laptop,Electronics,West,Maharashtra,Corporate,2,42792.87,77027.16,0.1,10004.11
ORD14994,2023-12-29,Tablet,Electronics,South,Tamil Nadu,Consumer,3,25557.28,76671.84,0.0,11733.36
ORD14995,2025-11-01,Mouse,Electronics,South,Telangana,Corporate,1,909.3,909.3,0.0,139.47
ORD14996,2023-07-27,Laptop,Electronics,East,West Bengal,Consumer,4,46455.58,185822.31,0.0,25105.48
ORD14997,2025-05-19,Backpack,Accessories,West,Gujarat,Small Business,2,1789.77,3400.57,0.05,660.68
ORD14998,2025-02-15,Printer,Office Supplies,East,Odisha,Corporate,3,12962.57,34998.94,0.1,7456.14
ORD14999,2024-09-03,Keyboard,Electronics,East,Bihar,Consumer,2,1935.09,3870.17,0.0,418.11
ORD15000,2023-06-07,Tablet,Electronics,East,West Bengal,Small Business,3,23860.04,64422.11,0.1,7404.08
ORD15001,2025-01-07,Monitor,Electronics,West,Maharashtra,Corporate,4,14978.57,56918.58,0.05,9785.7
ORD15002,2024-09-19,Laptop,Electronics,North,Punjab,Small Business,2,61381.02,110485.84,0.1,16475.64
ORD15003,2025-09-07,Laptop,Electronics,East,Odisha,Corporate,2,61638.19,104784.93,0.15,15226.89
ORD15004,2025-05-03,Smartphone,Electronics,North,Punjab,Consumer,5,25555.79,115001.04,0.1,13777.53
ORD15005,2025-02-18,Office Chair,Furniture,North,Punjab,Small Business,5,8345.18,35467.02,0.15,5591.46
ORD15006,2025-07-06,Backpack,Accessories,South,Karnataka,Small Business,2,2133.48,4053.6,0.05,827.63
ORD15007,2025-04-07,Tablet,Electronics,South,Telangana,Consumer,4,27675.78,105167.95,0.05,14527.26
ORD15008,2024-02-21,Office Chair,Furniture,South,Telangana,Small Business,5,7193.48,34169.04,0.05,6033.58
ORD15009,2025-05-19,Notebook,Office Supplies,East,Odisha,Corporate,2,361.21,650.17,0.1,135.55
ORD15010,2025-05-03,Backpack,Accessories,West,Maharashtra,Consumer,4,1760.3,5985.0,0.15,1161.77
ORD15011,2023-07-19,Notebook,Office Supplies,West,Gujarat,Corporate,3,350.38,1051.15,0.0,236.91
ORD15012,2025-05-24,Keyboard,Electronics,South,Tamil Nadu,Corporate,2,1797.17,3234.9,0.1,445.91
ORD15013,2024-06-23,Notebook,Office Supplies,East,Odisha,Corporate,2,296.08,532.95,0.1,99.25
ORD15014,2024-04-24,Backpack,Accessories,South,Karnataka,Corporate,5,1935.68,8710.57,0.1,1650.9
ORD15015,2025-01-02,Office Chair,Furniture,West,Maharashtra,Consumer,4,9236.88,35100.16,0.05,6834.39
ORD15016,2024-03-13,Monitor,Electronics,North,Haryana,Corporate,2,15446.86,27804.34,0.1,2874.23
ORD15017,2025-09-02,Monitor,Electronics,West,Rajasthan,Corporate,5,15526.63,73751.49,0.05,8092.15
ORD15018,2025-01-15,Backpack,Accessories,West,Rajasthan,Corporate,3,1659.2,4230.97,0.15,799.9
ORD15019,2024-12-19,Office Chair,Furniture,West,Gujarat,Corporate,5,9481.31,42665.89,0.1,6975.27
ORD15020,2025-03-01,Tablet,Electronics,North,Punjab,Consumer,5,26800.43,134002.16,0.0,16509.33
ORD15021,2024-11-08,Office Chair,Furniture,North,Punjab,Corporate,1,8148.78,6926.47,0.15,1171.1
ORD15022,2023-04-28,Mouse,Electronics,West,Maharashtra,Small Business,1,989.64,940.16,0.05,125.32
ORD15023,2023-11-16,Monitor,Electronics,West,Gujarat,Corporate,4,14349.73,54528.99,0.05,6203.75
ORD15024,2024-06-13,Smartphone,Electronics,East,Bihar,Small Business,3,32026.2,96078.6,0.0,13616.57
ORD15025,2024-11-26,Backpack,Accessories,West,Rajasthan,Corporate,5,1941.37,9221.49,0.05,2009.56
ORD15026,2025-08-22,Office Chair,Furniture,South,Karnataka,Consumer,3,8790.06,25051.66,0.05,4215.78
ORD15027,2023-03-09,Mouse,Electronics,West,Maharashtra,Small Business,4,843.28,3035.8,0.1,463.14
ORD15028,2023-03-29,Tablet,Electronics,North,Punjab,Corporate,2,24744.59,49489.18,0.0,6341.17
ORD15029,2023-06-07,Printer,Office Supplies,South,Tamil Nadu,Consumer,4,16879.47,60766.08,0.1,12000.99
ORD15030,2024-09-04,Keyboard,Electronics,West,Rajasthan,Corporate,3,1942.72,4662.53,0.2,634.72
ORD15031,2024-07-02,Printer,Office Supplies,West,Rajasthan,Consumer,3,12928.79,34907.74,0.1,6727.53
ORD15032,2025-04-17,Keyboard,Electronics,East,West Bengal,Small Business,4,1696.18,6445.47,0.05,793.52
ORD15033,2025-09-13,Desk,Furniture,South,Telangana,Corporate,4,12592.86,42815.71,0.15,6071.42
ORD15034,2025-07-12,Notebook,Office Supplies,West,Gujarat,Consumer,1,346.29,311.66,0.1,63.12
ORD15035,2023-02-14,Tablet,Electronics,North,Delhi,Consumer,1,24174.02,19339.21,0.2,1876.32
ORD15036,2025-02-26,Printer,Office Supplies,West,Gujarat,Consumer,5,15011.71,67552.68,0.1,12955.38
ORD15037,2023-06-17,Notebook,Office Supplies,West,Maharashtra,Corporate,5,335.01,1340.06,0.2,255.48
ORD15038,2023-11-19,Tablet,Electronics,North,Haryana,Small Business,3,25730.47,77191.4,0.0,10020.23
ORD15039,2025-12-30,Printer,Office Supplies,South,Telangana,Small Business,1,13637.27,13637.27,0.0,2964.34
ORD15040,2025-07-16,Office Chair,Furniture,North,Haryana,Corporate,3,8858.55,26575.64,0.0,4758.62
ORD15041,2024-12-23,Laptop,Electronics,North,Delhi,Consumer,4,53346.49,202716.67,0.05,31680.91
ORD15042,2025-05-04,Printer,Office Supplies,East,Odisha,Consumer,5,15179.92,75899.58,0.0,16788.09
ORD15043,2025-02-18,Tablet,Electronics,North,Punjab,Consumer,1,24816.31,24816.31,0.0,4232.32
ORD15044,2024-05-08,Mouse,Electronics,North,Punjab,Corporate,2,938.49,1501.58,0.2,179.98
ORD15045,2024-11-15,Tablet,Electronics,West,Maharashtra,Consumer,1,19713.5,18727.82,0.05,2682.36
ORD15046,2024-08-02,Smartphone,Electronics,South,Telangana,Small Business,1,27271.21,24544.09,0.1,3554.61
ORD15047,2023-04-21,Printer,Office Supplies,South,Tamil Nadu,Consumer,3,13546.56,34543.73,0.15,7726.26
ORD15048,2024-03-08,Keyboard,Electronics,West,Gujarat,Small Business,4,1984.7,7938.79,0.0,986.85
ORD15049,2023-05-26,Backpack,Accessories,South,Karnataka,Consumer,2,1860.07,3720.14,0.0,704.48
ORD15050,2024-10-26,Printer,Office Supplies,South,Karnataka,Corporate,2,13185.58,23734.04,0.1,4534.12
ORD15051,2024-02-26,Backpack,Accessories,West,Maharashtra,Corporate,1,1781.16,1781.16,0.0,337.95
ORD15052,2024-01-25,Laptop,Electronics,South,Telangana,Corporate,1,51699.66,43944.71,0.15,6214.73
ORD15053,2023-04-05,Laptop,Electronics,West,Rajasthan,Consumer,1,49622.9,44660.61,0.1,4968.78
ORD15054,2025-07-02,Notebook,Office Supplies,North,Haryana,Consumer,4,328.49,1313.97,0.0,291.74
ORD15055,2023-09-01,Smartphone,Electronics,North,Punjab,Small Business,1,32571.46,27685.74,0.15,2710.53
ORD15056,2025-11-29,Desk,Furniture,East,Odisha,Corporate,2,11914.05,20253.88,0.15,3342.0
ORD15057,2025-11-17,Monitor,Electronics,South,Karnataka,Consumer,2,14009.89,25217.79,0.1,3172.63
ORD15058,2025-12-04,Desk,Furniture,North,Haryana,Small Business,3,11795.51,33617.2,0.05,5369.34
ORD15059,2025-11-12,Notebook,Office Supplies,North,Haryana,Consumer,4,331.21,1324.85,0.0,300.86
ORD15060,2023-08-27,Printer,Office Supplies,North,Delhi,Consumer,4,15313.04,55126.93,0.1,11464.66
ORD15061,2023-06-22,Mouse,Electronics,North,Haryana,Corporate,2,938.02,1688.43,0.1,191.06
ORD15062,2024-04-26,Laptop,Electronics,East,West Bengal,Corporate,1,55367.01,49830.31,0.1,6841.13
ORD15063,2023-12-18,Monitor,Electronics,North,Punjab,Consumer,3,16038.47,48115.42,0.0,6884.14
ORD15064,2025-12-31,Notebook,Office Supplies,South,Karnataka,Consumer,5,302.05,1359.24,0.1,254.73
ORD15065,2025-02-26,Keyboard,Electronics,North,Punjab,Corporate,3,1907.59,5150.48,0.1,685.84
ORD15066,2024-03-11,Laptop,Electronics,West,Maharashtra,Consumer,3,57969.54,173908.62,0.0,21794.98
ORD15067,2023-01-14,Keyboard,Electronics,North,Haryana,Consumer,4,2035.77,8143.09,0.0,1321.03
ORD15068,2025-02-08,Desk,Furniture,South,Karnataka,Consumer,1,12929.26,12282.79,0.05,2080.54
ORD15069,2023-03-16,Monitor,Electronics,West,Gujarat,Consumer,1,14279.08,12851.17,0.1,1815.25
ORD15070,2023-10-24,Monitor,Electronics,West,Rajasthan,Consumer,1,14898.29,14153.38,0.05,2216.55
ORD15071,2025-04-21,Notebook,Office Supplies,South,Tamil Nadu,Consumer,4,336.85,1347.39,0.0,285.04
ORD15072,2023-08-15,Mouse,Electronics,East,Odisha,Consumer,3,837.4,2009.77,0.2,241.82
ORD15073,2025-05-13,Monitor,Electronics,South,Tamil Nadu,Consumer,3,13575.27,32580.66,0.2,3451.62
ORD15074,2023-08-05,Office Chair,Furniture,East,Odisha,Corporate,5,8669.45,41179.89,0.05,7991.63
ORD15075,2023-07-07,Keyboard,Electronics,South,Karnataka,Consumer,2,2077.5,4155.0,0.0,516.59
ORD15076,2023-06-24,Tablet,Electronics,South,Karnataka,Corporate,1,24941.82,23694.72,0.05,2524.3
ORD15077,2024-08-24,Notebook,Office Supplies,East,West Bengal,Corporate,1,373.39,317.38,0.15,69.56
ORD15078,2024-11-22,Smartphone,Electronics,North,Delhi,Corporate,5,32208.16,136884.67,0.15,15022.71
ORD15079,2024-02-08,Backpack,Accessories,South,Telangana,Consumer,1,2122.54,2016.42,0.05,405.92
ORD15080,2025-10-03,Mouse,Electronics,East,Bihar,Corporate,1,846.3,803.98,0.05,126.42
ORD15081,2024-03-25,Desk,Furniture,West,Maharashtra,Consumer,2,11773.07,21191.53,0.1,3879.69
ORD15082,2024-08-26,Backpack,Accessories,North,Delhi,Corporate,5,1748.08,8740.38,0.0,1937.78
ORD15083,2023-07-07,Office Chair,Furniture,South,Karnataka,Corporate,1,9165.01,8706.76,0.05,1731.44
ORD15084,2023-03-06,Tablet,Electronics,West,Gujarat,Consumer,2,24244.22,43639.6,0.1,5141.47
ORD15085,2024-07-27,Headphones,Electronics,South,Karnataka,Consumer,1,3523.91,3347.71,0.05,462.75
ORD15086,2025-12-27,Tablet,Electronics,East,Odisha,Consumer,4,23005.99,82821.58,0.1,11282.66
ORD15087,2025-12-10,Laptop,Electronics,East,Odisha,Consumer,4,45444.28,172688.27,0.05,21894.61
ORD15088,2023-10-02,Keyboard,Electronics,West,Rajasthan,Consumer,4,1925.25,6930.9,0.1,875.36
ORD15089,2023-10-07,Monitor,Electronics,East,Bihar,Corporate,4,12868.04,46324.94,0.1,4005.82
ORD15090,2023-01-19,Office Chair,Furniture,West,Rajasthan,Corporate,1,9983.81,9484.62,0.05,1575.29
ORD15091,2023-03-10,Smartphone,Electronics,West,Gujarat,Small Business,4,29347.49,99781.47,0.15,10893.1
ORD15092,2025-12-02,Backpack,Accessories,South,Tamil Nadu,Consumer,5,2083.16,8853.45,0.15,1657.38
ORD15093,2025-12-03,Keyboard,Electronics,West,Rajasthan,Consumer,5,1402.34,6661.11,0.05,997.36
ORD15094,2024-06-30,Printer,Office Supplies,South,Karnataka,Small Business,5,15552.37,69985.64,0.1,14916.61
ORD15095,2025-05-16,Desk,Furniture,North,Haryana,Small Business,5,11631.59,49434.26,0.15,7829.19
ORD15096,2023-09-23,Smartphone,Electronics,West,Gujarat,Consumer,5,26420.16,118890.7,0.1,15155.45
ORD15097,2023-04-22,Headphones,Electronics,North,Punjab,Corporate,1,3748.32,3748.32,0.0,495.42
ORD15098,2024-05-03,Office Chair,Furniture,North,Punjab,Corporate,4,8073.51,25835.23,0.2,3942.47
ORD15099,2023-06-06,Desk,Furniture,East,West Bengal,Consumer,5,11640.33,58201.63,0.0,11054.44
ORD15100,2024-06-05,Headphones,Electronics,South,Tamil Nadu,Small Business,3,3441.63,10324.9,0.0,1578.48
ORD15101,2024-03-12,Keyboard,Electronics,East,Bihar,Consumer,1,2067.91,1964.52,0.05,248.83
ORD15102,2023-12-19,Smartphone,Electronics,North,Punjab,Consumer,2,28177.1,56354.21,0.0,7027.09
ORD15103,2025-07-07,Printer,Office Supplies,South,Tamil Nadu,Consumer,3,13824.47,35252.39,0.15,6640.15
ORD15104,2025-11-20,Office Chair,Furniture,East,Bihar,Consumer,3,8957.72,26873.15,0.0,4363.1
ORD15105,2024-11-15,Tablet,Electronics,South,Telangana,Consumer,2,23673.09,47346.17,0.0,6716.33
ORD15106,2023-04-22,Smartphone,Electronics,North,Delhi,Small Business,4,29044.1,98749.95,0.15,11842.22
ORD15107,2023-11-03,Desk,Furniture,East,West Bengal,Corporate,5,12626.36,56818.63,0.1,9339.77
ORD15108,2023-12-07,Backpack,Accessories,East,West Bengal,Corporate,2,1788.32,3397.8,0.05,584.62
ORD15109,2024-07-08,Mouse,Electronics,West,Gujarat,Small Business,3,871.74,2353.69,0.1,336.83
ORD15110,2023-07-15,Mouse,Electronics,North,Delhi,Corporate,2,773.27,1469.21,0.05,211.68
ORD15111,2025-01-29,Mouse,Electronics,South,Telangana,Corporate,1,934.28,747.42,0.2,84.82
ORD15112,2025-09-26,Laptop,Electronics,East,Bihar,Consumer,4,54119.97,194831.9,0.1,30594.82
ORD15113,2023-09-28,Office Chair,Furniture,North,Haryana,Consumer,2,8715.4,17430.79,0.0,3084.99
ORD15114,2024-03-29,Backpack,Accessories,North,Haryana,Consumer,3,1717.61,4379.92,0.15,770.52
ORD15115,2024-02-09,Laptop,Electronics,North,Delhi,Consumer,5,56350.17,253575.77,0.1,40737.05
ORD15116,2025-03-16,Notebook,Office Supplies,West,Gujarat,Corporate,3,329.93,890.82,0.1,189.2
ORD15117,2025-09-11,Monitor,Electronics,North,Delhi,Consumer,4,13889.03,52778.31,0.05,8015.55
ORD15118,2024-03-29,Tablet,Electronics,South,Telangana,Consumer,5,23161.14,115805.68,0.0,19451.0
ORD15119,2025-05-10,Smartphone,Electronics,North,Punjab,Consumer,1,27437.62,24693.86,0.1,3413.7
ORD15120,2023-04-04,Office Chair,Furniture,North,Punjab,Corporate,1,9254.83,8792.09,0.05,1509.84
ORD15121,2025-06-13,Headphones,Electronics,North,Punjab,Corporate,2,4001.94,7203.49,0.1,859.84
ORD15122,2025-04-25,Keyboard,Electronics,East,Odisha,Corporate,4,1732.86,6584.87,0.05,888.28
ORD15123,2024-06-04,Office Chair,Furniture,South,Tamil Nadu,Corporate,1,9126.23,8213.61,0.1,1439.01
ORD15124,2024-09-16,Printer,Office Supplies,North,Punjab,Corporate,2,17184.47,32650.49,0.05,7268.66
ORD15125,2025-12-26,Printer,Office Supplies,West,Rajasthan,Small Business,1,13561.13,13561.13,0.0,3106.56
ORD15126,2023-04-26,Printer,Office Supplies,South,Telangana,Consumer,2,15418.0,26210.6,0.15,5164.28
ORD15127,2025-12-24,Mouse,Electronics,South,Telangana,Consumer,5,938.73,3989.62,0.15,537.94
ORD15128,2025-03-24,Monitor,Electronics,East,West Bengal,Small Business,2,15740.69,28333.23,0.1,3722.6
ORD15129,2025-05-10,Smartphone,Electronics,South,Karnataka,Corporate,5,30518.49,144962.84,0.05,20454.34
ORD15130,2025-05-29,Printer,Office Supplies,East,West Bengal,Corporate,1,13924.91,11836.17,0.15,2557.25
ORD15131,2025-06-25,Headphones,Electronics,West,Maharashtra,Consumer,1,3137.36,2823.62,0.1,439.65
ORD15132,2025-03-23,Tablet,Electronics,East,Odisha,Small Business,3,22124.58,63055.04,0.05,8116.42
ORD15133,2023-06-12,Smartphone,Electronics,West,Gujarat,Consumer,1,28286.8,26872.46,0.05,3838.12
ORD15134,2024-05-22,Keyboard,Electronics,West,Gujarat,Corporate,3,1610.18,4830.54,0.0,737.09
ORD15135,2024-12-31,Laptop,Electronics,South,Tamil Nadu,Corporate,3,49949.39,149848.17,0.0,22010.89
ORD15136,2025-05-04,Monitor,Electronics,South,Karnataka,Small Business,4,14410.7,54760.66,0.05,7812.18
ORD15137,2024-06-16,Desk,Furniture,East,Bihar,Corporate,1,11708.19,10537.37,0.1,1953.96
ORD15138,2025-10-24,Monitor,Electronics,East,Bihar,Corporate,5,12953.76,64768.81,0.0,9685.52
ORD15139,2024-05-09,Desk,Furniture,North,Punjab,Consumer,4,11478.08,45912.31,0.0,7901.18
ORD15140,2025-03-09,Keyboard,Electronics,South,Telangana,Small Business,4,1700.75,6802.99,0.0,783.68
ORD15141,2025-12-11,Smartphone,Electronics,South,Tamil Nadu,Consumer,1,29580.28,29580.28,0.0,5546.38
ORD15142,2025-09-23,Notebook,Office Supplies,South,Telangana,Corporate,2,340.64,681.28,0.0,160.08
ORD15143,2023-03-15,Tablet,Electronics,West,Gujarat,Corporate,3,21104.01,56980.83,0.1,5973.19
ORD15144,2025-05-03,Headphones,Electronics,North,Punjab,Consumer,1,3459.59,3459.59,0.0,501.55
ORD15145,2025-04-10,Notebook,Office Supplies,East,Odisha,Small Business,5,394.15,1970.75,0.0,441.18
ORD15146,2023-10-02,Monitor,Electronics,East,Odisha,Corporate,1,15714.24,14142.81,0.1,1537.61
ORD15147,2024-10-09,Tablet,Electronics,West,Maharashtra,Small Business,2,21086.85,35847.64,0.15,4456.22
ORD15148,2023-03-14,Notebook,Office Supplies,West,Gujarat,Small Business,3,332.55,897.89,0.1,175.0
ORD15149,2025-02-04,Laptop,Electronics,North,Haryana,Corporate,2,58003.29,104405.93,0.1,11463.02
ORD15150,2025-03-17,Laptop,Electronics,South,Tamil Nadu,Corporate,4,54698.69,207855.02,0.05,32007.49
ORD15151,2024-09-17,Backpack,Accessories,South,Telangana,Corporate,4,1681.44,6389.47,0.05,1127.04
ORD15152,2025-03-16,Smartphone,Electronics,East,West Bengal,Consumer,1,29181.71,29181.71,0.0,4334.91
ORD15153,2023-10-22,Smartphone,Electronics,South,Karnataka,Consumer,3,24216.5,61752.07,0.15,6952.44
ORD15154,2023-07-20,Headphones,Electronics,West,Maharashtra,Consumer,5,3470.72,16485.92,0.05,2344.13
ORD15155,2024-03-27,Smartphone,Electronics,North,Punjab,Consumer,4,29845.94,101476.18,0.15,13849.15
ORD15156,2025-07-21,Printer,Office Supplies,North,Haryana,Consumer,4,13479.58,51222.41,0.05,9674.68
ORD15157,2023-09-07,Keyboard,Electronics,North,Haryana,Corporate,2,1811.28,3622.56,0.0,483.89
ORD15158,2024-03-09,Desk,Furniture,West,Gujarat,Corporate,2,12435.17,23626.82,0.05,4250.96
ORD15159,2024-09-14,Tablet,Electronics,South,Tamil Nadu,Consumer,2,24195.51,43551.92,0.1,5823.8
ORD15160,2025-04-23,Mouse,Electronics,West,Gujarat,Consumer,4,946.9,3787.61,0.0,634.91
ORD15161,2024-07-13,Keyboard,Electronics,North,Haryana,Small Business,2,1861.12,3350.02,0.1,373.61
ORD15162,2025-05-25,Smartphone,Electronics,North,Delhi,Small Business,3,30934.68,83523.64,0.1,10722.12
ORD15163,2025-06-04,Headphones,Electronics,East,West Bengal,Corporate,3,3930.69,11792.06,0.0,1863.6
ORD15164,2025-05-11,Backpack,Accessories,North,Punjab,Consumer,4,1612.19,5803.87,0.1,1103.69
ORD15165,2023-11-17,Keyboard,Electronics,South,Karnataka,Consumer,1,2097.79,2097.79,0.0,301.09
ORD15166,2024-09-17,Headphones,Electronics,East,West Bengal,Small Business,3,3516.68,10022.55,0.05,1456.98
ORD15167,2024-12-16,Desk,Furniture,East,Odisha,Consumer,2,12706.25,22871.26,0.1,3444.68
ORD15168,2023-08-29,Smartphone,Electronics,North,Delhi,Corporate,2,30344.32,60688.63,0.0,9230.15
ORD15169,2025-05-28,Notebook,Office Supplies,North,Haryana,Corporate,5,361.93,1628.69,0.1,330.47
ORD15170,2024-05-22,Printer,Office Supplies,West,Gujarat,Corporate,3,12460.76,33644.04,0.1,6483.67
ORD15171,2025-08-06,Printer,Office Supplies,South,Telangana,Small Business,4,15638.17,62552.67,0.0,14815.09
ORD15172,2024-01-03,Notebook,Office Supplies,South,Tamil Nadu,Consumer,1,348.92,348.92,0.0,84.22
ORD15173,2024-03-25,Desk,Furniture,West,Maharashtra,Corporate,4,11850.31,45031.17,0.05,7509.29
ORD15174,2024-10-20,Notebook,Office Supplies,North,Punjab,Small Business,2,337.69,675.38,0.0,154.58
ORD15175,2024-08-01,Notebook,Office Supplies,East,West Bengal,Consumer,4,398.06,1512.63,0.05,296.85
ORD15176,2023-12-26,Smartphone,Electronics,South,Telangana,Small Business,1,31268.46,31268.46,0.0,4815.69
ORD15177,2023-05-03,Notebook,Office Supplies,West,Rajasthan,Consumer,2,328.22,623.62,0.05,144.16
ORD15178,2023-06-12,Printer,Office Supplies,South,Karnataka,Consumer,4,13691.45,54765.79,0.0,13135.74
ORD15179,2023-09-26,Desk,Furniture,East,Bihar,Corporate,3,10604.63,25451.12,0.2,4564.39
ORD15180,2024-06-28,Backpack,Accessories,South,Karnataka,Consumer,4,1853.38,7042.85,0.05,1382.95
ORD15181,2025-05-17,Mouse,Electronics,East,Bihar,Corporate,3,830.09,2490.28,0.0,311.9
ORD15182,2023-02-05,Office Chair,Furniture,North,Punjab,Corporate,1,9432.5,9432.5,0.0,1603.14
ORD15183,2023-02-09,Notebook,Office Supplies,West,Maharashtra,Corporate,5,345.31,1640.2,0.05,355.05
ORD15184,2024-10-04,Headphones,Electronics,West,Gujarat,Corporate,3,3506.22,9466.8,0.1,1319.36
ORD15185,2024-09-06,Desk,Furniture,East,West Bengal,Small Business,5,13523.68,60856.57,0.1,10071.58
ORD15186,2024-10-20,Office Chair,Furniture,South,Karnataka,Consumer,3,8284.22,22367.41,0.1,4033.66
ORD15187,2025-04-05,Notebook,Office Supplies,North,Delhi,Corporate,5,396.87,1785.94,0.1,352.19
ORD15188,2023-03-22,Monitor,Electronics,West,Gujarat,Consumer,2,16593.08,29867.55,0.1,4093.88
ORD15189,2025-02-28,Mouse,Electronics,South,Karnataka,Consumer,4,778.4,3113.58,0.0,431.37
ORD15190,2023-08-18,Laptop,Electronics,West,Rajasthan,Consumer,4,43994.17,167177.85,0.05,21621.67
ORD15191,2023-04-29,Desk,Furniture,South,Tamil Nadu,Consumer,4,12281.38,44212.98,0.1,7649.2
ORD15192,2023-10-01,Office Chair,Furniture,West,Maharashtra,Consumer,1,9419.39,8477.45,0.1,1452.95
ORD15193,2023-12-02,Keyboard,Electronics,East,West Bengal,Corporate,1,1766.96,1590.26,0.1,210.35
ORD15194,2025-09-17,Monitor,Electronics,West,Gujarat,Consumer,4,16886.89,57415.43,0.15,6078.63
ORD15195,2025-03-10,Notebook,Office Supplies,West,Maharashtra,Corporate,5,317.41,1428.36,0.1,316.72
ORD15196,2023-09-11,Laptop,Electronics,South,Tamil Nadu,Corporate,4,54734.63,207991.58,0.05,26051.03
ORD15197,2025-12-06,Mouse,Electronics,East,Bihar,Consumer,3,844.52,2533.57,0.0,341.92
ORD15198,2024-09-16,Smartphone,Electronics,South,Karnataka,Consumer,4,29978.69,113919.02,0.05,14393.79
ORD15199,2025-10-02,Smartphone,Electronics,East,Odisha,Corporate,4,29345.5,117381.99,0.0,13759.52
ORD15200,2023-01-30,Headphones,Electronics,North,Punjab,Consumer,4,3338.78,11351.84,0.15,1561.11
ORD15201,2023-10-13,Printer,Office Supplies,North,Delhi,Consumer,2,15003.61,25506.14,0.15,5226.32
ORD15202,2023-10-31,Desk,Furniture,South,Tamil Nadu,Consumer,1,13077.85,12423.96,0.05,1962.36
ORD15203,2023-02-12,Desk,Furniture,South,Telangana,Consumer,1,11787.53,10019.4,0.15,1873.87
ORD15204,2024-09-17,Keyboard,Electronics,South,Karnataka,Consumer,4,1833.6,6600.95,0.1,847.13
ORD15205,2023-11-13,Laptop,Electronics,North,Haryana,Corporate,5,52815.28,264076.42,0.0,39594.55
ORD15206,2023-05-06,Monitor,Electronics,South,Telangana,Corporate,3,15904.12,40555.51,0.15,5329.43
ORD15207,2023-09-05,Mouse,Electronics,North,Delhi,Consumer,4,918.12,3305.25,0.1,439.53
ORD15208,2023-03-05,Laptop,Electronics,West,Maharashtra,Corporate,3,45890.15,123903.41,0.1,17174.3
ORD15209,2024-10-11,Keyboard,Electronics,East,Odisha,Consumer,3,1617.03,4851.1,0.0,723.18
ORD15210,2023-09-07,Monitor,Electronics,North,Punjab,Consumer,1,15048.99,13544.09,0.1,1739.7
ORD15211,2025-12-07,Office Chair,Furniture,South,Telangana,Corporate,3,8133.27,23179.81,0.05,3923.95
ORD15212,2025-01-24,Laptop,Electronics,North,Delhi,Small Business,2,53513.66,101675.96,0.05,11811.61
ORD15213,2023-04-03,Smartphone,Electronics,South,Karnataka,Consumer,2,26001.74,52003.49,0.0,6097.62
ORD15214,2024-06-20,Notebook,Office Supplies,South,Tamil Nadu,Consumer,1,369.64,369.64,0.0,79.87
ORD15215,2025-04-04,Tablet,Electronics,West,Maharashtra,Consumer,1,23669.3,22485.83,0.05,2543.15
ORD15216,2023-01-13,Keyboard,Electronics,North,Haryana,Consumer,2,1866.56,3546.46,0.05,530.02
ORD15217,2023-02-17,Desk,Furniture,East,Odisha,Corporate,2,13026.36,24750.09,0.05,4302.86
ORD15218,2023-01-08,Tablet,Electronics,East,Odisha,Corporate,3,23006.43,65568.32,0.05,7306.86
ORD15219,2025-03-25,Headphones,Electronics,North,Delhi,Corporate,3,3240.05,8748.12,0.1,993.36
ORD15220,2024-10-26,Notebook,Office Supplies,West,Rajasthan,Corporate,1,418.27,397.36,0.05,68.83
ORD15221,2023-06-30,Headphones,Electronics,West,Rajasthan,Small Business,3,3287.45,8876.13,0.1,1263.46
ORD15222,2025-08-20,Monitor,Electronics,South,Telangana,Consumer,5,16697.54,66790.18,0.2,6673.72
ORD15223,2024-08-06,Backpack,Accessories,East,West Bengal,Consumer,5,1643.69,7396.6,0.1,1403.26
ORD15224,2024-10-12,Office Chair,Furniture,North,Punjab,Consumer,5,8425.99,42129.97,0.0,6950.3
ORD15225,2023-06-09,Tablet,Electronics,North,Punjab,Consumer,5,24446.93,110011.18,0.1,14663.87
ORD15226,2025-12-13,Monitor,Electronics,South,Karnataka,Corporate,2,14541.95,26175.5,0.1,3972.57
ORD15227,2024-01-17,Office Chair,Furniture,South,Karnataka,Consumer,1,9198.67,9198.67,0.0,1751.01
ORD15228,2025-11-20,Desk,Furniture,North,Punjab,Corporate,1,11398.19,9688.46,0.15,1667.42
ORD15229,2023-10-27,Keyboard,Electronics,North,Punjab,Consumer,4,1845.08,7011.3,0.05,985.09
ORD15230,2024-03-25,Headphones,Electronics,East,West Bengal,Consumer,3,3290.73,8391.36,0.15,886.44
ORD15231,2025-07-19,Mouse,Electronics,West,Maharashtra,Small Business,5,931.82,4426.12,0.05,535.11
ORD15232,2024-04-05,Monitor,Electronics,South,Telangana,Consumer,4,15752.03,56707.31,0.1,6468.45
ORD15233,2024-01-12,Printer,Office Supplies,West,Rajasthan,Corporate,2,13805.87,24850.56,0.1,5119.8
ORD15234,2023-08-28,Headphones,Electronics,East,Bihar,Small Business,1,3130.04,2973.53,0.05,420.08
ORD15235,2024-07-03,Backpack,Accessories,West,Maharashtra,Consumer,2,1620.14,3078.26,0.05,547.88
ORD15236,2024-05-17,Monitor,Electronics,North,Haryana,Consumer,1,12368.9,11132.01,0.1,1560.78
ORD15237,2025-07-01,Laptop,Electronics,South,Karnataka,Corporate,2,49256.74,88662.12,0.1,11073.97
ORD15238,2025-09-11,Notebook,Office Supplies,North,Delhi,Corporate,4,365.74,1462.98,0.0,329.97
ORD15239,2023-08-31,Office Chair,Furniture,East,Bihar,Small Business,3,9150.05,26077.64,0.05,4479.37
ORD15240,2025-08-15,Laptop,Electronics,East,West Bengal,Corporate,3,54255.11,154627.06,0.05,20991.25
ORD15241,2024-02-02,Notebook,Office Supplies,West,Gujarat,Small Business,3,357.5,965.25,0.1,172.8
ORD15242,2025-03-24,Tablet,Electronics,South,Karnataka,Corporate,1,23434.08,19918.97,0.15,2300.1
ORD15243,2024-11-09,Keyboard,Electronics,South,Karnataka,Consumer,5,1685.14,6740.56,0.2,589.53
ORD15244,2023-01-05,Monitor,Electronics,South,Karnataka,Corporate,4,15749.93,62999.72,0.0,8730.7
ORD15245,2024-09-15,Smartphone,Electronics,East,Odisha,Consumer,4,30777.34,123109.34,0.0,16427.18
ORD15246,2024-09-03,Laptop,Electronics,West,Maharashtra,Consumer,1,55638.6,52856.67,0.05,7430.24
ORD15247,2024-04-03,Keyboard,Electronics,East,Odisha,Corporate,1,1879.0,1879.0,0.0,263.02
ORD15248,2025-08-04,Keyboard,Electronics,West,Gujarat,Small Business,5,1895.11,9001.79,0.05,1306.45
ORD15249,2024-07-18,Tablet,Electronics,West,Rajasthan,Consumer,5,24060.33,114286.56,0.05,15755.35
ORD15250,2024-08-30,Desk,Furniture,South,Karnataka,Consumer,4,13468.9,48488.03,0.1,8476.32
ORD15251,2024-11-14,Smartphone,Electronics,East,West Bengal,Corporate,5,30315.92,144000.6,0.05,17248.27
ORD15252,2025-02-19,Keyboard,Electronics,South,Karnataka,Small Business,1,1642.22,1642.22,0.0,205.05
ORD15253,2024-06-23,Monitor,Electronics,South,Karnataka,Corporate,3,16455.71,41962.07,0.15,5384.76
ORD15254,2024-06-12,Tablet,Electronics,East,Bihar,Corporate,4,24732.87,98931.47,0.0,11880.11
ORD15255,2025-04-16,Office Chair,Furniture,South,Tamil Nadu,Corporate,5,8214.0,41070.0,0.0,7992.11
ORD15256,2023-04-21,Office Chair,Furniture,West,Rajasthan,Consumer,1,8133.24,6913.26,0.15,1089.98
ORD15257,2023-12-14,Headphones,Electronics,North,Haryana,Corporate,3,3431.08,8749.26,0.15,1002.15
ORD15258,2024-10-13,Laptop,Electronics,West,Gujarat,Corporate,5,49849.87,224324.42,0.1,35344.54
ORD15259,2025-05-27,Smartphone,Electronics,South,Telangana,Consumer,1,27045.71,24341.14,0.1,3155.53
ORD15260,2025-10-10,Monitor,Electronics,East,Bihar,Consumer,5,15011.46,67551.58,0.1,9660.83
ORD15261,2023-08-23,Tablet,Electronics,East,Bihar,Corporate,1,24662.73,23429.59,0.05,3279.78
ORD15262,2023-09-13,Desk,Furniture,East,Bihar,Consumer,1,11144.71,11144.71,0.0,2033.48
ORD15263,2023-07-24,Monitor,Electronics,West,Gujarat,Corporate,2,14093.32,25367.98,0.1,3672.47
ORD15264,2023-08-16,Backpack,Accessories,West,Rajasthan,Corporate,4,1637.82,6223.71,0.05,1092.26
ORD15265,2025-10-14,Monitor,Electronics,South,Tamil Nadu,Small Business,5,16268.54,73208.42,0.1,9378.38
ORD15266,2023-06-10,Keyboard,Electronics,West,Rajasthan,Corporate,2,1736.53,3299.4,0.05,441.93
ORD15267,2025-07-29,Laptop,Electronics,West,Maharashtra,Consumer,1,52379.11,52379.11,0.0,7201.77
ORD15268,2023-05-12,Notebook,Office Supplies,East,West Bengal,Small Business,4,341.34,1160.55,0.15,224.48
ORD15269,2025-05-29,Monitor,Electronics,East,West Bengal,Small Business,2,15053.91,27097.04,0.1,3566.62
ORD15270,2025-11-17,Tablet,Electronics,North,Haryana,Consumer,3,21906.61,59147.85,0.1,7278.62
ORD15271,2025-04-29,Tablet,Electronics,North,Delhi,Consumer,2,26240.98,41985.57,0.2,5024.4
ORD15272,2024-11-18,Office Chair,Furniture,North,Haryana,Corporate,2,8685.82,16503.06,0.05,2884.43
ORD15273,2023-05-06,Office Chair,Furniture,North,Haryana,Consumer,2,8563.63,17127.25,0.0,3026.75
ORD15274,2025-08-06,Printer,Office Supplies,North,Punjab,Corporate,1,15039.38,15039.38,0.0,3204.06
ORD15275,2025-08-27,Tablet,Electronics,West,Gujarat,Consumer,1,27103.52,27103.52,0.0,3116.46
ORD15276,2024-06-02,Tablet,Electronics,East,Bihar,Small Business,2,24523.49,49046.98,0.0,6150.27
ORD15277,2023-07-18,Printer,Office Supplies,West,Rajasthan,Consumer,3,13346.86,40040.57,0.0,9379.71
ORD15278,2023-11-07,Mouse,Electronics,West,Gujarat,Small Business,2,855.55,1454.43,0.15,181.84
ORD15279,2023-04-28,Printer,Office Supplies,North,Delhi,Consumer,1,15991.14,15991.14,0.0,3687.53
ORD15280,2025-09-15,Laptop,Electronics,West,Maharashtra,Consumer,4,52662.16,189583.76,0.1,21760.25
ORD15281,2023-08-11,Monitor,Electronics,East,Odisha,Corporate,5,14521.98,61718.41,0.15,8643.91
ORD15282,2025-05-28,Mouse,Electronics,West,Gujarat,Corporate,4,911.25,3462.74,0.05,486.24
ORD15283,2023-09-26,Tablet,Electronics,West,Maharashtra,Consumer,2,22801.26,41042.26,0.1,6176.99
ORD15284,2025-12-26,Printer,Office Supplies,North,Haryana,Corporate,2,13898.88,26407.86,0.05,5602.91
ORD15285,2024-12-05,Headphones,Electronics,North,Punjab,Consumer,4,3586.76,12912.34,0.1,1707.31
ORD15286,2023-01-24,Laptop,Electronics,South,Telangana,Consumer,2,58385.15,110931.79,0.05,15740.31
ORD15287,2024-08-16,Monitor,Electronics,South,Karnataka,Consumer,3,14379.5,43138.49,0.0,5969.83
ORD15288,2024-11-26,Smartphone,Electronics,North,Punjab,Small Business,3,31339.64,84617.02,0.1,11606.68
ORD15289,2025-09-29,Office Chair,Furniture,South,Karnataka,Consumer,1,7632.47,7632.47,0.0,1183.27
ORD15290,2023-05-14,Mouse,Electronics,North,Punjab,Consumer,1,851.48,808.91,0.05,104.5
ORD15291,2024-07-11,Smartphone,Electronics,North,Delhi,Corporate,2,29369.19,58738.38,0.0,7746.96
ORD15292,2024-07-24,Printer,Office Supplies,West,Maharashtra,Consumer,1,14560.88,14560.88,0.0,3102.25
ORD15293,2025-04-23,Desk,Furniture,North,Delhi,Consumer,5,13556.62,57615.64,0.15,8631.8
ORD15294,2024-03-05,Keyboard,Electronics,South,Tamil Nadu,Corporate,2,1552.85,2639.85,0.15,289.44
ORD15295,2025-09-04,Monitor,Electronics,North,Haryana,Consumer,5,14489.98,65204.89,0.1,9340.55
ORD15296,2023-01-28,Backpack,Accessories,West,Gujarat,Corporate,1,1835.14,1559.87,0.15,292.91
ORD15297,2023-04-18,Keyboard,Electronics,West,Rajasthan,Consumer,4,1962.26,7849.02,0.0,854.67
ORD15298,2025-10-24,Office Chair,Furniture,East,Odisha,Consumer,1,8163.08,8163.08,0.0,1178.79
ORD15299,2023-05-18,Keyboard,Electronics,East,Odisha,Consumer,4,1864.17,6711.01,0.1,902.07
ORD15300,2025-08-18,Notebook,Office Supplies,South,Karnataka,Corporate,1,371.12,334.01,0.1,68.39
ORD15301,2025-07-30,Printer,Office Supplies,North,Delhi,Corporate,3,14266.31,42798.93,0.0,9717.77
ORD15302,2025-11-15,Keyboard,Electronics,North,Delhi,Consumer,3,1879.0,4791.45,0.15,606.69
ORD15303,2023-05-27,Office Chair,Furniture,East,West Bengal,Consumer,1,7452.11,6334.29,0.15,1080.36
ORD15304,2024-12-06,Printer,Office Supplies,North,Delhi,Corporate,3,16658.57,44978.13,0.1,8386.95
ORD15305,2024-02-01,Laptop,Electronics,East,Bihar,Small Business,4,46243.67,166477.2,0.1,18436.61
ORD15306,2023-02-08,Laptop,Electronics,North,Haryana,Corporate,2,51919.23,88262.69,0.15,10442.64
ORD15307,2024-09-11,Office Chair,Furniture,East,Bihar,Consumer,5,8778.68,37309.37,0.15,6458.59
ORD15308,2024-07-22,Laptop,Electronics,North,Delhi,Corporate,1,48392.35,45972.73,0.05,7207.95
ORD15309,2024-07-29,Laptop,Electronics,East,Odisha,Consumer,2,46019.2,92038.39,0.0,12860.2
ORD15310,2023-01-30,Backpack,Accessories,South,Karnataka,Small Business,3,1604.48,4332.09,0.1,805.94
ORD15311,2025-01-22,Desk,Furniture,West,Maharashtra,Small Business,2,12835.0,23103.0,0.1,4558.21
ORD15312,2024-04-25,Mouse,Electronics,East,Odisha,Consumer,3,930.64,2652.34,0.05,374.36
ORD15313,2024-04-02,Tablet,Electronics,South,Telangana,Consumer,3,24944.21,71091.0,0.05,10591.74
ORD15314,2025-09-19,Monitor,Electronics,North,Punjab,Corporate,3,14309.87,42929.61,0.0,5827.65
ORD15315,2023-07-17,Monitor,Electronics,East,Odisha,Consumer,1,16839.67,15155.7,0.1,1985.99
ORD15316,2025-12-10,Desk,Furniture,East,Odisha,Corporate,3,12222.89,29334.94,0.2,3994.63
ORD15317,2024-01-02,Notebook,Office Supplies,East,Odisha,Consumer,2,362.15,615.66,0.15,124.64
ORD15318,2025-02-09,Mouse,Electronics,South,Telangana,Corporate,4,852.46,3409.82,0.0,540.49
ORD15319,2025-02-02,Monitor,Electronics,North,Haryana,Small Business,5,14846.22,70519.54,0.05,8037.29
ORD15320,2025-03-08,Backpack,Accessories,East,Bihar,Corporate,1,1643.69,1643.69,0.0,296.43
ORD15321,2023-04-10,Tablet,Electronics,West,Rajasthan,Small Business,1,24443.98,23221.79,0.05,3325.4
ORD15322,2025-05-07,Keyboard,Electronics,North,Punjab,Consumer,4,1670.92,5681.13,0.15,809.32
ORD15323,2025-06-12,Monitor,Electronics,North,Haryana,Consumer,5,14857.51,66858.8,0.1,10276.26
ORD15324,2024-07-23,Keyboard,Electronics,East,West Bengal,Corporate,2,2009.93,4019.87,0.0,432.63
ORD15325,2024-01-12,Headphones,Electronics,West,Maharashtra,Consumer,4,3396.66,12227.97,0.1,1528.98
ORD15326,2025-08-21,Printer,Office Supplies,North,Punjab,Consumer,5,15227.51,68523.78,0.1,14165.13
ORD15327,2023-12-04,Notebook,Office Supplies,South,Karnataka,Small Business,4,400.27,1440.99,0.1,324.31
ORD15328,2024-08-20,Printer,Office Supplies,South,Tamil Nadu,Consumer,4,15277.48,48887.93,0.2,9967.8
ORD15329,2025-08-10,Headphones,Electronics,South,Tamil Nadu,Consumer,4,3587.79,14351.17,0.0,2289.15
ORD15330,2023-04-12,Headphones,Electronics,South,Telangana,Small Business,1,3661.47,3478.4,0.05,441.88
ORD15331,2025-11-19,Tablet,Electronics,East,Bihar,Corporate,2,24515.33,49030.65,0.0,5610.23
ORD15332,2024-03-06,Laptop,Electronics,East,Odisha,Corporate,3,47311.04,127739.8,0.1,15987.24
ORD15333,2025-01-31,Headphones,Electronics,North,Haryana,Small Business,3,3572.42,9109.68,0.15,1248.45
ORD15334,2023-04-14,Monitor,Electronics,North,Haryana,Consumer,4,15609.28,62437.11,0.0,7418.03
ORD15335,2024-01-04,Desk,Furniture,North,Punjab,Consumer,5,10553.95,50131.27,0.05,7407.58
ORD15336,2024-03-27,Laptop,Electronics,South,Tamil Nadu,Corporate,1,51177.76,46059.99,0.1,6728.63
ORD15337,2024-11-04,Smartphone,Electronics,East,West Bengal,Consumer,2,25888.74,51777.48,0.0,7349.7
ORD15338,2024-04-27,Laptop,Electronics,North,Delhi,Corporate,2,55842.5,111685.01,0.0,17484.27
ORD15339,2024-04-21,Keyboard,Electronics,East,Odisha,Corporate,5,2087.18,9392.29,0.1,1271.86
ORD15340,2023-04-03,Backpack,Accessories,South,Tamil Nadu,Corporate,2,1905.14,3429.26,0.1,666.43
ORD15341,2025-11-20,Backpack,Accessories,West,Rajasthan,Consumer,5,1709.78,7694.01,0.1,1393.71
ORD15342,2024-05-03,Office Chair,Furniture,East,Odisha,Small Business,4,9525.61,34292.21,0.1,6284.95
ORD15343,2024-03-05,Smartphone,Electronics,South,Tamil Nadu,Corporate,3,29560.92,88682.75,0.0,10698.79
ORD15344,2025-07-08,Office Chair,Furniture,South,Tamil Nadu,Consumer,2,8167.14,15517.56,0.05,3041.73
ORD15345,2024-09-28,Mouse,Electronics,East,Bihar,Consumer,3,947.42,2415.93,0.15,368.83
ORD15346,2025-04-05,Headphones,Electronics,North,Punjab,Small Business,1,3283.31,3119.14,0.05,460.9
ORD15347,2024-06-13,Desk,Furniture,North,Haryana,Consumer,5,13062.28,58780.24,0.1,11170.3
ORD15348,2023-05-15,Office Chair,Furniture,West,Maharashtra,Consumer,5,8327.05,37471.74,0.1,7015.97
ORD15349,2023-11-25,Smartphone,Electronics,South,Tamil Nadu,Small Business,1,30125.32,30125.32,0.0,4775.62
ORD15350,2024-12-11,Office Chair,Furniture,South,Tamil Nadu,Small Business,4,7717.42,29326.18,0.05,5404.13
ORD15351,2025-05-05,Smartphone,Electronics,South,Telangana,Consumer,5,27770.05,118022.71,0.15,17231.05
ORD15352,2025-04-20,Mouse,Electronics,North,Delhi,Consumer,4,835.72,3175.75,0.05,374.3
ORD15353,2024-05-15,Printer,Office Supplies,South,Karnataka,Corporate,4,12977.19,46717.9,0.1,8385.66
ORD15354,2024-09-22,Monitor,Electronics,East,Bihar,Corporate,2,17594.62,35189.23,0.0,5357.38
ORD15355,2025-06-11,Tablet,Electronics,East,Bihar,Consumer,3,24790.78,63216.48,0.15,8245.58
ORD15356,2023-04-15,Mouse,Electronics,West,Gujarat,Consumer,5,1019.76,4588.92,0.1,619.1
ORD15357,2025-06-15,Desk,Furniture,South,Tamil Nadu,Corporate,5,12766.31,60639.99,0.05,11795.17
ORD15358,2025-12-19,Office Chair,Furniture,South,Karnataka,Small Business,4,6744.78,26979.11,0.0,5079.24
ORD15359,2025-04-18,Laptop,Electronics,North,Punjab,Consumer,5,51737.47,245752.99,0.05,30239.46
ORD15360,2024-03-19,Monitor,Electronics,North,Haryana,Consumer,4,14905.56,47697.78,0.2,6136.34
ORD15361,2023-11-01,Printer,Office Supplies,East,Bihar,Consumer,5,15596.93,70186.17,0.1,14698.56
ORD15362,2023-11-23,Laptop,Electronics,East,Odisha,Consumer,4,57302.85,229211.4,0.0,34082.61
ORD15363,2025-10-13,Backpack,Accessories,West,Maharashtra,Corporate,2,1893.05,3407.49,0.1,592.09
ORD15364,2023-12-26,Notebook,Office Supplies,West,Maharashtra,Small Business,4,346.73,1248.23,0.1,275.73
ORD15365,2024-05-21,Notebook,Office Supplies,South,Tamil Nadu,Consumer,4,298.48,1134.23,0.05,250.74
ORD15366,2024-08-07,Mouse,Electronics,West,Maharashtra,Corporate,1,909.68,909.68,0.0,129.99
ORD15367,2023-09-12,Printer,Office Supplies,South,Tamil Nadu,Corporate,5,15588.84,74046.97,0.05,17518.38
ORD15368,2024-11-20,Headphones,Electronics,East,West Bengal,Small Business,1,3291.97,3291.97,0.0,447.46
ORD15369,2023-05-08,Smartphone,Electronics,East,Odisha,Small Business,2,23680.19,44992.35,0.05,5768.29
ORD15370,2025-05-13,Printer,Office Supplies,South,Telangana,Consumer,1,13614.06,12933.36,0.05,2636.17
ORD15371,2025-02-15,Headphones,Electronics,South,Tamil Nadu,Corporate,4,4124.82,16499.29,0.0,2481.55
ORD15372,2023-12-24,Desk,Furniture,East,Bihar,Corporate,2,12321.78,23411.37,0.05,3696.8
ORD15373,2024-10-05,Backpack,Accessories,West,Maharashtra,Corporate,2,1829.92,3476.86,0.05,689.85
ORD15374,2023-08-25,Desk,Furniture,West,Maharashtra,Consumer,3,12263.37,34950.59,0.05,6205.28
ORD15375,2023-08-22,Printer,Office Supplies,South,Karnataka,Consumer,5,12671.89,63359.45,0.0,13459.31
ORD15376,2025-08-03,Desk,Furniture,South,Tamil Nadu,Corporate,4,12055.84,48223.35,0.0,9672.51
ORD15377,2023-09-26,Office Chair,Furniture,South,Karnataka,Small Business,2,8845.29,17690.58,0.0,3604.54
ORD15378,2025-05-28,Headphones,Electronics,North,Haryana,Consumer,1,3370.96,3033.86,0.1,439.98
ORD15379,2025-11-07,Mouse,Electronics,North,Haryana,Corporate,2,868.83,1650.78,0.05,232.87
ORD15380,2023-05-20,Office Chair,Furniture,East,Odisha,Consumer,2,8575.15,14577.75,0.15,2430.08
ORD15381,2025-06-12,Notebook,Office Supplies,South,Karnataka,Corporate,2,405.22,688.87,0.15,142.93
ORD15382,2024-04-28,Notebook,Office Supplies,North,Haryana,Consumer,1,334.78,301.3,0.1,63.41
ORD15383,2024-01-02,Notebook,Office Supplies,South,Tamil Nadu,Corporate,2,322.16,644.32,0.0,145.07
ORD15384,2023-03-07,Tablet,Electronics,South,Telangana,Consumer,1,26262.02,23635.82,0.1,3592.77
ORD15385,2025-11-30,Monitor,Electronics,East,West Bengal,Corporate,2,16930.85,28782.44,0.15,4157.55
ORD15386,2023-11-30,Notebook,Office Supplies,South,Tamil Nadu,Consumer,5,344.17,1720.87,0.0,390.44
ORD15387,2025-05-21,Keyboard,Electronics,West,Rajasthan,Small Business,5,1713.16,8137.53,0.05,1213.15
ORD15388,2025-02-06,Mouse,Electronics,North,Delhi,Consumer,3,861.79,2197.56,0.15,220.28
ORD15389,2023-04-18,Notebook,Office Supplies,North,Delhi,Corporate,3,394.15,1182.44,0.0,230.52
ORD15390,2025-01-09,Mouse,Electronics,East,Bihar,Consumer,2,938.74,1783.6,0.05,244.7
ORD15391,2024-11-01,Headphones,Electronics,South,Tamil Nadu,Corporate,4,3067.23,11042.02,0.1,1472.26
ORD15392,2025-05-29,Smartphone,Electronics,North,Haryana,Small Business,1,26280.44,26280.44,0.0,4025.68
ORD15393,2024-08-02,Keyboard,Electronics,South,Telangana,Consumer,5,1597.05,7585.98,0.05,909.49
ORD15394,2023-12-25,Mouse,Electronics,East,Bihar,Corporate,4,981.57,3926.27,0.0,476.33
ORD15395,2024-11-12,Headphones,Electronics,West,Maharashtra,Corporate,3,3363.79,9586.8,0.05,1044.97
ORD15396,2025-05-17,Backpack,Accessories,North,Punjab,Consumer,5,1595.63,6781.44,0.15,1276.89
ORD15397,2023-09-24,Printer,Office Supplies,East,West Bengal,Consumer,4,15150.87,60603.49,0.0,13240.22
ORD15398,2023-02-08,Laptop,Electronics,North,Haryana,Consumer,4,54033.43,216133.72,0.0,34539.46
ORD15399,2024-01-28,Desk,Furniture,North,Delhi,Corporate,5,13939.48,69697.42,0.0,12687.14
ORD15400,2024-05-07,Mouse,Electronics,West,Maharashtra,Consumer,5,981.17,4660.55,0.05,551.94
ORD15401,2025-11-09,Monitor,Electronics,East,West Bengal,Corporate,3,15582.76,37398.61,0.2,4523.05
ORD15402,2023-07-12,Monitor,Electronics,West,Rajasthan,Consumer,4,13681.44,54725.75,0.0,6377.8
ORD15403,2023-07-14,Headphones,Electronics,West,Rajasthan,Small Business,5,3578.34,15207.94,0.15,1962.84
ORD15404,2024-03-27,Desk,Furniture,North,Punjab,Corporate,2,11830.26,21294.46,0.1,3972.86
ORD15405,2024-12-11,Office Chair,Furniture,South,Telangana,Consumer,1,7125.54,7125.54,0.0,1209.4
ORD15406,2025-09-14,Laptop,Electronics,South,Karnataka,Corporate,2,54202.66,108405.31,0.0,14213.98
ORD15407,2025-05-03,Notebook,Office Supplies,East,Odisha,Small Business,5,316.7,1425.13,0.1,310.59
ORD15408,2023-09-15,Backpack,Accessories,North,Delhi,Small Business,3,1722.14,5166.42,0.0,1056.6
ORD15409,2023-06-14,Keyboard,Electronics,North,Delhi,Small Business,3,1595.73,4547.82,0.05,705.44
ORD15410,2025-11-09,Printer,Office Supplies,South,Tamil Nadu,Corporate,1,13531.56,13531.56,0.0,3042.88
ORD15411,2024-01-07,Backpack,Accessories,South,Karnataka,Consumer,2,1831.96,3663.93,0.0,695.66
ORD15412,2025-08-12,Monitor,Electronics,East,Odisha,Corporate,3,16071.5,40982.31,0.15,5955.13
ORD15413,2024-10-15,Notebook,Office Supplies,West,Rajasthan,Corporate,1,330.23,330.23,0.0,74.14
ORD15414,2025-08-21,Office Chair,Furniture,East,Odisha,Consumer,1,8844.38,8402.16,0.05,1378.48
ORD15415,2025-07-06,Mouse,Electronics,West,Rajasthan,Consumer,4,873.96,3321.04,0.05,476.75
ORD15416,2024-03-10,Smartphone,Electronics,East,Bihar,Consumer,3,26452.6,75389.9,0.05,10419.91
ORD15417,2025-05-18,Monitor,Electronics,South,Telangana,Corporate,5,17281.3,86406.48,0.0,11170.52
ORD15418,2024-11-18,Keyboard,Electronics,East,West Bengal,Consumer,5,1883.31,8474.9,0.1,1126.05
ORD15419,2023-06-13,Laptop,Electronics,South,Telangana,Small Business,2,48611.41,87500.54,0.1,12531.79
ORD15420,2024-02-20,Tablet,Electronics,South,Telangana,Consumer,5,25202.96,119714.06,0.05,19490.63
ORD15421,2024-09-26,Keyboard,Electronics,West,Rajasthan,Corporate,1,1595.14,1435.62,0.1,233.04
ORD15422,2023-05-30,Notebook,Office Supplies,North,Delhi,Consumer,4,372.77,1416.52,0.05,320.16
ORD15423,2023-02-12,Printer,Office Supplies,South,Telangana,Consumer,1,13810.42,13810.42,0.0,2889.3
ORD15424,2024-01-30,Monitor,Electronics,East,Odisha,Small Business,1,17210.63,16350.1,0.05,2345.42
ORD15425,2024-04-27,Printer,Office Supplies,South,Telangana,Consumer,3,13947.82,37659.11,0.1,7043.34
ORD15426,2025-12-10,Mouse,Electronics,North,Haryana,Small Business,3,1071.14,3213.43,0.0,454.28
ORD15427,2025-06-21,Backpack,Accessories,South,Tamil Nadu,Corporate,2,2194.99,4389.98,0.0,847.96
ORD15428,2025-05-18,Tablet,Electronics,South,Tamil Nadu,Consumer,1,23650.53,20102.95,0.15,2235.46
ORD15429,2025-02-09,Printer,Office Supplies,South,Telangana,Consumer,4,13003.31,49412.58,0.05,11174.29
ORD15430,2025-10-25,Mouse,Electronics,North,Haryana,Consumer,5,1035.18,4658.32,0.1,648.19
ORD15431,2024-06-28,Smartphone,Electronics,North,Haryana,Consumer,2,32349.16,54993.57,0.15,7508.67
ORD15432,2025-01-14,Office Chair,Furniture,West,Gujarat,Small Business,3,9007.86,24321.22,0.1,4660.01
ORD15433,2023-02-27,Backpack,Accessories,East,Odisha,Corporate,2,1730.18,3114.32,0.1,653.01
ORD15434,2024-12-14,Notebook,Office Supplies,East,Odisha,Consumer,4,337.85,1148.68,0.15,229.72
ORD15435,2024-07-07,Smartphone,Electronics,East,Odisha,Small Business,5,28540.57,121297.41,0.15,16151.34
ORD15436,2025-10-01,Printer,Office Supplies,West,Rajasthan,Corporate,5,15053.15,67739.17,0.1,14216.88
ORD15437,2024-10-23,Backpack,Accessories,West,Maharashtra,Consumer,1,1905.34,1714.8,0.1,297.46
ORD15438,2023-08-22,Tablet,Electronics,West,Rajasthan,Corporate,5,22749.27,108059.05,0.05,12232.01
ORD15439,2025-08-25,Laptop,Electronics,West,Maharashtra,Consumer,3,44986.73,128212.17,0.05,17809.28
ORD15440,2023-04-23,Backpack,Accessories,South,Telangana,Consumer,4,1719.13,6876.54,0.0,1284.79
ORD15441,2024-12-21,Mouse,Electronics,North,Haryana,Small Business,5,834.43,4172.13,0.0,584.43
ORD15442,2023-11-24,Backpack,Accessories,North,Haryana,Small Business,4,1670.56,5679.9,0.15,1038.35
ORD15443,2024-10-31,Headphones,Electronics,North,Haryana,Consumer,1,3467.38,3294.01,0.05,475.46
ORD15444,2024-05-18,Laptop,Electronics,North,Haryana,Consumer,4,52288.4,198695.92,0.05,29487.38
ORD15445,2023-08-05,Tablet,Electronics,North,Delhi,Corporate,1,23750.64,22563.11,0.05,3275.64
ORD15446,2023-06-17,Desk,Furniture,West,Gujarat,Small Business,5,12121.16,54545.23,0.1,10742.6
ORD15447,2025-11-04,Smartphone,Electronics,North,Haryana,Small Business,4,25556.64,102226.55,0.0,14532.69
ORD15448,2025-09-28,Monitor,Electronics,West,Rajasthan,Consumer,4,15262.5,61050.01,0.0,8558.67
ORD15449,2023-06-05,Mouse,Electronics,West,Rajasthan,Small Business,3,860.42,2452.2,0.05,290.92
ORD15450,2023-10-06,Desk,Furniture,West,Rajasthan,Small Business,4,12528.72,47609.15,0.05,9105.94
ORD15451,2025-10-06,Printer,Office Supplies,West,Rajasthan,Consumer,4,13786.86,49632.69,0.1,10752.69
ORD15452,2023-04-09,Office Chair,Furniture,West,Maharashtra,Corporate,4,8709.84,31355.44,0.1,5996.59
ORD15453,2024-07-25,Printer,Office Supplies,North,Punjab,Consumer,2,14989.79,26981.62,0.1,6268.39
ORD15454,2024-01-12,Desk,Furniture,West,Rajasthan,Consumer,2,12388.77,22299.79,0.1,3819.78
ORD15455,2024-04-27,Smartphone,Electronics,North,Delhi,Consumer,1,24904.13,22413.71,0.1,3077.78
ORD15456,2023-09-25,Laptop,Electronics,East,Bihar,Small Business,1,49651.9,44686.71,0.1,5517.62
ORD15457,2024-03-07,Desk,Furniture,South,Tamil Nadu,Small Business,5,12645.18,56903.33,0.1,9050.06
ORD15458,2023-03-25,Tablet,Electronics,East,Odisha,Consumer,5,24050.42,102214.27,0.15,13904.05
ORD15459,2025-08-18,Backpack,Accessories,West,Maharashtra,Consumer,1,2092.14,2092.14,0.0,424.08
ORD15460,2024-01-24,Notebook,Office Supplies,South,Tamil Nadu,Consumer,1,359.77,323.79,0.1,65.0
ORD15461,2023-12-25,Headphones,Electronics,West,Maharashtra,Consumer,3,3672.52,11017.56,0.0,1633.53
ORD15462,2023-11-27,Monitor,Electronics,East,Bihar,Corporate,2,17497.26,34994.52,0.0,3575.48
ORD15463,2025-10-22,Keyboard,Electronics,East,West Bengal,Corporate,1,1934.04,1837.34,0.05,260.25
ORD15464,2025-03-29,Laptop,Electronics,East,West Bengal,Corporate,3,61128.75,165047.63,0.1,23394.17
ORD15465,2024-11-03,Keyboard,Electronics,North,Punjab,Corporate,3,1575.62,4254.17,0.1,602.89
ORD15466,2025-03-25,Notebook,Office Supplies,West,Rajasthan,Small Business,5,313.02,1330.31,0.15,254.31
ORD15467,2024-09-05,Desk,Furniture,North,Punjab,Consumer,3,12764.96,38294.88,0.0,7042.81
ORD15468,2025-07-18,Backpack,Accessories,North,Punjab,Consumer,3,1694.01,4827.92,0.05,1065.3
ORD15469,2025-04-07,Printer,Office Supplies,East,West Bengal,Small Business,2,13289.72,22592.53,0.15,4637.69
ORD15470,2023-05-14,Monitor,Electronics,East,Odisha,Small Business,2,16809.3,30256.74,0.1,4157.96
ORD15471,2024-01-24,Tablet,Electronics,South,Karnataka,Corporate,4,21858.06,87432.24,0.0,11803.59
ORD15472,2025-10-30,Desk,Furniture,East,West Bengal,Consumer,3,13498.7,40496.09,0.0,7230.71
ORD15473,2024-08-07,Tablet,Electronics,West,Maharashtra,Small Business,2,23994.9,40791.33,0.15,5735.24
ORD15474,2023-08-06,Tablet,Electronics,North,Haryana,Consumer,5,26959.73,128058.71,0.05,17407.92
ORD15475,2024-12-31,Headphones,Electronics,East,Bihar,Corporate,4,3655.45,13890.7,0.05,1739.18
ORD15476,2024-03-07,Headphones,Electronics,West,Rajasthan,Corporate,4,3315.27,11271.91,0.15,1250.24
ORD15477,2024-01-14,Keyboard,Electronics,West,Gujarat,Consumer,4,1844.54,7009.26,0.05,827.88
ORD15478,2025-11-17,Tablet,Electronics,West,Maharashtra,Corporate,2,25917.41,44059.6,0.15,6314.95
ORD15479,2024-05-05,Backpack,Accessories,North,Delhi,Small Business,3,1955.9,5280.92,0.1,1005.74
ORD15480,2023-01-13,Backpack,Accessories,North,Punjab,Small Business,1,1702.62,1617.49,0.05,271.56
ORD15481,2025-08-15,Mouse,Electronics,West,Gujarat,Corporate,2,811.42,1541.69,0.05,201.6
ORD15482,2025-09-11,Desk,Furniture,East,Odisha,Consumer,4,12350.46,46931.73,0.05,9020.84
ORD15483,2023-06-07,Desk,Furniture,East,Bihar,Consumer,5,11981.55,47926.22,0.2,8639.9
ORD15484,2024-02-09,Desk,Furniture,South,Tamil Nadu,Corporate,5,11351.54,56757.68,0.0,10452.75
ORD15485,2023-05-30,Office Chair,Furniture,South,Telangana,Consumer,1,7019.76,6317.79,0.1,1176.51
ORD15486,2025-10-26,Notebook,Office Supplies,South,Karnataka,Corporate,5,364.58,1640.61,0.1,374.71
ORD15487,2024-04-30,Keyboard,Electronics,East,West Bengal,Small Business,5,1895.19,8054.54,0.15,985.58
ORD15488,2025-03-16,Mouse,Electronics,North,Delhi,Small Business,5,736.02,3680.11,0.0,572.53
ORD15489,2024-01-18,Smartphone,Electronics,West,Gujarat,Corporate,4,27472.06,93405.0,0.15,13835.65
ORD15490,2024-11-12,Headphones,Electronics,East,Bihar,Small Business,3,3415.08,10245.25,0.0,1627.79
ORD15491,2023-07-22,Keyboard,Electronics,East,West Bengal,Corporate,1,1875.2,1593.92,0.15,190.92
ORD15492,2023-01-16,Monitor,Electronics,East,West Bengal,Consumer,5,17013.8,85068.99,0.0,11479.13
ORD15493,2023-09-30,Office Chair,Furniture,North,Haryana,Corporate,2,8755.06,17510.12,0.0,3201.06
ORD15494,2024-10-21,Notebook,Office Supplies,East,West Bengal,Corporate,4,303.76,1032.79,0.15,209.9
ORD15495,2024-09-09,Tablet,Electronics,West,Gujarat,Small Business,3,24073.38,68609.12,0.05,8192.53
ORD15496,2023-04-30,Headphones,Electronics,East,Bihar,Corporate,2,3752.65,6754.78,0.1,829.79
ORD15497,2025-07-05,Mouse,Electronics,North,Haryana,Small Business,3,1004.62,3013.87,0.0,339.22
ORD15498,2023-08-13,Printer,Office Supplies,North,Haryana,Consumer,4,13104.4,47175.82,0.1,10541.23
ORD15499,2023-12-29,Keyboard,Electronics,East,Bihar,Small Business,2,1932.67,3672.07,0.05,535.84
ORD15500,2025-07-30,Mouse,Electronics,North,Haryana,Corporate,2,836.2,1588.77,0.05,286.13
ORD15501,2024-06-13,Desk,Furniture,East,Bihar,Consumer,5,12687.16,60264.01,0.05,10113.84
ORD15502,2024-05-01,Headphones,Electronics,North,Haryana,Consumer,2,3119.65,6239.3,0.0,924.61
ORD15503,2025-11-26,Smartphone,Electronics,West,Maharashtra,Small Business,1,29020.82,29020.82,0.0,3714.91
ORD15504,2024-06-05,Monitor,Electronics,North,Punjab,Small Business,3,14699.89,39689.71,0.1,5686.5
ORD15505,2024-12-19,Notebook,Office Supplies,South,Tamil Nadu,Consumer,2,312.01,592.83,0.05,125.47
ORD15506,2024-06-04,Laptop,Electronics,North,Delhi,Consumer,3,55144.15,157160.82,0.05,27399.91
ORD15507,2023-08-12,Office Chair,Furniture,East,West Bengal,Consumer,3,8464.71,22854.73,0.1,3972.69
ORD15508,2023-03-25,Printer,Office Supplies,South,Karnataka,Consumer,2,15202.63,24324.21,0.2,5159.29
ORD15509,2024-05-16,Printer,Office Supplies,North,Delhi,Small Business,2,13093.67,23568.6,0.1,5134.01
ORD15510,2024-09-17,Monitor,Electronics,West,Maharashtra,Small Business,1,13496.25,12821.44,0.05,1745.55
ORD15511,2025-01-04,Laptop,Electronics,West,Gujarat,Consumer,2,56650.03,101970.06,0.1,16051.94
ORD15512,2024-02-04,Keyboard,Electronics,South,Telangana,Consumer,2,1786.6,3573.21,0.0,533.22
ORD15513,2024-11-17,Mouse,Electronics,North,Haryana,Corporate,1,957.91,910.02,0.05,116.97
ORD15514,2023-09-29,Mouse,Electronics,West,Maharashtra,Consumer,2,915.26,1555.94,0.15,189.26
ORD15515,2024-05-15,Headphones,Electronics,North,Haryana,Small Business,2,3566.51,6419.72,0.1,906.47
ORD15516,2025-02-21,Tablet,Electronics,North,Delhi,Corporate,3,24321.18,72963.55,0.0,9967.97
ORD15517,2025-04-30,Desk,Furniture,South,Telangana,Consumer,4,12216.96,43981.05,0.1,8592.34
ORD15518,2024-03-30,Headphones,Electronics,South,Tamil Nadu,Consumer,2,3436.98,6530.26,0.05,767.84
ORD15519,2024-02-14,Printer,Office Supplies,West,Gujarat,Consumer,4,14104.09,53595.55,0.05,11327.44
ORD15520,2024-08-22,Mouse,Electronics,East,Bihar,Small Business,3,899.19,2292.93,0.15,268.85
ORD15521,2024-06-16,Notebook,Office Supplies,South,Tamil Nadu,Small Business,1,346.98,329.63,0.05,72.94
ORD15522,2024-12-27,Smartphone,Electronics,South,Telangana,Small Business,5,30743.56,130660.14,0.15,16859.78
ORD15523,2023-08-19,Laptop,Electronics,North,Haryana,Small Business,5,53391.63,240262.33,0.1,28424.66
ORD15524,2024-05-09,Mouse,Electronics,East,Odisha,Consumer,2,921.82,1843.64,0.0,239.33
ORD15525,2023-08-29,Smartphone,Electronics,South,Tamil Nadu,Small Business,1,27719.84,27719.84,0.0,4263.47
ORD15526,2024-08-03,Headphones,Electronics,East,Bihar,Corporate,5,3056.54,15282.68,0.0,1862.13
ORD15527,2024-05-16,Desk,Furniture,North,Delhi,Consumer,3,11151.41,28436.11,0.15,4451.06
ORD15528,2023-05-19,Notebook,Office Supplies,North,Haryana,Small Business,5,352.13,1584.6,0.1,302.51
ORD15529,2024-09-13,Headphones,Electronics,South,Karnataka,Consumer,2,3573.35,7146.69,0.0,963.75
ORD15530,2023-02-05,Tablet,Electronics,West,Rajasthan,Small Business,1,24042.82,24042.82,0.0,3987.78
ORD15531,2023-04-04,Laptop,Electronics,West,Maharashtra,Corporate,5,49005.12,232774.32,0.05,33407.58
ORD15532,2025-09-23,Keyboard,Electronics,East,West Bengal,Consumer,5,1903.35,8565.09,0.1,977.54
ORD15533,2023-11-23,Desk,Furniture,South,Telangana,Corporate,3,11839.74,30191.34,0.15,4825.94
ORD15534,2023-11-08,Desk,Furniture,South,Telangana,Small Business,4,11189.95,40283.83,0.1,6911.32
ORD15535,2024-07-09,Backpack,Accessories,East,West Bengal,Corporate,4,1904.38,6474.88,0.15,1054.61
ORD15536,2023-08-08,Laptop,Electronics,West,Rajasthan,Corporate,2,61964.63,123929.27,0.0,15425.41
ORD15537,2025-07-07,Desk,Furniture,South,Tamil Nadu,Corporate,5,12544.81,62724.05,0.0,12808.3
ORD15538,2024-04-06,Desk,Furniture,South,Karnataka,Consumer,2,11993.06,21587.51,0.1,3023.19
ORD15539,2023-11-05,Tablet,Electronics,East,Bihar,Small Business,2,20775.91,41551.81,0.0,5837.9
ORD15540,2024-09-06,Laptop,Electronics,East,West Bengal,Consumer,2,46503.36,83706.05,0.1,12688.63
ORD15541,2025-08-17,Tablet,Electronics,South,Tamil Nadu,Corporate,2,25100.36,42670.62,0.15,5921.93
ORD15542,2025-10-27,Backpack,Accessories,West,Maharashtra,Consumer,2,1828.52,3291.34,0.1,637.52
ORD15543,2025-02-10,Monitor,Electronics,North,Haryana,Consumer,5,14971.75,71115.82,0.05,9970.77
ORD15544,2023-09-11,Notebook,Office Supplies,North,Delhi,Consumer,3,362.9,1034.26,0.05,242.99
ORD15545,2024-07-09,Mouse,Electronics,North,Haryana,Corporate,2,846.57,1523.83,0.1,224.31
ORD15546,2025-10-31,Headphones,Electronics,East,Odisha,Small Business,2,3582.17,7164.34,0.0,775.5
ORD15547,2023-09-09,Laptop,Electronics,North,Delhi,Consumer,4,49023.1,176483.16,0.1,21497.55
ORD15548,2024-03-12,Office Chair,Furniture,East,West Bengal,Consumer,1,7524.14,7147.94,0.05,1157.91
ORD15549,2023-01-11,Mouse,Electronics,East,Odisha,Consumer,2,909.57,1819.14,0.0,270.2
ORD15550,2023-09-03,Tablet,Electronics,West,Gujarat,Consumer,4,22127.0,75231.8,0.15,9280.38
ORD15551,2025-03-19,Smartphone,Electronics,North,Punjab,Corporate,2,27023.27,48641.89,0.1,6722.3
ORD15552,2025-07-04,Mouse,Electronics,West,Maharashtra,Consumer,5,1004.91,5024.54,0.0,644.29
ORD15553,2025-11-27,Tablet,Electronics,East,West Bengal,Corporate,5,24526.29,110368.31,0.1,14651.25
ORD15554,2023-04-18,Desk,Furniture,East,Odisha,Corporate,2,13088.88,24868.87,0.05,4550.98
ORD15555,2024-01-04,Tablet,Electronics,South,Telangana,Consumer,1,21211.6,19090.44,0.1,2526.85
ORD15556,2025-08-21,Headphones,Electronics,East,Bihar,Corporate,4,3764.39,15057.58,0.0,2084.9
ORD15557,2024-05-20,Backpack,Accessories,East,Bihar,Corporate,4,2001.76,7206.34,0.1,1296.24
ORD15558,2025-02-14,Tablet,Electronics,North,Punjab,Consumer,3,21702.15,58595.8,0.1,9430.93
ORD15559,2023-08-04,Notebook,Office Supplies,West,Rajasthan,Small Business,4,336.51,1278.75,0.05,225.58
ORD15560,2025-06-26,Desk,Furniture,East,Odisha,Corporate,5,10951.19,46542.56,0.15,6971.27
ORD15561,2024-07-30,Printer,Office Supplies,North,Punjab,Corporate,2,12130.79,20622.35,0.15,3950.19
ORD15562,2025-10-28,Notebook,Office Supplies,North,Punjab,Corporate,2,313.86,564.94,0.1,112.62
ORD15563,2023-08-06,Office Chair,Furniture,North,Haryana,Consumer,1,8495.57,7646.01,0.1,1365.17
ORD15564,2023-08-14,Desk,Furniture,North,Punjab,Consumer,3,12896.8,36755.88,0.05,6487.43
ORD15565,2023-10-08,Office Chair,Furniture,West,Rajasthan,Consumer,3,7512.53,22537.59,0.0,4343.58
ORD15566,2024-07-01,Mouse,Electronics,North,Delhi,Corporate,5,950.63,4040.17,0.15,500.71
ORD15567,2025-06-19,Monitor,Electronics,North,Punjab,Corporate,4,14596.96,49629.67,0.15,7139.93
ORD15568,2025-03-04,Tablet,Electronics,North,Delhi,Consumer,5,26502.01,125884.56,0.05,17340.86
ORD15569,2024-08-13,Office Chair,Furniture,South,Telangana,Small Business,5,9168.39,38965.67,0.15,6523.61
ORD15570,2023-05-17,Notebook,Office Supplies,East,Bihar,Consumer,5,331.5,1657.52,0.0,334.67
ORD15571,2025-11-23,Headphones,Electronics,North,Punjab,Consumer,1,2849.32,2706.86,0.05,362.39
ORD15572,2024-12-28,Backpack,Accessories,North,Delhi,Consumer,4,1577.23,5678.04,0.1,994.15
ORD15573,2023-11-13,Keyboard,Electronics,West,Gujarat,Consumer,3,1802.15,4595.49,0.15,567.08
ORD15574,2024-11-28,Printer,Office Supplies,West,Gujarat,Consumer,5,13274.09,59733.39,0.1,13218.8
ORD15575,2024-05-14,Headphones,Electronics,North,Punjab,Corporate,3,3416.36,10249.08,0.0,1395.72
ORD15576,2023-08-01,Laptop,Electronics,North,Haryana,Small Business,5,50167.15,225752.19,0.1,33231.69
ORD15577,2025-11-21,Laptop,Electronics,North,Delhi,Small Business,1,47267.33,47267.33,0.0,6385.94
ORD15578,2024-04-13,Printer,Office Supplies,West,Rajasthan,Corporate,2,14587.22,23339.56,0.2,5164.7
ORD15579,2025-02-14,Headphones,Electronics,East,Odisha,Corporate,5,3368.84,14317.57,0.15,1493.25
ORD15580,2024-06-01,Office Chair,Furniture,South,Telangana,Consumer,3,8254.84,24764.51,0.0,4700.58
ORD15581,2024-01-15,Office Chair,Furniture,East,Bihar,Consumer,2,8977.5,15261.75,0.15,2409.28
ORD15582,2023-12-09,Printer,Office Supplies,South,Telangana,Consumer,3,14597.93,39414.42,0.1,8170.11
ORD15583,2025-09-09,Printer,Office Supplies,West,Maharashtra,Corporate,5,14745.4,62667.97,0.15,12269.72
ORD15584,2025-11-28,Keyboard,Electronics,East,Odisha,Small Business,2,1655.19,3310.39,0.0,405.14
ORD15585,2024-08-07,Desk,Furniture,West,Gujarat,Corporate,3,12169.45,36508.34,0.0,6625.67
ORD15586,2023-07-08,Smartphone,Electronics,South,Karnataka,Consumer,3,30029.57,81079.83,0.1,7638.28
ORD15587,2023-04-19,Desk,Furniture,East,Odisha,Consumer,1,11542.1,10387.89,0.1,1878.95
ORD15588,2024-11-15,Smartphone,Electronics,South,Tamil Nadu,Consumer,5,28865.63,137111.74,0.05,22788.15
ORD15589,2023-12-07,Smartphone,Electronics,South,Tamil Nadu,Consumer,4,25350.49,96331.86,0.05,14024.63
ORD15590,2025-07-27,Notebook,Office Supplies,North,Punjab,Consumer,1,337.17,320.31,0.05,74.6
ORD15591,2024-03-24,Printer,Office Supplies,North,Haryana,Consumer,2,14611.43,27761.71,0.05,5960.83
ORD15592,2025-05-15,Backpack,Accessories,South,Tamil Nadu,Consumer,1,1895.73,1800.94,0.05,355.03
ORD15593,2023-02-09,Office Chair,Furniture,North,Delhi,Corporate,4,9310.04,37240.15,0.0,6262.79
ORD15594,2024-02-16,Laptop,Electronics,East,Bihar,Consumer,4,50661.01,192511.83,0.05,23318.45
ORD15595,2025-07-05,Notebook,Office Supplies,East,West Bengal,Small Business,1,292.51,277.89,0.05,54.82
ORD15596,2024-01-25,Monitor,Electronics,East,West Bengal,Corporate,1,16619.12,16619.12,0.0,2412.83
ORD15597,2023-11-17,Mouse,Electronics,North,Haryana,Consumer,4,918.76,3491.3,0.05,416.02
ORD15598,2024-08-07,Tablet,Electronics,West,Gujarat,Consumer,4,23706.88,75862.02,0.2,12053.87
ORD15599,2024-06-08,Printer,Office Supplies,East,West Bengal,Small Business,4,14751.96,59007.83,0.0,11971.82
ORD15600,2024-08-16,Mouse,Electronics,West,Gujarat,Small Business,5,949.3,3797.18,0.2,472.51
ORD15601,2024-11-09,Smartphone,Electronics,South,Telangana,Corporate,1,29994.4,25495.24,0.15,3052.3
ORD15602,2025-10-01,Keyboard,Electronics,West,Maharashtra,Corporate,2,1806.15,3431.69,0.05,497.21
ORD15603,2025-06-07,Monitor,Electronics,West,Rajasthan,Corporate,5,16020.24,76096.13,0.05,11964.14
ORD15604,2024-03-19,Headphones,Electronics,West,Gujarat,Consumer,2,3055.73,5805.88,0.05,857.65
ORD15605,2024-04-15,Laptop,Electronics,West,Rajasthan,Corporate,5,54536.2,272681.01,0.0,51706.02
ORD15606,2025-07-22,Smartphone,Electronics,South,Tamil Nadu,Corporate,4,28684.44,103264.0,0.1,13467.71
ORD15607,2025-08-23,Tablet,Electronics,North,Punjab,Corporate,5,27326.09,122967.41,0.1,14591.37
ORD15608,2023-08-28,Smartphone,Electronics,West,Maharashtra,Corporate,4,27814.76,94570.18,0.15,14310.24
ORD15609,2024-08-14,Monitor,Electronics,South,Tamil Nadu,Small Business,5,15818.35,63273.39,0.2,6752.27
ORD15610,2023-04-22,Laptop,Electronics,West,Rajasthan,Corporate,2,55152.37,104789.5,0.05,13373.61
ORD15611,2025-06-04,Notebook,Office Supplies,South,Karnataka,Consumer,5,332.03,1660.15,0.0,355.3
ORD15612,2025-12-25,Printer,Office Supplies,North,Punjab,Small Business,2,14873.33,29746.66,0.0,6437.34
ORD15613,2025-05-29,Monitor,Electronics,North,Haryana,Corporate,5,16277.64,65110.56,0.2,8574.33
ORD15614,2024-09-11,Printer,Office Supplies,North,Delhi,Small Business,4,13120.63,44610.13,0.15,8880.04
ORD15615,2025-05-20,Headphones,Electronics,South,Karnataka,Small Business,4,3428.58,13028.6,0.05,2005.39
ORD15616,2023-04-22,Tablet,Electronics,North,Delhi,Corporate,2,25576.2,51152.39,0.0,5792.49
ORD15617,2024-08-13,Tablet,Electronics,West,Rajasthan,Corporate,3,24975.29,74925.86,0.0,9855.93
ORD15618,2023-01-11,Smartphone,Electronics,North,Delhi,Consumer,4,28465.22,102474.78,0.1,15763.64
ORD15619,2025-08-09,Printer,Office Supplies,West,Gujarat,Consumer,5,12919.35,61366.91,0.05,12707.67
ORD15620,2023-01-30,Laptop,Electronics,South,Telangana,Consumer,1,53798.59,48418.73,0.1,5045.0
ORD15621,2024-12-16,Smartphone,Electronics,West,Rajasthan,Consumer,4,22886.24,86967.7,0.05,12378.94
ORD15622,2024-11-02,Backpack,Accessories,North,Delhi,Consumer,1,1964.93,1670.19,0.15,270.95
ORD15623,2025-03-09,Office Chair,Furniture,East,West Bengal,Small Business,2,8190.15,13923.25,0.15,2330.32
ORD15624,2023-07-27,Monitor,Electronics,West,Gujarat,Small Business,4,15659.83,59507.35,0.05,8290.62
ORD15625,2024-06-28,Backpack,Accessories,South,Karnataka,Small Business,5,1935.61,8226.34,0.15,1470.04
ORD15626,2025-12-13,Smartphone,Electronics,West,Maharashtra,Consumer,5,25263.65,113686.44,0.1,16121.19
ORD15627,2024-03-27,Smartphone,Electronics,South,Tamil Nadu,Corporate,5,31470.48,141617.14,0.1,17801.71
ORD15628,2024-03-09,Monitor,Electronics,West,Rajasthan,Consumer,1,14263.25,12123.76,0.15,1584.53
ORD15629,2024-08-03,Printer,Office Supplies,East,West Bengal,Consumer,5,13467.92,63972.6,0.05,13698.22
ORD15630,2024-09-17,Notebook,Office Supplies,West,Rajasthan,Consumer,4,402.35,1528.94,0.05,333.63
ORD15631,2023-09-04,Mouse,Electronics,West,Maharashtra,Small Business,4,793.13,3172.51,0.0,366.62
ORD15632,2025-03-07,Keyboard,Electronics,North,Punjab,Corporate,1,1659.51,1493.56,0.1,211.63
ORD15633,2025-10-09,Laptop,Electronics,West,Gujarat,Consumer,5,47526.88,213870.95,0.1,27262.05
ORD15634,2025-11-25,Office Chair,Furniture,West,Rajasthan,Consumer,2,8091.94,14565.49,0.1,2499.21
ORD15635,2025-05-09,Laptop,Electronics,North,Haryana,Consumer,5,55248.23,276241.15,0.0,42866.4
ORD15636,2024-07-29,Mouse,Electronics,East,West Bengal,Consumer,2,895.88,1522.99,0.15,219.66
ORD15637,2025-01-25,Monitor,Electronics,North,Punjab,Consumer,4,14589.93,52523.74,0.1,7211.7
ORD15638,2024-01-11,Headphones,Electronics,South,Telangana,Consumer,1,3885.39,3885.39,0.0,565.56
ORD15639,2023-10-23,Tablet,Electronics,West,Rajasthan,Small Business,3,24220.3,65394.82,0.1,9006.0
ORD15640,2023-06-02,Printer,Office Supplies,North,Punjab,Consumer,2,13743.35,26112.37,0.05,5638.91
ORD15641,2025-04-30,Printer,Office Supplies,North,Haryana,Small Business,2,13835.57,23520.46,0.15,4410.73
ORD15642,2025-01-30,Tablet,Electronics,North,Punjab,Corporate,3,24529.34,69908.63,0.05,7376.82
ORD15643,2024-03-26,Printer,Office Supplies,East,Bihar,Corporate,1,15173.76,14415.08,0.05,2929.44
ORD15644,2024-05-02,Backpack,Accessories,East,West Bengal,Corporate,4,1899.4,6457.94,0.15,1101.49
ORD15645,2024-12-03,Tablet,Electronics,South,Tamil Nadu,Consumer,4,22080.97,83907.67,0.05,11781.7
ORD15646,2023-08-03,Backpack,Accessories,West,Gujarat,Small Business,3,1429.18,3644.41,0.15,639.41
ORD15647,2025-09-22,Headphones,Electronics,South,Karnataka,Corporate,3,3422.12,10266.37,0.0,1113.76
ORD15648,2024-05-26,Monitor,Electronics,South,Karnataka,Corporate,3,14459.31,43377.94,0.0,5980.2
ORD15649,2025-12-01,Office Chair,Furniture,West,Maharashtra,Small Business,1,9281.09,8352.98,0.1,1433.15
ORD15650,2024-04-17,Monitor,Electronics,North,Punjab,Consumer,4,14730.16,55974.6,0.05,6967.91
ORD15651,2025-12-07,Notebook,Office Supplies,East,Bihar,Corporate,2,384.44,730.43,0.05,176.26
ORD15652,2023-06-20,Backpack,Accessories,South,Tamil Nadu,Corporate,3,1818.73,4637.77,0.15,924.12
ORD15653,2025-06-12,Office Chair,Furniture,East,West Bengal,Consumer,3,8147.27,24441.82,0.0,4571.18
ORD15654,2023-08-14,Mouse,Electronics,South,Karnataka,Consumer,1,862.39,819.27,0.05,105.08
ORD15655,2024-01-29,Tablet,Electronics,South,Karnataka,Corporate,4,23749.09,85496.73,0.1,12505.78
ORD15656,2025-06-03,Office Chair,Furniture,North,Delhi,Corporate,5,8900.52,44502.62,0.0,8880.23
ORD15657,2025-11-21,Tablet,Electronics,East,Bihar,Consumer,3,28596.58,77210.77,0.1,10896.78
ORD15658,2023-03-09,Desk,Furniture,East,Odisha,Consumer,3,12111.05,34516.48,0.05,7135.88
ORD15659,2025-06-11,Printer,Office Supplies,South,Karnataka,Consumer,5,13816.5,69082.48,0.0,15702.31
ORD15660,2025-10-25,Headphones,Electronics,North,Haryana,Corporate,2,3627.86,6530.15,0.1,925.5
ORD15661,2025-11-20,Notebook,Office Supplies,North,Haryana,Consumer,1,368.13,349.73,0.05,71.36
ORD15662,2025-12-18,Printer,Office Supplies,North,Haryana,Consumer,1,13713.45,11656.43,0.15,2427.39
ORD15663,2025-05-08,Monitor,Electronics,East,Odisha,Consumer,2,15032.62,27058.72,0.1,4099.09
ORD15664,2023-11-23,Headphones,Electronics,North,Punjab,Corporate,1,3500.06,3150.06,0.1,421.46
ORD15665,2023-09-30,Monitor,Electronics,East,West Bengal,Consumer,2,15399.99,26179.98,0.15,3015.54
ORD15666,2025-12-11,Backpack,Accessories,West,Maharashtra,Consumer,5,1922.55,7690.19,0.2,1375.53
ORD15667,2025-08-06,Backpack,Accessories,East,Bihar,Corporate,1,2024.92,1923.67,0.05,437.67
ORD15668,2025-01-28,Smartphone,Electronics,East,Odisha,Small Business,5,25093.73,106648.37,0.15,14867.39
ORD15669,2024-12-25,Printer,Office Supplies,West,Rajasthan,Small Business,5,14155.17,67237.07,0.05,12465.17
ORD15670,2024-10-22,Monitor,Electronics,North,Punjab,Small Business,1,14153.22,12737.9,0.1,1879.92
ORD15671,2025-12-19,Laptop,Electronics,West,Maharashtra,Consumer,5,51384.61,231230.76,0.1,28587.4
ORD15672,2023-08-23,Monitor,Electronics,West,Gujarat,Corporate,4,16088.98,57920.32,0.1,9298.98
ORD15673,2025-08-30,Monitor,Electronics,North,Delhi,Corporate,5,16245.53,81227.63,0.0,11439.09
ORD15674,2024-04-18,Monitor,Electronics,North,Delhi,Consumer,5,16088.86,72399.88,0.1,10127.51
ORD15675,2024-03-14,Backpack,Accessories,North,Haryana,Corporate,5,1967.58,8854.09,0.1,1766.17
ORD15676,2023-11-04,Notebook,Office Supplies,North,Punjab,Small Business,5,377.14,1697.13,0.1,348.62
ORD15677,2025-06-04,Headphones,Electronics,South,Tamil Nadu,Consumer,3,3734.48,8962.75,0.2,1227.44
ORD15678,2023-04-16,Office Chair,Furniture,North,Haryana,Consumer,1,8815.72,8374.94,0.05,1357.38
ORD15679,2025-10-21,Keyboard,Electronics,East,Bihar,Consumer,2,1819.5,3093.15,0.15,458.55
ORD15680,2025-10-26,Notebook,Office Supplies,West,Maharashtra,Corporate,2,381.97,725.75,0.05,155.94
ORD15681,2023-12-05,Headphones,Electronics,West,Rajasthan,Consumer,1,3793.67,3414.31,0.1,474.23
ORD15682,2023-06-16,Monitor,Electronics,South,Tamil Nadu,Small Business,3,13337.69,38012.41,0.05,5424.65
ORD15683,2023-04-05,Headphones,Electronics,South,Karnataka,Corporate,5,2974.88,14874.41,0.0,1558.74
ORD15684,2025-09-05,Mouse,Electronics,North,Haryana,Consumer,2,832.93,1582.56,0.05,232.46
ORD15685,2023-09-11,Headphones,Electronics,North,Haryana,Consumer,2,3843.38,6918.08,0.1,864.12
ORD15686,2025-01-31,Printer,Office Supplies,West,Maharashtra,Consumer,1,13290.09,11961.08,0.1,2871.96
ORD15687,2024-03-25,Mouse,Electronics,East,Bihar,Small Business,3,898.24,2559.99,0.05,405.68
ORD15688,2023-08-13,Backpack,Accessories,North,Delhi,Small Business,1,1778.92,1601.03,0.1,306.61
ORD15689,2023-02-02,Mouse,Electronics,West,Rajasthan,Corporate,2,869.72,1565.5,0.1,229.19
ORD15690,2023-12-18,Notebook,Office Supplies,West,Gujarat,Consumer,1,355.36,337.59,0.05,67.72
ORD15691,2024-09-01,Desk,Furniture,North,Haryana,Consumer,2,12487.48,21228.71,0.15,3144.01
ORD15692,2024-03-13,Notebook,Office Supplies,West,Maharashtra,Consumer,3,401.25,963.0,0.2,184.27
ORD15693,2023-08-07,Headphones,Electronics,North,Delhi,Corporate,4,3512.72,14050.89,0.0,1785.49
ORD15694,2024-08-20,Smartphone,Electronics,South,Karnataka,Corporate,2,26753.63,53507.25,0.0,7412.4
ORD15695,2024-10-17,Monitor,Electronics,South,Telangana,Consumer,5,13937.67,59235.11,0.15,8166.65
ORD15696,2023-07-03,Notebook,Office Supplies,East,Bihar,Small Business,2,360.22,720.44,0.0,152.09
ORD15697,2023-12-03,Smartphone,Electronics,South,Telangana,Consumer,3,34144.64,97312.22,0.05,11433.98
ORD15698,2024-12-25,Mouse,Electronics,South,Karnataka,Corporate,1,922.16,783.83,0.15,123.33
ORD15699,2023-03-25,Smartphone,Electronics,South,Karnataka,Small Business,5,25208.91,113440.08,0.1,13581.68
ORD15700,2025-03-16,Mouse,Electronics,South,Karnataka,Corporate,5,935.39,4676.93,0.0,717.68
ORD15701,2025-01-01,Tablet,Electronics,East,Bihar,Small Business,1,26041.5,23437.35,0.1,3530.61
ORD15702,2025-05-14,Notebook,Office Supplies,East,Odisha,Corporate,3,347.91,1043.72,0.0,218.03
ORD15703,2024-09-05,Desk,Furniture,North,Haryana,Consumer,1,11943.93,10749.54,0.1,1865.08
ORD15704,2024-07-29,Monitor,Electronics,East,West Bengal,Consumer,3,15437.64,39365.99,0.15,4967.55
ORD15705,2024-09-09,Desk,Furniture,East,Bihar,Corporate,1,12668.94,10768.6,0.15,1896.68
ORD15706,2024-10-10,Laptop,Electronics,East,West Bengal,Small Business,4,52956.41,211825.65,0.0,33430.51
ORD15707,2024-11-07,Office Chair,Furniture,North,Delhi,Small Business,3,8665.16,25995.48,0.0,5123.02
ORD15708,2023-12-15,Smartphone,Electronics,North,Delhi,Consumer,2,26964.14,51231.87,0.05,7692.55
ORD15709,2023-02-21,Mouse,Electronics,North,Haryana,Consumer,1,858.75,815.81,0.05,114.25
ORD15710,2024-02-07,Monitor,Electronics,East,Odisha,Consumer,1,14036.96,12633.26,0.1,1533.44
ORD15711,2025-12-09,Notebook,Office Supplies,North,Punjab,Consumer,2,316.73,570.11,0.1,130.33
ORD15712,2024-10-15,Office Chair,Furniture,West,Maharashtra,Consumer,4,8069.2,29049.1,0.1,4719.39
ORD15713,2023-02-05,Keyboard,Electronics,North,Punjab,Corporate,1,1685.01,1685.01,0.0,212.71
ORD15714,2024-02-18,Notebook,Office Supplies,South,Tamil Nadu,Small Business,2,333.58,600.44,0.1,126.77
ORD15715,2023-03-28,Backpack,Accessories,East,Odisha,Consumer,2,1702.88,3405.76,0.0,672.05
ORD15716,2025-09-06,Desk,Furniture,East,Odisha,Consumer,4,11013.52,41851.39,0.05,5932.17
ORD15717,2023-05-14,Headphones,Electronics,South,Tamil Nadu,Small Business,4,3408.33,12269.98,0.1,1925.15
ORD15718,2023-04-18,Smartphone,Electronics,South,Karnataka,Consumer,3,25563.95,69022.67,0.1,8382.41
ORD15719,2025-08-07,Backpack,Accessories,East,Bihar,Consumer,2,1727.99,2764.79,0.2,568.03
ORD15720,2025-04-11,Printer,Office Supplies,South,Karnataka,Corporate,4,15703.96,59675.03,0.05,12335.97
ORD15721,2024-12-04,Monitor,Electronics,South,Karnataka,Consumer,4,13238.07,45009.45,0.15,6060.96
ORD15722,2023-02-11,Keyboard,Electronics,South,Tamil Nadu,Consumer,5,2064.34,10321.68,0.0,1581.31
ORD15723,2025-12-30,Desk,Furniture,North,Delhi,Consumer,1,13041.01,11736.91,0.1,1956.47
ORD15724,2024-03-03,Notebook,Office Supplies,North,Punjab,Corporate,1,365.04,346.79,0.05,69.86
ORD15725,2024-10-17,Mouse,Electronics,East,Bihar,Consumer,5,923.86,4157.36,0.1,606.2
ORD15726,2025-07-20,Backpack,Accessories,South,Telangana,Consumer,5,1705.21,8526.04,0.0,1882.53
ORD15727,2024-09-12,Monitor,Electronics,South,Tamil Nadu,Small Business,3,14949.76,40364.35,0.1,5944.93
ORD15728,2023-07-24,Desk,Furniture,North,Haryana,Consumer,2,12103.82,21786.88,0.1,4050.79
ORD15729,2025-03-15,Office Chair,Furniture,East,West Bengal,Small Business,1,8220.02,7398.02,0.1,1149.02
ORD15730,2025-04-28,Notebook,Office Supplies,North,Delhi,Corporate,3,411.45,1172.62,0.05,241.96
ORD15731,2023-09-14,Tablet,Electronics,East,Bihar,Corporate,4,25350.93,96333.53,0.05,12322.69
ORD15732,2024-11-20,Office Chair,Furniture,North,Delhi,Consumer,5,9259.52,43982.72,0.05,7789.08
ORD15733,2025-12-28,Printer,Office Supplies,West,Gujarat,Corporate,3,15385.45,43848.54,0.05,8810.54
ORD15734,2024-10-10,Headphones,Electronics,North,Haryana,Small Business,3,3159.24,7582.18,0.2,929.15
ORD15735,2024-03-10,Backpack,Accessories,North,Haryana,Small Business,3,1888.17,5664.52,0.0,1156.78
ORD15736,2024-07-25,Headphones,Electronics,West,Rajasthan,Corporate,1,3571.68,3393.1,0.05,436.42
ORD15737,2025-02-02,Laptop,Electronics,North,Punjab,Small Business,4,52064.51,208258.03,0.0,30030.62
ORD15738,2023-04-13,Monitor,Electronics,East,West Bengal,Consumer,5,15243.05,76215.25,0.0,12113.11
ORD15739,2025-03-22,Desk,Furniture,East,Bihar,Consumer,3,10465.53,26687.1,0.15,5180.28
ORD15740,2025-05-06,Headphones,Electronics,West,Gujarat,Consumer,3,3005.91,9017.73,0.0,1093.84
ORD15741,2025-06-09,Mouse,Electronics,East,Odisha,Consumer,1,922.18,922.18,0.0,106.6
ORD15742,2023-09-23,Backpack,Accessories,North,Delhi,Consumer,5,1706.75,8107.04,0.05,1683.75
ORD15743,2025-05-08,Backpack,Accessories,East,Bihar,Consumer,4,1828.05,6946.6,0.05,1308.57
ORD15744,2023-08-26,Backpack,Accessories,East,Bihar,Small Business,2,1994.08,3589.34,0.1,711.44
ORD15745,2025-05-04,Laptop,Electronics,North,Delhi,Consumer,5,46417.3,220482.17,0.05,28569.22
ORD15746,2025-09-29,Office Chair,Furniture,South,Tamil Nadu,Small Business,5,9196.55,41384.47,0.1,7217.84
ORD15747,2024-05-22,Office Chair,Furniture,West,Rajasthan,Consumer,5,9533.27,42899.72,0.1,6617.05
ORD15748,2025-10-24,Keyboard,Electronics,South,Tamil Nadu,Consumer,3,1761.81,5285.44,0.0,775.54
ORD15749,2024-11-29,Laptop,Electronics,East,West Bengal,Corporate,1,54201.3,54201.3,0.0,7040.46
ORD15750,2023-07-11,Office Chair,Furniture,North,Haryana,Consumer,1,8520.16,8094.15,0.05,1333.4
ORD15751,2024-08-17,Printer,Office Supplies,West,Gujarat,Small Business,3,16345.75,46585.4,0.05,9522.34
ORD15752,2025-05-12,Keyboard,Electronics,South,Telangana,Small Business,3,1993.17,5979.52,0.0,952.0
ORD15753,2023-08-28,Backpack,Accessories,South,Karnataka,Small Business,1,1865.85,1585.97,0.15,264.75
ORD15754,2023-12-23,Office Chair,Furniture,East,Bihar,Small Business,5,7734.2,34803.89,0.1,6683.41
ORD15755,2023-09-12,Tablet,Electronics,North,Punjab,Corporate,3,24176.06,65275.36,0.1,9689.05
ORD15756,2025-07-22,Tablet,Electronics,East,West Bengal,Small Business,4,23297.15,88529.16,0.05,13408.39
ORD15757,2025-11-29,Smartphone,Electronics,West,Rajasthan,Corporate,4,28222.1,107243.99,0.05,11798.72
ORD15758,2023-01-03,Notebook,Office Supplies,North,Haryana,Consumer,1,335.91,302.32,0.1,57.16
ORD15759,2025-03-14,Laptop,Electronics,West,Gujarat,Consumer,4,52176.01,187833.63,0.1,24755.59
ORD15760,2025-05-23,Backpack,Accessories,East,Odisha,Consumer,3,1890.4,4820.51,0.15,784.33
ORD15761,2023-02-11,Desk,Furniture,West,Gujarat,Consumer,5,13779.92,68899.59,0.0,11985.1
ORD15762,2024-01-17,Headphones,Electronics,North,Haryana,Consumer,4,3191.6,10851.45,0.15,1368.88
ORD15763,2024-01-17,Office Chair,Furniture,East,Bihar,Corporate,1,8659.09,8226.14,0.05,1498.13
ORD15764,2023-01-07,Backpack,Accessories,West,Gujarat,Consumer,5,1820.55,8647.62,0.05,1664.17
ORD15765,2023-01-07,Tablet,Electronics,South,Karnataka,Consumer,5,21715.06,108575.31,0.0,17819.21
ORD15766,2023-02-24,Keyboard,Electronics,South,Tamil Nadu,Corporate,4,1743.47,6973.88,0.0,950.99
ORD15767,2025-01-28,Office Chair,Furniture,West,Maharashtra,Corporate,4,7137.58,24267.78,0.15,4332.02
ORD15768,2025-05-26,Mouse,Electronics,East,West Bengal,Corporate,5,767.17,3644.06,0.05,487.39
ORD15769,2025-05-18,Tablet,Electronics,East,Bihar,Corporate,2,21484.98,38672.97,0.1,6337.86
ORD15770,2025-05-16,Keyboard,Electronics,South,Telangana,Corporate,3,1970.52,4729.25,0.2,564.23
ORD15771,2024-01-21,Backpack,Accessories,East,Bihar,Corporate,4,1805.98,6140.33,0.15,1069.63
ORD15772,2025-01-14,Keyboard,Electronics,East,West Bengal,Corporate,1,1912.11,1720.9,0.1,193.71
ORD15773,2024-11-24,Laptop,Electronics,East,West Bengal,Small Business,4,53865.64,183143.17,0.15,28507.35
ORD15774,2023-09-20,Mouse,Electronics,North,Punjab,Small Business,4,818.57,2946.84,0.1,378.25
ORD15775,2025-10-01,Mouse,Electronics,North,Delhi,Consumer,1,924.47,832.03,0.1,90.96
ORD15776,2023-07-04,Desk,Furniture,North,Delhi,Consumer,5,11673.99,52532.97,0.1,9426.18
ORD15777,2024-01-13,Notebook,Office Supplies,West,Rajasthan,Consumer,1,304.78,289.54,0.05,64.24
ORD15778,2024-04-16,Monitor,Electronics,East,Odisha,Small Business,5,15715.02,70717.6,0.1,10368.25
ORD15779,2023-10-11,Mouse,Electronics,East,West Bengal,Corporate,2,1017.36,1831.24,0.1,226.88
ORD15780,2024-03-22,Monitor,Electronics,North,Delhi,Consumer,4,13435.99,48369.55,0.1,5578.39
ORD15781,2023-08-08,Printer,Office Supplies,West,Rajasthan,Consumer,3,14133.96,38161.69,0.1,8041.65
ORD15782,2023-05-31,Printer,Office Supplies,West,Rajasthan,Consumer,3,12263.95,33112.67,0.1,7438.98
ORD15783,2024-01-07,Desk,Furniture,West,Maharashtra,Corporate,5,11761.26,49985.35,0.15,8460.82
ORD15784,2023-05-07,Smartphone,Electronics,North,Delhi,Small Business,1,25746.95,23172.25,0.1,3201.89
ORD15785,2024-07-25,Monitor,Electronics,South,Karnataka,Consumer,4,16427.83,62425.76,0.05,8406.37
ORD15786,2025-03-31,Headphones,Electronics,West,Maharashtra,Small Business,3,3780.48,9640.22,0.15,1301.38
ORD15787,2024-03-10,Office Chair,Furniture,South,Tamil Nadu,Consumer,3,8992.6,26977.81,0.0,4958.88
ORD15788,2025-10-03,Tablet,Electronics,North,Delhi,Small Business,4,21011.3,84045.2,0.0,11902.73
ORD15789,2023-09-01,Office Chair,Furniture,North,Punjab,Corporate,4,9369.72,29983.12,0.2,4524.47
ORD15790,2023-10-06,Headphones,Electronics,East,West Bengal,Small Business,2,3983.27,7966.53,0.0,1239.53
ORD15791,2023-05-30,Notebook,Office Supplies,South,Telangana,Consumer,4,354.93,1419.73,0.0,301.77
ORD15792,2024-08-03,Laptop,Electronics,South,Telangana,Consumer,2,46533.76,83760.76,0.1,10608.19
ORD15793,2025-10-04,Keyboard,Electronics,South,Telangana,Corporate,3,1874.28,4779.41,0.15,668.82
ORD15794,2025-02-06,Notebook,Office Supplies,North,Haryana,Small Business,1,390.41,351.37,0.1,66.91
ORD15795,2023-06-14,Monitor,Electronics,East,Odisha,Consumer,1,16169.03,12935.23,0.2,1529.96
ORD15796,2023-04-18,Laptop,Electronics,North,Punjab,Consumer,4,48615.51,165292.74,0.15,21042.9
ORD15797,2025-05-16,Mouse,Electronics,South,Telangana,Consumer,3,993.04,2979.13,0.0,426.43
ORD15798,2024-11-18,Desk,Furniture,South,Karnataka,Consumer,2,11396.98,18235.16,0.2,3068.61
ORD15799,2024-07-24,Mouse,Electronics,East,West Bengal,Consumer,2,796.52,1433.74,0.1,158.04
ORD15800,2024-08-10,Notebook,Office Supplies,West,Gujarat,Consumer,3,349.16,1047.48,0.0,199.19
ORD15801,2023-05-08,Mouse,Electronics,North,Punjab,Consumer,5,836.71,3556.03,0.15,529.04
ORD15802,2023-11-17,Keyboard,Electronics,East,Bihar,Consumer,5,2012.41,9558.95,0.05,939.97
ORD15803,2024-05-04,Tablet,Electronics,West,Gujarat,Consumer,1,23738.83,23738.83,0.0,3346.13
ORD15804,2023-07-30,Desk,Furniture,East,Odisha,Small Business,1,11975.84,11975.84,0.0,2143.53
ORD15805,2025-04-08,Mouse,Electronics,North,Punjab,Consumer,4,745.79,2386.52,0.2,268.46
ORD15806,2023-05-11,Smartphone,Electronics,South,Telangana,Consumer,2,27682.17,52596.13,0.05,6058.61
ORD15807,2023-10-14,Headphones,Electronics,East,West Bengal,Corporate,3,3973.19,10727.62,0.1,1266.41
ORD15808,2025-03-24,Printer,Office Supplies,West,Rajasthan,Small Business,2,14497.68,26095.82,0.1,5188.6
ORD15809,2024-02-10,Laptop,Electronics,East,Odisha,Corporate,2,49968.09,79948.94,0.2,9355.21
ORD15810,2025-12-19,Tablet,Electronics,West,Maharashtra,Corporate,3,26230.96,62954.31,0.2,7103.61
ORD15811,2024-01-06,Keyboard,Electronics,West,Rajasthan,Consumer,1,1844.51,1567.83,0.15,214.6
ORD15812,2024-09-16,Headphones,Electronics,South,Tamil Nadu,Corporate,4,3567.15,14268.61,0.0,1932.9
ORD15813,2023-05-19,Desk,Furniture,East,West Bengal,Corporate,3,11321.4,28869.57,0.15,5932.0
ORD15814,2023-06-27,Tablet,Electronics,West,Maharashtra,Corporate,5,24020.42,114096.99,0.05,17700.07
ORD15815,2023-05-25,Notebook,Office Supplies,South,Tamil Nadu,Corporate,1,340.27,289.23,0.15,57.8
ORD15816,2023-09-08,Monitor,Electronics,North,Punjab,Consumer,5,12155.99,57740.95,0.05,7618.83
ORD15817,2023-08-23,Smartphone,Electronics,West,Maharashtra,Corporate,3,25987.47,62369.92,0.2,8669.76
ORD15818,2024-02-18,Office Chair,Furniture,South,Tamil Nadu,Consumer,3,7845.23,22358.89,0.05,3644.38
ORD15819,2023-03-17,Printer,Office Supplies,South,Telangana,Consumer,1,12429.02,11807.57,0.05,2467.47
ORD15820,2025-01-11,Monitor,Electronics,North,Punjab,Corporate,5,14717.32,69907.26,0.05,8380.2
ORD15821,2025-10-11,Notebook,Office Supplies,North,Delhi,Corporate,4,391.08,1407.9,0.1,266.49
ORD15822,2023-10-25,Tablet,Electronics,South,Karnataka,Small Business,5,24162.91,108733.12,0.1,13548.38
ORD15823,2025-10-04,Keyboard,Electronics,South,Karnataka,Corporate,3,1950.23,5558.15,0.05,864.36
ORD15824,2023-03-21,Desk,Furniture,West,Gujarat,Consumer,1,12632.73,12632.73,0.0,2278.11
ORD15825,2025-07-28,Printer,Office Supplies,West,Gujarat,Consumer,1,14703.93,12498.34,0.15,2353.17
ORD15826,2024-08-25,Office Chair,Furniture,East,Odisha,Consumer,4,8355.57,30080.06,0.1,4966.91
ORD15827,2024-04-03,Tablet,Electronics,South,Telangana,Consumer,2,23138.09,43962.38,0.05,5960.05
ORD15828,2025-09-12,Headphones,Electronics,West,Maharashtra,Corporate,2,3788.24,7197.66,0.05,1165.13
ORD15829,2025-08-09,Mouse,Electronics,East,Odisha,Consumer,5,869.06,4345.3,0.0,648.85
ORD15830,2025-10-04,Laptop,Electronics,East,West Bengal,Consumer,1,47210.54,37768.43,0.2,4831.48
ORD15831,2025-01-23,Smartphone,Electronics,West,Gujarat,Corporate,1,30927.88,30927.88,0.0,4839.07
ORD15832,2023-11-26,Keyboard,Electronics,West,Gujarat,Consumer,4,1780.14,6764.55,0.05,907.75
ORD15833,2025-09-02,Notebook,Office Supplies,South,Karnataka,Small Business,3,342.7,976.69,0.05,210.41
ORD15834,2023-09-11,Backpack,Accessories,South,Karnataka,Small Business,4,1737.32,5906.88,0.15,925.33
ORD15835,2025-05-26,Desk,Furniture,South,Tamil Nadu,Consumer,5,10890.95,49009.27,0.1,7690.52
ORD15836,2023-08-11,Desk,Furniture,South,Telangana,Corporate,5,11757.71,52909.67,0.1,8376.81
ORD15837,2023-12-17,Backpack,Accessories,South,Telangana,Consumer,3,1788.29,5364.86,0.0,997.31
ORD15838,2025-10-20,Printer,Office Supplies,South,Karnataka,Consumer,5,13673.87,58113.96,0.15,12245.62
ORD15839,2025-07-11,Laptop,Electronics,South,Telangana,Small Business,4,43189.87,155483.52,0.1,20204.18
ORD15840,2024-07-27,Office Chair,Furniture,West,Rajasthan,Corporate,5,8609.93,40897.17,0.05,8216.63
ORD15841,2024-02-29,Headphones,Electronics,West,Maharashtra,Consumer,3,3788.43,11365.28,0.0,1523.05
ORD15842,2023-11-09,Notebook,Office Supplies,North,Haryana,Consumer,3,343.03,977.64,0.05,224.25
ORD15843,2025-10-31,Keyboard,Electronics,East,Odisha,Small Business,3,1791.83,4837.94,0.1,728.85
ORD15844,2024-11-08,Backpack,Accessories,East,Bihar,Consumer,3,1885.6,5373.97,0.05,1147.87
ORD15845,2023-03-10,Printer,Office Supplies,South,Karnataka,Corporate,2,13693.04,21908.87,0.2,5185.64
ORD15846,2023-10-04,Mouse,Electronics,East,Odisha,Corporate,2,878.07,1580.53,0.1,224.93
ORD15847,2024-09-26,Laptop,Electronics,South,Telangana,Consumer,1,52762.62,52762.62,0.0,8193.8
ORD15848,2025-07-20,Office Chair,Furniture,South,Telangana,Consumer,3,8716.77,23535.29,0.1,4322.02
ORD15849,2024-03-12,Printer,Office Supplies,North,Punjab,Consumer,4,14134.37,50883.72,0.1,10543.09
ORD15850,2024-03-23,Mouse,Electronics,West,Maharashtra,Corporate,1,920.18,874.18,0.05,106.06
ORD15851,2023-02-09,Printer,Office Supplies,North,Haryana,Corporate,2,13438.66,21501.86,0.2,4631.31
ORD15852,2025-08-22,Backpack,Accessories,North,Delhi,Consumer,4,1780.74,7122.98,0.0,1382.07
ORD15853,2023-07-02,Laptop,Electronics,East,Bihar,Corporate,4,52390.88,188607.16,0.1,25289.07
ORD15854,2023-06-27,Office Chair,Furniture,East,Odisha,Consumer,3,7760.2,23280.6,0.0,3954.2
ORD15855,2024-04-13,Printer,Office Supplies,East,Bihar,Corporate,5,14624.63,69466.99,0.05,13112.13
ORD15856,2023-08-28,Notebook,Office Supplies,North,Haryana,Corporate,5,327.61,1556.16,0.05,368.35
ORD15857,2024-05-25,Office Chair,Furniture,West,Maharashtra,Small Business,4,8815.91,31737.29,0.1,5608.89
ORD15858,2025-02-07,Tablet,Electronics,North,Delhi,Consumer,1,21976.37,18679.92,0.15,2500.46
ORD15859,2023-06-03,Monitor,Electronics,West,Gujarat,Consumer,2,15888.74,31777.48,0.0,4169.22
ORD15860,2024-09-28,Smartphone,Electronics,South,Tamil Nadu,Corporate,4,32738.18,104762.18,0.2,13383.55
ORD15861,2023-07-23,Backpack,Accessories,South,Tamil Nadu,Small Business,5,1899.01,9020.28,0.05,1845.93
ORD15862,2024-03-04,Printer,Office Supplies,South,Tamil Nadu,Corporate,5,14640.84,65883.77,0.1,14294.11
ORD15863,2025-11-14,Backpack,Accessories,North,Punjab,Consumer,4,1844.24,6270.43,0.15,1242.14
ORD15864,2025-08-09,Desk,Furniture,North,Punjab,Consumer,5,12229.05,55030.74,0.1,8383.18
ORD15865,2024-07-08,Backpack,Accessories,North,Punjab,Consumer,1,1546.29,1314.34,0.15,233.55
ORD15866,2024-12-05,Desk,Furniture,South,Telangana,Corporate,1,12043.72,11441.54,0.05,2163.22
ORD15867,2024-06-10,Backpack,Accessories,East,Bihar,Consumer,5,2018.96,8580.57,0.15,1715.08
ORD15868,2023-05-17,Notebook,Office Supplies,West,Rajasthan,Consumer,2,286.34,544.04,0.05,110.11
ORD15869,2025-07-13,Desk,Furniture,West,Gujarat,Small Business,1,10862.77,10862.77,0.0,1962.0
ORD15870,2024-02-24,Office Chair,Furniture,East,West Bengal,Corporate,4,9614.85,36536.43,0.05,7405.94
ORD15871,2024-03-03,Headphones,Electronics,South,Telangana,Consumer,1,3275.52,3111.75,0.05,407.29
ORD15872,2025-02-13,Smartphone,Electronics,West,Maharashtra,Corporate,4,28880.47,109745.79,0.05,18423.56
ORD15873,2023-06-04,Smartphone,Electronics,South,Tamil Nadu,Consumer,3,25717.29,77151.87,0.0,12038.49
ORD15874,2024-11-14,Mouse,Electronics,North,Delhi,Small Business,4,828.8,3315.2,0.0,482.64
ORD15875,2024-11-26,Tablet,Electronics,West,Rajasthan,Consumer,3,25611.63,72993.15,0.05,11680.08
ORD15876,2023-03-29,Printer,Office Supplies,West,Rajasthan,Consumer,4,12578.12,45281.24,0.1,9089.7
ORD15877,2024-06-15,Laptop,Electronics,East,Odisha,Corporate,3,53790.0,153301.49,0.05,23434.6
ORD15878,2023-04-20,Tablet,Electronics,West,Gujarat,Small Business,2,23260.41,46520.82,0.0,6339.37
ORD15879,2025-09-27,Mouse,Electronics,West,Maharashtra,Consumer,5,927.13,4403.89,0.05,598.04
ORD15880,2024-01-09,Tablet,Electronics,East,Odisha,Small Business,5,24783.55,117721.88,0.05,11185.5
ORD15881,2023-05-14,Laptop,Electronics,East,Bihar,Corporate,5,57704.58,274096.74,0.05,44305.86
ORD15882,2024-11-18,Backpack,Accessories,South,Tamil Nadu,Consumer,3,1891.51,5674.53,0.0,1004.34
ORD15883,2025-01-06,Mouse,Electronics,West,Rajasthan,Small Business,2,847.75,1695.49,0.0,310.41
ORD15884,2023-04-24,Backpack,Accessories,North,Haryana,Corporate,5,1868.37,7940.55,0.15,1369.21
ORD15885,2024-11-08,Desk,Furniture,North,Delhi,Consumer,2,13814.76,26248.05,0.05,4217.35
ORD15886,2024-08-24,Keyboard,Electronics,South,Karnataka,Consumer,5,1953.25,9766.27,0.0,1393.43
ORD15887,2025-08-16,Tablet,Electronics,South,Telangana,Consumer,5,26017.78,117080.0,0.1,15807.54
ORD15888,2025-12-31,Printer,Office Supplies,North,Punjab,Corporate,3,13783.6,41350.79,0.0,8737.91
ORD15889,2024-02-24,Notebook,Office Supplies,East,Bihar,Small Business,5,319.25,1356.82,0.15,301.27
ORD15890,2024-07-24,Headphones,Electronics,North,Punjab,Consumer,2,4014.19,8028.38,0.0,1158.25
ORD15891,2025-01-13,Notebook,Office Supplies,West,Maharashtra,Small Business,1,403.44,342.93,0.15,67.82
ORD15892,2024-10-02,Keyboard,Electronics,West,Rajasthan,Small Business,5,1866.18,8397.81,0.1,1120.17
ORD15893,2025-06-22,Printer,Office Supplies,South,Tamil Nadu,Small Business,3,15790.29,45002.33,0.05,10094.9
ORD15894,2024-07-03,Desk,Furniture,South,Telangana,Small Business,3,11780.66,28273.59,0.2,4800.02
ORD15895,2023-08-28,Headphones,Electronics,East,West Bengal,Small Business,2,3417.07,6150.72,0.1,836.35
ORD15896,2025-05-28,Smartphone,Electronics,East,West Bengal,Consumer,1,28218.42,25396.58,0.1,2863.98
ORD15897,2024-07-07,Notebook,Office Supplies,North,Haryana,Corporate,2,365.18,730.37,0.0,178.04
ORD15898,2025-09-16,Desk,Furniture,East,Bihar,Small Business,4,12045.27,48181.1,0.0,9545.16
ORD15899,2024-03-06,Tablet,Electronics,East,Odisha,Consumer,1,25697.13,23127.42,0.1,2605.78
ORD15900,2025-07-24,Tablet,Electronics,South,Telangana,Small Business,2,22918.8,45837.59,0.0,6431.11
ORD15901,2025-08-19,Printer,Office Supplies,South,Telangana,Corporate,1,16031.08,16031.08,0.0,3624.79
ORD15902,2023-09-13,Backpack,Accessories,West,Gujarat,Small Business,3,1601.8,4565.12,0.05,823.42
ORD15903,2024-11-19,Backpack,Accessories,East,Odisha,Corporate,1,1663.5,1413.97,0.15,275.07
ORD15904,2024-01-07,Desk,Furniture,South,Tamil Nadu,Corporate,1,13703.38,12333.04,0.1,2254.87
ORD15905,2024-02-14,Printer,Office Supplies,North,Delhi,Corporate,3,13710.98,41132.95,0.0,8637.56
ORD15906,2023-06-23,Tablet,Electronics,North,Delhi,Consumer,1,22946.8,20652.12,0.1,2977.5
ORD15907,2023-10-13,Notebook,Office Supplies,North,Haryana,Corporate,4,293.64,1174.55,0.0,248.35
ORD15908,2023-03-11,Monitor,Electronics,West,Gujarat,Consumer,1,13563.84,12885.65,0.05,1993.41
ORD15909,2024-09-16,Mouse,Electronics,North,Delhi,Corporate,5,875.28,3938.75,0.1,504.08
ORD15910,2023-07-15,Monitor,Electronics,West,Gujarat,Small Business,1,14376.03,14376.03,0.0,2128.47
ORD15911,2025-05-30,Laptop,Electronics,East,Odisha,Corporate,1,54620.93,46427.79,0.15,5682.48
ORD15912,2024-03-23,Backpack,Accessories,East,West Bengal,Small Business,1,1883.85,1601.28,0.15,298.44
ORD15913,2025-05-15,Monitor,Electronics,East,West Bengal,Corporate,1,15410.16,14639.65,0.05,1587.45
ORD15914,2023-04-01,Backpack,Accessories,East,Bihar,Corporate,2,1644.29,3288.58,0.0,610.26
ORD15915,2023-11-11,Smartphone,Electronics,East,West Bengal,Consumer,1,29927.06,28430.7,0.05,4190.96
ORD15916,2023-01-24,Tablet,Electronics,North,Delhi,Consumer,2,23345.48,44356.42,0.05,6131.55
ORD15917,2023-02-16,Tablet,Electronics,South,Karnataka,Consumer,2,20981.92,39865.66,0.05,6245.95
ORD15918,2023-05-03,Backpack,Accessories,East,Bihar,Small Business,5,1710.5,8552.49,0.0,1487.89
ORD15919,2024-04-26,Keyboard,Electronics,West,Rajasthan,Small Business,3,1741.49,4440.81,0.15,560.59
ORD15920,2023-07-05,Backpack,Accessories,West,Gujarat,Consumer,2,1770.63,3541.26,0.0,703.23
ORD15921,2025-04-27,Smartphone,Electronics,South,Tamil Nadu,Corporate,5,27801.79,139008.95,0.0,20778.67
ORD15922,2023-02-22,Headphones,Electronics,North,Punjab,Consumer,5,3603.4,14413.62,0.2,2013.59
ORD15923,2025-01-02,Backpack,Accessories,North,Haryana,Consumer,4,2061.59,7009.4,0.15,1291.3
ORD15924,2023-03-08,Monitor,Electronics,West,Rajasthan,Corporate,5,14185.56,70927.78,0.0,10001.94
ORD15925,2024-12-28,Monitor,Electronics,North,Punjab,Consumer,2,16419.35,32838.7,0.0,5152.3
ORD15926,2023-09-01,Backpack,Accessories,West,Gujarat,Consumer,5,1624.47,6497.86,0.2,1282.7
ORD15927,2023-04-22,Desk,Furniture,South,Telangana,Small Business,5,12670.04,50680.16,0.2,7837.73
ORD15928,2023-12-23,Monitor,Electronics,West,Maharashtra,Small Business,4,13800.47,46921.58,0.15,5189.58
ORD15929,2023-01-08,Keyboard,Electronics,North,Punjab,Small Business,1,1746.76,1572.08,0.1,197.94
ORD15930,2023-12-18,Printer,Office Supplies,North,Haryana,Corporate,3,14410.89,34586.13,0.2,6661.56
ORD15931,2023-11-17,Headphones,Electronics,North,Haryana,Consumer,5,2884.39,14421.93,0.0,2002.74
ORD15932,2025-03-25,Headphones,Electronics,South,Karnataka,Consumer,5,3768.24,18841.19,0.0,2519.83
ORD15933,2025-04-10,Laptop,Electronics,North,Haryana,Small Business,3,55912.77,167738.31,0.0,16411.2
ORD15934,2025-07-13,Keyboard,Electronics,South,Tamil Nadu,Consumer,4,1731.26,6578.81,0.05,873.61
ORD15935,2024-10-11,Laptop,Electronics,East,Odisha,Consumer,2,48847.92,78156.68,0.2,9641.95
ORD15936,2025-10-07,Keyboard,Electronics,East,Odisha,Small Business,3,1980.82,5645.35,0.05,917.47
ORD15937,2024-05-02,Office Chair,Furniture,East,Bihar,Consumer,1,8889.64,8889.64,0.0,1460.28
ORD15938,2024-12-14,Backpack,Accessories,West,Maharashtra,Consumer,5,1776.73,7995.27,0.1,1762.84
ORD15939,2023-05-31,Laptop,Electronics,West,Maharashtra,Consumer,1,49341.13,44407.02,0.1,5325.5
ORD15940,2025-04-01,Office Chair,Furniture,West,Maharashtra,Small Business,1,8410.23,7569.21,0.1,1250.95
ORD15941,2023-04-22,Monitor,Electronics,North,Punjab,Consumer,2,15628.18,31256.36,0.0,4237.04
ORD15942,2023-04-17,Headphones,Electronics,South,Tamil Nadu,Corporate,3,3558.5,10675.5,0.0,1712.11
ORD15943,2025-10-02,Tablet,Electronics,North,Punjab,Consumer,5,22828.72,114143.58,0.0,15832.16
ORD15944,2023-09-29,Notebook,Office Supplies,West,Gujarat,Consumer,5,348.17,1566.76,0.1,337.93
ORD15945,2025-10-02,Monitor,Electronics,South,Telangana,Small Business,2,13472.15,22902.66,0.15,2684.98
ORD15946,2025-04-21,Tablet,Electronics,West,Rajasthan,Consumer,1,22557.82,21429.93,0.05,3367.61
ORD15947,2024-09-18,Notebook,Office Supplies,North,Punjab,Consumer,5,317.41,1428.34,0.1,285.54
ORD15948,2024-05-01,Headphones,Electronics,South,Telangana,Small Business,1,3772.76,3395.49,0.1,482.36
ORD15949,2024-09-06,Smartphone,Electronics,East,Odisha,Consumer,5,26313.13,131565.65,0.0,17003.96
ORD15950,2024-05-20,Headphones,Electronics,East,Odisha,Corporate,5,3197.69,15988.43,0.0,2527.5
ORD15951,2025-06-27,Printer,Office Supplies,South,Tamil Nadu,Consumer,3,15139.6,45418.8,0.0,9456.33
ORD15952,2024-10-31,Backpack,Accessories,East,West Bengal,Consumer,2,1699.38,2888.95,0.15,530.52
ORD15953,2023-01-19,Office Chair,Furniture,North,Punjab,Consumer,3,7759.02,23277.05,0.0,3964.57
ORD15954,2024-08-11,Laptop,Electronics,South,Telangana,Consumer,3,49024.62,125012.79,0.15,19554.58
ORD15955,2024-10-01,Desk,Furniture,North,Punjab,Small Business,1,11575.0,11575.0,0.0,1926.86
ORD15956,2025-01-17,Mouse,Electronics,West,Rajasthan,Corporate,1,906.37,861.05,0.05,104.06
ORD15957,2024-09-28,Keyboard,Electronics,West,Gujarat,Corporate,2,1822.96,3463.63,0.05,413.8
ORD15958,2025-11-13,Smartphone,Electronics,West,Maharashtra,Consumer,3,29137.48,78671.2,0.1,11234.27
ORD15959,2024-08-04,Smartphone,Electronics,South,Tamil Nadu,Small Business,2,28959.21,49230.65,0.15,5521.94
ORD15960,2023-02-26,Keyboard,Electronics,South,Telangana,Consumer,1,1877.27,1783.4,0.05,294.64
ORD15961,2024-05-25,Backpack,Accessories,West,Gujarat,Small Business,4,1856.09,7424.35,0.0,1349.68
ORD15962,2025-03-17,Tablet,Electronics,East,West Bengal,Consumer,2,23178.07,46356.13,0.0,6216.2
ORD15963,2023-11-15,Headphones,Electronics,West,Gujarat,Consumer,3,3341.86,9524.3,0.05,1338.31
ORD15964,2024-06-07,Desk,Furniture,North,Punjab,Consumer,1,12493.55,11868.87,0.05,1857.02
ORD15965,2024-11-12,Tablet,Electronics,West,Maharashtra,Small Business,5,23986.46,107939.05,0.1,12661.04
ORD15966,2025-12-07,Mouse,Electronics,North,Haryana,Small Business,5,813.08,4065.4,0.0,595.5
ORD15967,2023-08-08,Office Chair,Furniture,South,Karnataka,Consumer,2,6954.57,13213.68,0.05,1960.97
ORD15968,2024-11-01,Desk,Furniture,South,Telangana,Corporate,1,12362.44,11126.2,0.1,1946.64
ORD15969,2023-01-20,Backpack,Accessories,East,Odisha,Small Business,1,2019.84,1918.85,0.05,395.76
ORD15970,2025-03-19,Tablet,Electronics,East,Odisha,Corporate,4,24259.4,97037.62,0.0,11891.62
ORD15971,2025-08-21,Laptop,Electronics,East,Bihar,Corporate,3,46531.66,125635.49,0.1,18520.21
ORD15972,2024-07-07,Headphones,Electronics,North,Punjab,Corporate,5,3772.57,18862.85,0.0,2736.87
ORD15973,2025-05-01,Printer,Office Supplies,North,Delhi,Corporate,4,12448.44,44814.39,0.1,8165.94
ORD15974,2024-01-29,Printer,Office Supplies,North,Delhi,Consumer,1,13510.03,12834.53,0.05,2785.0
ORD15975,2024-03-16,Backpack,Accessories,North,Haryana,Corporate,2,1596.98,2874.56,0.1,566.3
ORD15976,2024-01-26,Laptop,Electronics,North,Delhi,Consumer,5,51358.1,243950.97,0.05,36177.51
ORD15977,2023-02-08,Mouse,Electronics,East,Odisha,Small Business,1,853.43,725.42,0.15,90.04
ORD15978,2025-11-08,Laptop,Electronics,North,Delhi,Consumer,2,59293.47,106728.25,0.1,14839.63
ORD15979,2023-04-29,Tablet,Electronics,North,Punjab,Consumer,1,21688.8,20604.36,0.05,2783.5
ORD15980,2025-01-16,Backpack,Accessories,East,Bihar,Consumer,3,1623.84,4871.53,0.0,1074.17
ORD15981,2025-12-09,Tablet,Electronics,South,Tamil Nadu,Consumer,3,26758.25,80274.74,0.0,11727.45
ORD15982,2024-02-23,Headphones,Electronics,North,Punjab,Corporate,1,3400.65,3060.59,0.1,372.94
ORD15983,2024-04-16,Monitor,Electronics,East,Bihar,Corporate,4,13877.34,49958.43,0.1,6284.72
ORD15984,2025-06-26,Notebook,Office Supplies,South,Karnataka,Consumer,2,263.45,526.89,0.0,116.27
ORD15985,2025-02-18,Printer,Office Supplies,East,Bihar,Consumer,2,13601.61,24482.89,0.1,5439.72
ORD15986,2025-11-01,Backpack,Accessories,East,Odisha,Corporate,4,1927.61,6553.88,0.15,1352.01
ORD15987,2024-07-24,Mouse,Electronics,South,Tamil Nadu,Corporate,2,879.8,1759.59,0.0,202.23
ORD15988,2024-03-17,Desk,Furniture,West,Rajasthan,Consumer,4,11743.06,44623.63,0.05,7553.66
ORD15989,2024-05-17,Smartphone,Electronics,West,Gujarat,Corporate,2,28660.45,51588.81,0.1,6319.6
ORD15990,2024-10-14,Office Chair,Furniture,South,Tamil Nadu,Corporate,2,7326.9,13921.11,0.05,2195.44
ORD15991,2024-04-01,Office Chair,Furniture,South,Karnataka,Small Business,1,8140.46,7733.43,0.05,1223.89
ORD15992,2025-02-20,Smartphone,Electronics,East,Odisha,Small Business,3,30080.28,90240.84,0.0,10239.16
ORD15993,2024-08-04,Keyboard,Electronics,West,Maharashtra,Consumer,2,1700.99,3231.89,0.05,467.52
ORD15994,2023-09-19,Monitor,Electronics,West,Gujarat,Consumer,2,18258.62,29213.79,0.2,4500.0
ORD15995,2024-05-25,Office Chair,Furniture,West,Rajasthan,Corporate,3,9422.98,24028.6,0.15,3733.0
ORD15996,2023-05-05,Office Chair,Furniture,South,Telangana,Consumer,4,8774.64,33343.65,0.05,6657.47
ORD15997,2025-12-31,Office Chair,Furniture,South,Tamil Nadu,Small Business,2,9140.4,17366.76,0.05,2898.19
ORD15998,2025-08-27,Keyboard,Electronics,North,Punjab,Consumer,3,1787.71,5363.14,0.0,788.96
ORD15999,2025-02-07,Keyboard,Electronics,West,Gujarat,Consumer,2,1652.82,2644.51,0.2,237.12
ORD16000,2023-06-02,Backpack,Accessories,East,Bihar,Small Business,5,1831.1,9155.5,0.0,1836.04
